Device/Package xcvu095ffvc2104 11/17/2014 14:34:44,,,,,,
,,,,,,
Pin,Pin Name,Memory Byte Group,Bank,I/O Type,Super Logic Region,No-Connect
AE19,DXN,NA,NA,NA,NA,NA
AB20,VCCADC,NA,NA,NA,NA,NA
AB19,GNDADC,NA,NA,NA,NA,NA
AE20,DXP,NA,NA,NA,NA,NA
AD20,VREFP,NA,NA,NA,NA,NA
AC19,VREFN,NA,NA,NA,NA,NA
AC20,VP,NA,NA,NA,NA,NA
AD19,VN,NA,NA,NA,NA,NA
Y14,M0_0,NA,0,CONFIG,NA,NA
V14,M1_0,NA,0,CONFIG,NA,NA
P14,INIT_B_0,NA,0,CONFIG,NA,NA
T14,M2_0,NA,0,CONFIG,NA,NA
M14,CFGBVS_0,NA,0,CONFIG,NA,NA
K14,PUDC_B_0,NA,0,CONFIG,NA,NA
AB14,POR_OVERRIDE,NA,NA,NA,NA,NA
AC14,DONE_0,NA,0,CONFIG,NA,NA
AE14,PROGRAM_B_0,NA,0,CONFIG,NA,NA
AD15,TDO_0,NA,0,CONFIG,NA,NA
AF15,TDI_0,NA,0,CONFIG,NA,NA
AF14,RDWR_FCS_B_0,NA,0,CONFIG,NA,NA
AF16,D02_0,NA,0,CONFIG,NA,NA
AM14,D00_MOSI_0,NA,0,CONFIG,NA,NA
AH14,D03_0,NA,0,CONFIG,NA,NA
AK14,D01_DIN_0,NA,0,CONFIG,NA,NA
AB15,TMS_0,NA,0,CONFIG,NA,NA
AB16,CCLK_0,NA,0,CONFIG,NA,NA
AD16,TCK_0,NA,0,CONFIG,NA,NA
AN13,VBATT,NA,NA,NA,NA,NA
BE20,IO_L24P_T3U_N10_EMCCLK_65,3U,65,HP,NA,NA
BF20,IO_L24N_T3U_N11_DOUT_CSO_B_65,3U,65,HP,NA,NA
BD20,IO_T3U_N12_PERSTN0_65,3U,65,HP,NA,NA
BE16,IO_L23P_T3U_N8_I2C_SCLK_65,3U,65,HP,NA,NA
BF16,IO_L23N_T3U_N9_I2C_SDA_65,3U,65,HP,NA,NA
BE19,IO_L22P_T3U_N6_DBC_AD0P_D04_65,3U,65,HP,NA,NA
BF19,IO_L22N_T3U_N7_DBC_AD0N_D05_65,3U,65,HP,NA,NA
BD18,IO_L21P_T3L_N4_AD8P_D06_65,3L,65,HP,NA,NA
BE18,IO_L21N_T3L_N5_AD8N_D07_65,3L,65,HP,NA,NA
BE17,IO_L20P_T3L_N2_AD1P_D08_65,3L,65,HP,NA,NA
BF17,IO_L20N_T3L_N3_AD1N_D09_65,3L,65,HP,NA,NA
BD17,IO_L19P_T3L_N0_DBC_AD9P_D10_65,3L,65,HP,NA,NA
BD16,IO_L19N_T3L_N1_DBC_AD9N_D11_65,3L,65,HP,NA,NA
BC20,IO_L18P_T2U_N10_AD2P_D12_65,2U,65,HP,NA,NA
BC19,IO_L18N_T2U_N11_AD2N_D13_65,2U,65,HP,NA,NA
BA19,IO_L17P_T2U_N8_AD10P_D14_65,2U,65,HP,NA,NA
BB19,IO_L17N_T2U_N9_AD10N_D15_65,2U,65,HP,NA,NA
BA21,IO_L16P_T2U_N6_QBC_AD3P_A00_D16_65,2U,65,HP,NA,NA
BB21,IO_L16N_T2U_N7_QBC_AD3N_A01_D17_65,2U,65,HP,NA,NA
BB18,IO_L15P_T2L_N4_AD11P_A02_D18_65,2L,65,HP,NA,NA
BC18,IO_L15N_T2L_N5_AD11N_A03_D19_65,2L,65,HP,NA,NA
AY20,IO_L14P_T2L_N2_GC_A04_D20_65,2L,65,HP,NA,NA
BA20,IO_L14N_T2L_N3_GC_A05_D21_65,2L,65,HP,NA,NA
BC21,IO_T2U_N12_CSI_ADV_B_65,2U,65,HP,NA,NA
AY19,IO_L13P_T2L_N0_GC_QBC_A06_D22_65,2L,65,HP,NA,NA
AY18,IO_L13N_T2L_N1_GC_QBC_A07_D23_65,2L,65,HP,NA,NA
AV20,IO_L12P_T1U_N10_GC_A08_D24_65,1U,65,HP,NA,NA
AW20,IO_L12N_T1U_N11_GC_A09_D25_65,1U,65,HP,NA,NA
AV19,IO_T1U_N12_PERSTN1_65,1U,65,HP,NA,NA
AW18,IO_L11P_T1U_N8_GC_A10_D26_65,1U,65,HP,NA,NA
AW17,IO_L11N_T1U_N9_GC_A11_D27_65,1U,65,HP,NA,NA
AV21,IO_L10P_T1U_N6_QBC_AD4P_A12_D28_65,1U,65,HP,NA,NA
AW21,IO_L10N_T1U_N7_QBC_AD4N_A13_D29_65,1U,65,HP,NA,NA
AU18,IO_L9P_T1L_N4_AD12P_A14_D30_65,1L,65,HP,NA,NA
AV18,IO_L9N_T1L_N5_AD12N_A15_D31_65,1L,65,HP,NA,NA
AT21,IO_L8P_T1L_N2_AD5P_A16_65,1L,65,HP,NA,NA
AU21,IO_L8N_T1L_N3_AD5N_A17_65,1L,65,HP,NA,NA
AT19,IO_L7P_T1L_N0_QBC_AD13P_A18_65,1L,65,HP,NA,NA
AU19,IO_L7N_T1L_N1_QBC_AD13N_A19_65,1L,65,HP,NA,NA
AR20,IO_L6P_T0U_N10_AD6P_A20_65,0U,65,HP,NA,NA
AT20,IO_L6N_T0U_N11_AD6N_A21_65,0U,65,HP,NA,NA
AR19,IO_L5P_T0U_N8_AD14P_A22_65,0U,65,HP,NA,NA
AR18,IO_L5N_T0U_N9_AD14N_A23_65,0U,65,HP,NA,NA
AM21,IO_L4P_T0U_N6_DBC_AD7P_A24_65,0U,65,HP,NA,NA
AN21,IO_L4N_T0U_N7_DBC_AD7N_A25_65,0U,65,HP,NA,NA
AM19,IO_L3P_T0L_N4_AD15P_A26_65,0L,65,HP,NA,NA
AN19,IO_L3N_T0L_N5_AD15N_A27_65,0L,65,HP,NA,NA
AN20,IO_L2P_T0L_N2_FOE_B_65,0L,65,HP,NA,NA
AP20,IO_L2N_T0L_N3_FWE_FCS2_B_65,0L,65,HP,NA,NA
AP21,IO_T0U_N12_VRP_A28_65,0U,65,HP,NA,NA
AN18,IO_L1P_T0L_N0_DBC_RS0_65,0L,65,HP,NA,NA
AP18,IO_L1N_T0L_N1_DBC_RS1_65,0L,65,HP,NA,NA
AM18,VREF_65,NA,65,HP,NA,NA
BE24,IO_L24P_T3U_N10_66,3U,66,HP,NA,NA
BF24,IO_L24N_T3U_N11_66,3U,66,HP,NA,NA
BD21,IO_T3U_N12_66,3U,66,HP,NA,NA
BD23,IO_L23P_T3U_N8_66,3U,66,HP,NA,NA
BE23,IO_L23N_T3U_N9_66,3U,66,HP,NA,NA
BF21,IO_L22P_T3U_N6_DBC_AD0P_66,3U,66,HP,NA,NA
BF22,IO_L22N_T3U_N7_DBC_AD0N_66,3U,66,HP,NA,NA
BB24,IO_L21P_T3L_N4_AD8P_66,3L,66,HP,NA,NA
BC24,IO_L21N_T3L_N5_AD8N_66,3L,66,HP,NA,NA
BD22,IO_L20P_T3L_N2_AD1P_66,3L,66,HP,NA,NA
BE22,IO_L20N_T3L_N3_AD1N_66,3L,66,HP,NA,NA
BB23,IO_L19P_T3L_N0_DBC_AD9P_66,3L,66,HP,NA,NA
BC23,IO_L19N_T3L_N1_DBC_AD9N_66,3L,66,HP,NA,NA
AY25,IO_L18P_T2U_N10_AD2P_66,2U,66,HP,NA,NA
BA25,IO_L18N_T2U_N11_AD2N_66,2U,66,HP,NA,NA
BA22,IO_L17P_T2U_N8_AD10P_66,2U,66,HP,NA,NA
BB22,IO_L17N_T2U_N9_AD10N_66,2U,66,HP,NA,NA
AY24,IO_L16P_T2U_N6_QBC_AD3P_66,2U,66,HP,NA,NA
BA24,IO_L16N_T2U_N7_QBC_AD3N_66,2U,66,HP,NA,NA
AY22,IO_L15P_T2L_N4_AD11P_66,2L,66,HP,NA,NA
AY23,IO_L15N_T2L_N5_AD11N_66,2L,66,HP,NA,NA
AW22,IO_L14P_T2L_N2_GC_66,2L,66,HP,NA,NA
AW23,IO_L14N_T2L_N3_GC_66,2L,66,HP,NA,NA
AW25,IO_T2U_N12_66,2U,66,HP,NA,NA
AV23,IO_L13P_T2L_N0_GC_QBC_66,2L,66,HP,NA,NA
AV24,IO_L13N_T2L_N1_GC_QBC_66,2L,66,HP,NA,NA
AT24,IO_L12P_T1U_N10_GC_66,1U,66,HP,NA,NA
AT25,IO_L12N_T1U_N11_GC_66,1U,66,HP,NA,NA
AV25,IO_T1U_N12_66,1U,66,HP,NA,NA
AU23,IO_L11P_T1U_N8_GC_66,1U,66,HP,NA,NA
AU24,IO_L11N_T1U_N9_GC_66,1U,66,HP,NA,NA
AT26,IO_L10P_T1U_N6_QBC_AD4P_66,1U,66,HP,NA,NA
AU26,IO_L10N_T1U_N7_QBC_AD4N_66,1U,66,HP,NA,NA
AT22,IO_L9P_T1L_N4_AD12P_66,1L,66,HP,NA,NA
AU22,IO_L9N_T1L_N5_AD12N_66,1L,66,HP,NA,NA
AR24,IO_L8P_T1L_N2_AD5P_66,1L,66,HP,NA,NA
AR25,IO_L8N_T1L_N3_AD5N_66,1L,66,HP,NA,NA
AR22,IO_L7P_T1L_N0_QBC_AD13P_66,1L,66,HP,NA,NA
AR23,IO_L7N_T1L_N1_QBC_AD13N_66,1L,66,HP,NA,NA
AP26,IO_L6P_T0U_N10_AD6P_66,0U,66,HP,NA,NA
AP27,IO_L6N_T0U_N11_AD6N_66,0U,66,HP,NA,NA
AM24,IO_L5P_T0U_N8_AD14P_66,0U,66,HP,NA,NA
AN24,IO_L5N_T0U_N9_AD14N_66,0U,66,HP,NA,NA
AN25,IO_L4P_T0U_N6_DBC_AD7P_66,0U,66,HP,NA,NA
AP25,IO_L4N_T0U_N7_DBC_AD7N_66,0U,66,HP,NA,NA
AP22,IO_L3P_T0L_N4_AD15P_66,0L,66,HP,NA,NA
AP23,IO_L3N_T0L_N5_AD15N_66,0L,66,HP,NA,NA
AM26,IO_L2P_T0L_N2_66,0L,66,HP,NA,NA
AN26,IO_L2N_T0L_N3_66,0L,66,HP,NA,NA
AM27,IO_T0U_N12_VRP_66,0U,66,HP,NA,NA
AM23,IO_L1P_T0L_N0_DBC_66,0L,66,HP,NA,NA
AN23,IO_L1N_T0L_N1_DBC_66,0L,66,HP,NA,NA
AM22,VREF_66,NA,66,HP,NA,NA
BC28,IO_L24P_T3U_N10_67,3U,67,HP,NA,NA
BD28,IO_L24N_T3U_N11_67,3U,67,HP,NA,NA
BD27,IO_T3U_N12_67,3U,67,HP,NA,NA
BE25,IO_L23P_T3U_N8_67,3U,67,HP,NA,NA
BF25,IO_L23N_T3U_N9_67,3U,67,HP,NA,NA
BE27,IO_L22P_T3U_N6_DBC_AD0P_67,3U,67,HP,NA,NA
BE28,IO_L22N_T3U_N7_DBC_AD0N_67,3U,67,HP,NA,NA
BC26,IO_L21P_T3L_N4_AD8P_67,3L,67,HP,NA,NA
BD26,IO_L21N_T3L_N5_AD8N_67,3L,67,HP,NA,NA
BF26,IO_L20P_T3L_N2_AD1P_67,3L,67,HP,NA,NA
BF27,IO_L20N_T3L_N3_AD1N_67,3L,67,HP,NA,NA
BC25,IO_L19P_T3L_N0_DBC_AD9P_67,3L,67,HP,NA,NA
BD25,IO_L19N_T3L_N1_DBC_AD9N_67,3L,67,HP,NA,NA
BA29,IO_L18P_T2U_N10_AD2P_67,2U,67,HP,NA,NA
BB29,IO_L18N_T2U_N11_AD2N_67,2U,67,HP,NA,NA
BA26,IO_L17P_T2U_N8_AD10P_67,2U,67,HP,NA,NA
BB26,IO_L17N_T2U_N9_AD10N_67,2U,67,HP,NA,NA
BA27,IO_L16P_T2U_N6_QBC_AD3P_67,2U,67,HP,NA,NA
BB27,IO_L16N_T2U_N7_QBC_AD3N_67,2U,67,HP,NA,NA
AY29,IO_L15P_T2L_N4_AD11P_67,2L,67,HP,NA,NA
AY30,IO_L15N_T2L_N5_AD11N_67,2L,67,HP,NA,NA
AW27,IO_L14P_T2L_N2_GC_67,2L,67,HP,NA,NA
AW28,IO_L14N_T2L_N3_GC_67,2L,67,HP,NA,NA
BB28,IO_T2U_N12_67,2U,67,HP,NA,NA
AY27,IO_L13P_T2L_N0_GC_QBC_67,2L,67,HP,NA,NA
AY28,IO_L13N_T2L_N1_GC_QBC_67,2L,67,HP,NA,NA
AV29,IO_L12P_T1U_N10_GC_67,1U,67,HP,NA,NA
AV30,IO_L12N_T1U_N11_GC_67,1U,67,HP,NA,NA
AW30,IO_T1U_N12_67,1U,67,HP,NA,NA
AU28,IO_L11P_T1U_N8_GC_67,1U,67,HP,NA,NA
AV28,IO_L11N_T1U_N9_GC_67,1U,67,HP,NA,NA
AT30,IO_L10P_T1U_N6_QBC_AD4P_67,1U,67,HP,NA,NA
AT31,IO_L10N_T1U_N7_QBC_AD4N_67,1U,67,HP,NA,NA
AT29,IO_L9P_T1L_N4_AD12P_67,1L,67,HP,NA,NA
AU29,IO_L9N_T1L_N5_AD12N_67,1L,67,HP,NA,NA
AT27,IO_L8P_T1L_N2_AD5P_67,1L,67,HP,NA,NA
AU27,IO_L8N_T1L_N3_AD5N_67,1L,67,HP,NA,NA
AV26,IO_L7P_T1L_N0_QBC_AD13P_67,1L,67,HP,NA,NA
AW26,IO_L7N_T1L_N1_QBC_AD13N_67,1L,67,HP,NA,NA
AN30,IO_L6P_T0U_N10_AD6P_67,0U,67,HP,NA,NA
AP30,IO_L6N_T0U_N11_AD6N_67,0U,67,HP,NA,NA
AR27,IO_L5P_T0U_N8_AD14P_67,0U,67,HP,NA,NA
AR28,IO_L5N_T0U_N9_AD14N_67,0U,67,HP,NA,NA
AR29,IO_L4P_T0U_N6_DBC_AD7P_67,0U,67,HP,NA,NA
AR30,IO_L4N_T0U_N7_DBC_AD7N_67,0U,67,HP,NA,NA
AM29,IO_L3P_T0L_N4_AD15P_67,0L,67,HP,NA,NA
AN29,IO_L3N_T0L_N5_AD15N_67,0L,67,HP,NA,NA
AM31,IO_L2P_T0L_N2_67,0L,67,HP,NA,NA
AN31,IO_L2N_T0L_N3_67,0L,67,HP,NA,NA
AP31,IO_T0U_N12_VRP_67,0U,67,HP,NA,NA
AN28,IO_L1P_T0L_N0_DBC_67,0L,67,HP,NA,NA
AP28,IO_L1N_T0L_N1_DBC_67,0L,67,HP,NA,NA
AM28,VREF_67,NA,67,HP,NA,NA
BF30,IO_L24P_T3U_N10_68,3U,68,HP,NA,NA
BF31,IO_L24N_T3U_N11_68,3U,68,HP,NA,NA
BA30,IO_T3U_N12_68,3U,68,HP,NA,NA
BC31,IO_L23P_T3U_N8_68,3U,68,HP,NA,NA
BD31,IO_L23N_T3U_N9_68,3U,68,HP,NA,NA
BE29,IO_L22P_T3U_N6_DBC_AD0P_68,3U,68,HP,NA,NA
BF29,IO_L22N_T3U_N7_DBC_AD0N_68,3U,68,HP,NA,NA
BA31,IO_L21P_T3L_N4_AD8P_68,3L,68,HP,NA,NA
BB31,IO_L21N_T3L_N5_AD8N_68,3L,68,HP,NA,NA
BD30,IO_L20P_T3L_N2_AD1P_68,3L,68,HP,NA,NA
BE30,IO_L20N_T3L_N3_AD1N_68,3L,68,HP,NA,NA
BC29,IO_L19P_T3L_N0_DBC_AD9P_68,3L,68,HP,NA,NA
BC30,IO_L19N_T3L_N1_DBC_AD9N_68,3L,68,HP,NA,NA
BA36,IO_L18P_T2U_N10_AD2P_68,2U,68,HP,NA,NA
BB36,IO_L18N_T2U_N11_AD2N_68,2U,68,HP,NA,NA
BB32,IO_L17P_T2U_N8_AD10P_68,2U,68,HP,NA,NA
BB33,IO_L17N_T2U_N9_AD10N_68,2U,68,HP,NA,NA
BA34,IO_L16P_T2U_N6_QBC_AD3P_68,2U,68,HP,NA,NA
BB34,IO_L16N_T2U_N7_QBC_AD3N_68,2U,68,HP,NA,NA
AY32,IO_L15P_T2L_N4_AD11P_68,2L,68,HP,NA,NA
BA32,IO_L15N_T2L_N5_AD11N_68,2L,68,HP,NA,NA
AW33,IO_L14P_T2L_N2_GC_68,2L,68,HP,NA,NA
AY33,IO_L14N_T2L_N3_GC_68,2L,68,HP,NA,NA
BA35,IO_T2U_N12_68,2U,68,HP,NA,NA
AY34,IO_L13P_T2L_N0_GC_QBC_68,2L,68,HP,NA,NA
AY35,IO_L13N_T2L_N1_GC_QBC_68,2L,68,HP,NA,NA
AU33,IO_L12P_T1U_N10_GC_68,1U,68,HP,NA,NA
AU34,IO_L12N_T1U_N11_GC_68,1U,68,HP,NA,NA
AW32,IO_T1U_N12_68,1U,68,HP,NA,NA
AV33,IO_L11P_T1U_N8_GC_68,1U,68,HP,NA,NA
AV34,IO_L11N_T1U_N9_GC_68,1U,68,HP,NA,NA
AV36,IO_L10P_T1U_N6_QBC_AD4P_68,1U,68,HP,NA,NA
AW36,IO_L10N_T1U_N7_QBC_AD4N_68,1U,68,HP,NA,NA
AV35,IO_L9P_T1L_N4_AD12P_68,1L,68,HP,NA,NA
AW35,IO_L9N_T1L_N5_AD12N_68,1L,68,HP,NA,NA
AU31,IO_L8P_T1L_N2_AD5P_68,1L,68,HP,NA,NA
AU32,IO_L8N_T1L_N3_AD5N_68,1L,68,HP,NA,NA
AV31,IO_L7P_T1L_N0_QBC_AD13P_68,1L,68,HP,NA,NA
AW31,IO_L7N_T1L_N1_QBC_AD13N_68,1L,68,HP,NA,NA
AR36,IO_L6P_T0U_N10_AD6P_68,0U,68,HP,NA,NA
AT36,IO_L6N_T0U_N11_AD6N_68,0U,68,HP,NA,NA
AP33,IO_L5P_T0U_N8_AD14P_68,0U,68,HP,NA,NA
AR33,IO_L5N_T0U_N9_AD14N_68,0U,68,HP,NA,NA
AR35,IO_L4P_T0U_N6_DBC_AD7P_68,0U,68,HP,NA,NA
AT35,IO_L4N_T0U_N7_DBC_AD7N_68,0U,68,HP,NA,NA
AR32,IO_L3P_T0L_N4_AD15P_68,0L,68,HP,NA,NA
AT32,IO_L3N_T0L_N5_AD15N_68,0L,68,HP,NA,NA
AR34,IO_L2P_T0L_N2_68,0L,68,HP,NA,NA
AT34,IO_L2N_T0L_N3_68,0L,68,HP,NA,NA
AU36,IO_T0U_N12_VRP_68,0U,68,HP,NA,NA
AN32,IO_L1P_T0L_N0_DBC_68,0L,68,HP,NA,NA
AP32,IO_L1N_T0L_N1_DBC_68,0L,68,HP,NA,NA
AM32,VREF_68,NA,68,HP,NA,NA
B26,IO_L24P_T3U_N10_69,3U,69,HP,NA,NA
A26,IO_L24N_T3U_N11_69,3U,69,HP,NA,NA
E26,IO_T3U_N12_69,3U,69,HP,NA,NA
D29,IO_L23P_T3U_N8_69,3U,69,HP,NA,NA
C29,IO_L23N_T3U_N9_69,3U,69,HP,NA,NA
B27,IO_L22P_T3U_N6_DBC_AD0P_69,3U,69,HP,NA,NA
B28,IO_L22N_T3U_N7_DBC_AD0N_69,3U,69,HP,NA,NA
C27,IO_L21P_T3L_N4_AD8P_69,3L,69,HP,NA,NA
C28,IO_L21N_T3L_N5_AD8N_69,3L,69,HP,NA,NA
A28,IO_L20P_T3L_N2_AD1P_69,3L,69,HP,NA,NA
A29,IO_L20N_T3L_N3_AD1N_69,3L,69,HP,NA,NA
D26,IO_L19P_T3L_N0_DBC_AD9P_69,3L,69,HP,NA,NA
D27,IO_L19N_T3L_N1_DBC_AD9N_69,3L,69,HP,NA,NA
E27,IO_L18P_T2U_N10_AD2P_69,2U,69,HP,NA,NA
E28,IO_L18N_T2U_N11_AD2N_69,2U,69,HP,NA,NA
F29,IO_L17P_T2U_N8_AD10P_69,2U,69,HP,NA,NA
E29,IO_L17N_T2U_N9_AD10N_69,2U,69,HP,NA,NA
G26,IO_L16P_T2U_N6_QBC_AD3P_69,2U,69,HP,NA,NA
F26,IO_L16N_T2U_N7_QBC_AD3N_69,2U,69,HP,NA,NA
G28,IO_L15P_T2L_N4_AD11P_69,2L,69,HP,NA,NA
F28,IO_L15N_T2L_N5_AD11N_69,2L,69,HP,NA,NA
J27,IO_L14P_T2L_N2_GC_69,2L,69,HP,NA,NA
H27,IO_L14N_T2L_N3_GC_69,2L,69,HP,NA,NA
G27,IO_T2U_N12_69,2U,69,HP,NA,NA
H28,IO_L13P_T2L_N0_GC_QBC_69,2L,69,HP,NA,NA
H29,IO_L13N_T2L_N1_GC_QBC_69,2L,69,HP,NA,NA
K29,IO_L12P_T1U_N10_GC_69,1U,69,HP,NA,NA
J29,IO_L12N_T1U_N11_GC_69,1U,69,HP,NA,NA
L26,IO_T1U_N12_69,1U,69,HP,NA,NA
K27,IO_L11P_T1U_N8_GC_69,1U,69,HP,NA,NA
K28,IO_L11N_T1U_N9_GC_69,1U,69,HP,NA,NA
K26,IO_L10P_T1U_N6_QBC_AD4P_69,1U,69,HP,NA,NA
J26,IO_L10N_T1U_N7_QBC_AD4N_69,1U,69,HP,NA,NA
L28,IO_L9P_T1L_N4_AD12P_69,1L,69,HP,NA,NA
L29,IO_L9N_T1L_N5_AD12N_69,1L,69,HP,NA,NA
N27,IO_L8P_T1L_N2_AD5P_69,1L,69,HP,NA,NA
M27,IO_L8N_T1L_N3_AD5N_69,1L,69,HP,NA,NA
N28,IO_L7P_T1L_N0_QBC_AD13P_69,1L,69,HP,NA,NA
M28,IO_L7N_T1L_N1_QBC_AD13N_69,1L,69,HP,NA,NA
M30,IO_L6P_T0U_N10_AD6P_69,0U,69,HP,NA,NA
L30,IO_L6N_T0U_N11_AD6N_69,0U,69,HP,NA,NA
K31,IO_L5P_T0U_N8_AD14P_69,0U,69,HP,NA,NA
J31,IO_L5N_T0U_N9_AD14N_69,0U,69,HP,NA,NA
N29,IO_L4P_T0U_N6_DBC_AD7P_69,0U,69,HP,NA,NA
N30,IO_L4N_T0U_N7_DBC_AD7N_69,0U,69,HP,NA,NA
K32,IO_L3P_T0L_N4_AD15P_69,0L,69,HP,NA,NA
J32,IO_L3N_T0L_N5_AD15N_69,0L,69,HP,NA,NA
N32,IO_L2P_T0L_N2_69,0L,69,HP,NA,NA
M32,IO_L2N_T0L_N3_69,0L,69,HP,NA,NA
J30,IO_T0U_N12_VRP_69,0U,69,HP,NA,NA
M31,IO_L1P_T0L_N0_DBC_69,0L,69,HP,NA,NA
L31,IO_L1N_T0L_N1_DBC_69,0L,69,HP,NA,NA
P27,VREF_69,NA,69,HP,NA,NA
C22,IO_L24P_T3U_N10_70,3U,70,HP,NA,NA
B22,IO_L24N_T3U_N11_70,3U,70,HP,NA,NA
D22,IO_T3U_N12_70,3U,70,HP,NA,NA
B25,IO_L23P_T3U_N8_70,3U,70,HP,NA,NA
A25,IO_L23N_T3U_N9_70,3U,70,HP,NA,NA
C23,IO_L22P_T3U_N6_DBC_AD0P_70,3U,70,HP,NA,NA
B23,IO_L22N_T3U_N7_DBC_AD0N_70,3U,70,HP,NA,NA
D25,IO_L21P_T3L_N4_AD8P_70,3L,70,HP,NA,NA
C25,IO_L21N_T3L_N5_AD8N_70,3L,70,HP,NA,NA
A24,IO_L20P_T3L_N2_AD1P_70,3L,70,HP,NA,NA
A23,IO_L20N_T3L_N3_AD1N_70,3L,70,HP,NA,NA
D24,IO_L19P_T3L_N0_DBC_AD9P_70,3L,70,HP,NA,NA
C24,IO_L19N_T3L_N1_DBC_AD9N_70,3L,70,HP,NA,NA
G21,IO_L18P_T2U_N10_AD2P_70,2U,70,HP,NA,NA
F21,IO_L18N_T2U_N11_AD2N_70,2U,70,HP,NA,NA
F24,IO_L17P_T2U_N8_AD10P_70,2U,70,HP,NA,NA
E24,IO_L17N_T2U_N9_AD10N_70,2U,70,HP,NA,NA
F23,IO_L16P_T2U_N6_QBC_AD3P_70,2U,70,HP,NA,NA
E23,IO_L16N_T2U_N7_QBC_AD3N_70,2U,70,HP,NA,NA
G25,IO_L15P_T2L_N4_AD11P_70,2L,70,HP,NA,NA
F25,IO_L15N_T2L_N5_AD11N_70,2L,70,HP,NA,NA
H23,IO_L14P_T2L_N2_GC_70,2L,70,HP,NA,NA
G23,IO_L14N_T2L_N3_GC_70,2L,70,HP,NA,NA
E22,IO_T2U_N12_70,2U,70,HP,NA,NA
H22,IO_L13P_T2L_N0_GC_QBC_70,2L,70,HP,NA,NA
G22,IO_L13N_T2L_N1_GC_QBC_70,2L,70,HP,NA,NA
J24,IO_L12P_T1U_N10_GC_70,1U,70,HP,NA,NA
H24,IO_L12N_T1U_N11_GC_70,1U,70,HP,NA,NA
L25,IO_T1U_N12_70,1U,70,HP,NA,NA
K22,IO_L11P_T1U_N8_GC_70,1U,70,HP,NA,NA
J22,IO_L11N_T1U_N9_GC_70,1U,70,HP,NA,NA
K21,IO_L10P_T1U_N6_QBC_AD4P_70,1U,70,HP,NA,NA
J21,IO_L10N_T1U_N7_QBC_AD4N_70,1U,70,HP,NA,NA
J25,IO_L9P_T1L_N4_AD12P_70,1L,70,HP,NA,NA
H25,IO_L9N_T1L_N5_AD12N_70,1L,70,HP,NA,NA
L23,IO_L8P_T1L_N2_AD5P_70,1L,70,HP,NA,NA
K23,IO_L8N_T1L_N3_AD5N_70,1L,70,HP,NA,NA
L24,IO_L7P_T1L_N0_QBC_AD13P_70,1L,70,HP,NA,NA
K24,IO_L7N_T1L_N1_QBC_AD13N_70,1L,70,HP,NA,NA
M21,IO_L6P_T0U_N10_AD6P_70,0U,70,HP,NA,NA
L21,IO_L6N_T0U_N11_AD6N_70,0U,70,HP,NA,NA
P25,IO_L5P_T0U_N8_AD14P_70,0U,70,HP,NA,NA
N25,IO_L5N_T0U_N9_AD14N_70,0U,70,HP,NA,NA
N22,IO_L4P_T0U_N6_DBC_AD7P_70,0U,70,HP,NA,NA
M22,IO_L4N_T0U_N7_DBC_AD7N_70,0U,70,HP,NA,NA
M26,IO_L3P_T0L_N4_AD15P_70,0L,70,HP,NA,NA
M25,IO_L3N_T0L_N5_AD15N_70,0L,70,HP,NA,NA
P24,IO_L2P_T0L_N2_70,0L,70,HP,NA,NA
N24,IO_L2N_T0L_N3_70,0L,70,HP,NA,NA
P22,IO_T0U_N12_VRP_70,0U,70,HP,NA,NA
N23,IO_L1P_T0L_N0_DBC_70,0L,70,HP,NA,NA
M23,IO_L1N_T0L_N1_DBC_70,0L,70,HP,NA,NA
P21,VREF_70,NA,70,HP,NA,NA
B18,IO_L24P_T3U_N10_71,3U,71,HP,NA,NA
A18,IO_L24N_T3U_N11_71,3U,71,HP,NA,NA
D21,IO_T3U_N12_71,3U,71,HP,NA,NA
A20,IO_L23P_T3U_N8_71,3U,71,HP,NA,NA
A19,IO_L23N_T3U_N9_71,3U,71,HP,NA,NA
C19,IO_L22P_T3U_N6_DBC_AD0P_71,3U,71,HP,NA,NA
C18,IO_L22N_T3U_N7_DBC_AD0N_71,3U,71,HP,NA,NA
B21,IO_L21P_T3L_N4_AD8P_71,3L,71,HP,NA,NA
A21,IO_L21N_T3L_N5_AD8N_71,3L,71,HP,NA,NA
D20,IO_L20P_T3L_N2_AD1P_71,3L,71,HP,NA,NA
D19,IO_L20N_T3L_N3_AD1N_71,3L,71,HP,NA,NA
C20,IO_L19P_T3L_N0_DBC_AD9P_71,3L,71,HP,NA,NA
B20,IO_L19N_T3L_N1_DBC_AD9N_71,3L,71,HP,NA,NA
E19,IO_L18P_T2U_N10_AD2P_71,2U,71,HP,NA,NA
E18,IO_L18N_T2U_N11_AD2N_71,2U,71,HP,NA,NA
G20,IO_L17P_T2U_N8_AD10P_71,2U,71,HP,NA,NA
F20,IO_L17N_T2U_N9_AD10N_71,2U,71,HP,NA,NA
H18,IO_L16P_T2U_N6_QBC_AD3P_71,2U,71,HP,NA,NA
G18,IO_L16N_T2U_N7_QBC_AD3N_71,2U,71,HP,NA,NA
F19,IO_L15P_T2L_N4_AD11P_71,2L,71,HP,NA,NA
F18,IO_L15N_T2L_N5_AD11N_71,2L,71,HP,NA,NA
H20,IO_L14P_T2L_N2_GC_71,2L,71,HP,NA,NA
H19,IO_L14N_T2L_N3_GC_71,2L,71,HP,NA,NA
E21,IO_T2U_N12_71,2U,71,HP,NA,NA
J20,IO_L13P_T2L_N0_GC_QBC_71,2L,71,HP,NA,NA
J19,IO_L13N_T2L_N1_GC_QBC_71,2L,71,HP,NA,NA
K19,IO_L12P_T1U_N10_GC_71,1U,71,HP,NA,NA
K18,IO_L12N_T1U_N11_GC_71,1U,71,HP,NA,NA
J15,IO_T1U_N12_71,1U,71,HP,NA,NA
L19,IO_L11P_T1U_N8_GC_71,1U,71,HP,NA,NA
L18,IO_L11N_T1U_N9_GC_71,1U,71,HP,NA,NA
K16,IO_L10P_T1U_N6_QBC_AD4P_71,1U,71,HP,NA,NA
J16,IO_L10N_T1U_N7_QBC_AD4N_71,1U,71,HP,NA,NA
M20,IO_L9P_T1L_N4_AD12P_71,1L,71,HP,NA,NA
L20,IO_L9N_T1L_N5_AD12N_71,1L,71,HP,NA,NA
L16,IO_L8P_T1L_N2_AD5P_71,1L,71,HP,NA,NA
L15,IO_L8N_T1L_N3_AD5N_71,1L,71,HP,NA,NA
K17,IO_L7P_T1L_N0_QBC_AD13P_71,1L,71,HP,NA,NA
J17,IO_L7N_T1L_N1_QBC_AD13N_71,1L,71,HP,NA,NA
P17,IO_L6P_T0U_N10_AD6P_71,0U,71,HP,NA,NA
P16,IO_L6N_T0U_N11_AD6N_71,0U,71,HP,NA,NA
P20,IO_L5P_T0U_N8_AD14P_71,0U,71,HP,NA,NA
N20,IO_L5N_T0U_N9_AD14N_71,0U,71,HP,NA,NA
M16,IO_L4P_T0U_N6_DBC_AD7P_71,0U,71,HP,NA,NA
M15,IO_L4N_T0U_N7_DBC_AD7N_71,0U,71,HP,NA,NA
P19,IO_L3P_T0L_N4_AD15P_71,0L,71,HP,NA,NA
N19,IO_L3N_T0L_N5_AD15N_71,0L,71,HP,NA,NA
N17,IO_L2P_T0L_N2_71,0L,71,HP,NA,NA
M17,IO_L2N_T0L_N3_71,0L,71,HP,NA,NA
N15,IO_T0U_N12_VRP_71,0U,71,HP,NA,NA
N18,IO_L1P_T0L_N0_DBC_71,0L,71,HP,NA,NA
M18,IO_L1N_T0L_N1_DBC_71,0L,71,HP,NA,NA
P15,VREF_71,NA,71,HP,NA,NA
AP17,IO_L24P_T3U_N10_84,3U,84,HR,NA,NA
AR17,IO_L24N_T3U_N11_84,3U,84,HR,NA,NA
AM16,IO_T3U_N12_84,3U,84,HR,NA,NA
AN15,IO_L23P_T3U_N8_84,3U,84,HR,NA,NA
AP15,IO_L23N_T3U_N9_84,3U,84,HR,NA,NA
AV16,IO_L22P_T3U_N6_DBC_AD0P_84,3U,84,HR,NA,NA
AV15,IO_L22N_T3U_N7_DBC_AD0N_84,3U,84,HR,NA,NA
AN16,IO_L21P_T3L_N4_AD8P_84,3L,84,HR,NA,NA
AP16,IO_L21N_T3L_N5_AD8N_84,3L,84,HR,NA,NA
AT17,IO_L20P_T3L_N2_AD1P_84,3L,84,HR,NA,NA
AU17,IO_L20N_T3L_N3_AD1N_84,3L,84,HR,NA,NA
AT16,IO_L19P_T3L_N0_DBC_AD9P_84,3L,84,HR,NA,NA
AU16,IO_L19N_T3L_N1_DBC_AD9N_84,3L,84,HR,NA,NA
AP13,IO_L18P_T2U_N10_AD2P_84,2U,84,HR,NA,NA
AR13,IO_L18N_T2U_N11_AD2N_84,2U,84,HR,NA,NA
AU12,IO_L17P_T2U_N8_AD10P_84,2U,84,HR,NA,NA
AU11,IO_L17N_T2U_N9_AD10N_84,2U,84,HR,NA,NA
AR15,IO_L16P_T2U_N6_QBC_AD3P_84,2U,84,HR,NA,NA
AR14,IO_L16N_T2U_N7_QBC_AD3N_84,2U,84,HR,NA,NA
AR12,IO_L15P_T2L_N4_AD11P_84,2L,84,HR,NA,NA
AT12,IO_L15N_T2L_N5_AD11N_84,2L,84,HR,NA,NA
AT15,IO_L14P_T2L_N2_GC_84,2L,84,HR,NA,NA
AT14,IO_L14N_T2L_N3_GC_84,2L,84,HR,NA,NA
AT11,IO_T2U_N12_84,2U,84,HR,NA,NA
AU14,IO_L13P_T2L_N0_GC_QBC_84,2L,84,HR,NA,NA
AU13,IO_L13N_T2L_N1_GC_QBC_84,2L,84,HR,NA,NA
AM17,VREF_84,NA,84,HR,NA,NA
AW13,IO_L12P_T1U_N10_GC_94,1U,94,HR,NA,NA
AW12,IO_L12N_T1U_N11_GC_94,1U,94,HR,NA,NA
AY13,IO_T1U_N12_94,1U,94,HR,NA,NA
AV14,IO_L11P_T1U_N8_GC_94,1U,94,HR,NA,NA
AV13,IO_L11N_T1U_N9_GC_94,1U,94,HR,NA,NA
BA11,IO_L10P_T1U_N6_QBC_AD4P_94,1U,94,HR,NA,NA
BB11,IO_L10N_T1U_N7_QBC_AD4N_94,1U,94,HR,NA,NA
AY12,IO_L9P_T1L_N4_AD12P_94,1L,94,HR,NA,NA
BA12,IO_L9N_T1L_N5_AD12N_94,1L,94,HR,NA,NA
BB13,IO_L8P_T1L_N2_AD5P_94,1L,94,HR,NA,NA
BB12,IO_L8N_T1L_N3_AD5N_94,1L,94,HR,NA,NA
AV11,IO_L7P_T1L_N0_QBC_AD13P_94,1L,94,HR,NA,NA
AW11,IO_L7N_T1L_N1_QBC_AD13N_94,1L,94,HR,NA,NA
AY17,IO_L6P_T0U_N10_AD6P_94,0U,94,HR,NA,NA
BA17,IO_L6N_T0U_N11_AD6N_94,0U,94,HR,NA,NA
BA14,IO_L5P_T0U_N8_AD14P_94,0U,94,HR,NA,NA
BB14,IO_L5N_T0U_N9_AD14N_94,0U,94,HR,NA,NA
BB17,IO_L4P_T0U_N6_DBC_AD7P_94,0U,94,HR,NA,NA
BB16,IO_L4N_T0U_N7_DBC_AD7N_94,0U,94,HR,NA,NA
BA16,IO_L3P_T0L_N4_AD15P_94,0L,94,HR,NA,NA
BB15,IO_L3N_T0L_N5_AD15N_94,0L,94,HR,NA,NA
AW15,IO_L2P_T0L_N2_94,0L,94,HR,NA,NA
AY14,IO_L2N_T0L_N3_94,0L,94,HR,NA,NA
BC16,IO_T0U_N12_94,0U,94,HR,NA,NA
AY15,IO_L1P_T0L_N0_DBC_94,0L,94,HR,NA,NA
BA15,IO_L1N_T0L_N1_DBC_94,0L,94,HR,NA,NA
AW16,VREF_94,NA,94,HR,NA,NA
AM39,MGTYTXN3_124,NA,124,GTY,NA,NA
AM38,MGTYTXP3_124,NA,124,GTY,NA,NA
AM43,MGTYRXP3_124,NA,124,GTY,NA,NA
AM44,MGTYRXN3_124,NA,124,GTY,NA,NA
AF35,MGTREFCLK1N_124,NA,124,GTY,NA,NA
AF34,MGTREFCLK1P_124,NA,124,GTY,NA,NA
AN41,MGTYTXN2_124,NA,124,GTY,NA,NA
AN40,MGTYTXP2_124,NA,124,GTY,NA,NA
AN45,MGTYRXP2_124,NA,124,GTY,NA,NA
AN46,MGTYRXN2_124,NA,124,GTY,NA,NA
AP39,MGTYTXN1_124,NA,124,GTY,NA,NA
AP38,MGTYTXP1_124,NA,124,GTY,NA,NA
AP43,MGTYRXP1_124,NA,124,GTY,NA,NA
AP44,MGTYRXN1_124,NA,124,GTY,NA,NA
AG37,MGTREFCLK0N_124,NA,124,GTY,NA,NA
AG36,MGTREFCLK0P_124,NA,124,GTY,NA,NA
AR41,MGTYTXN0_124,NA,124,GTY,NA,NA
AR40,MGTYTXP0_124,NA,124,GTY,NA,NA
AR45,MGTYRXP0_124,NA,124,GTY,NA,NA
AR46,MGTYRXN0_124,NA,124,GTY,NA,NA
AH39,MGTYTXN3_125,NA,125,GTY,NA,NA
AH38,MGTYTXP3_125,NA,125,GTY,NA,NA
AH43,MGTYRXP3_125,NA,125,GTY,NA,NA
AH44,MGTYRXN3_125,NA,125,GTY,NA,NA
AD35,MGTREFCLK1N_125,NA,125,GTY,NA,NA
AD34,MGTREFCLK1P_125,NA,125,GTY,NA,NA
AJ41,MGTYTXN2_125,NA,125,GTY,NA,NA
AJ40,MGTYTXP2_125,NA,125,GTY,NA,NA
AJ45,MGTYRXP2_125,NA,125,GTY,NA,NA
AJ46,MGTYRXN2_125,NA,125,GTY,NA,NA
AK39,MGTYTXN1_125,NA,125,GTY,NA,NA
AK38,MGTYTXP1_125,NA,125,GTY,NA,NA
AK43,MGTYRXP1_125,NA,125,GTY,NA,NA
AK44,MGTYRXN1_125,NA,125,GTY,NA,NA
AE37,MGTREFCLK0N_125,NA,125,GTY,NA,NA
AE36,MGTREFCLK0P_125,NA,125,GTY,NA,NA
AL41,MGTYTXN0_125,NA,125,GTY,NA,NA
AL40,MGTYTXP0_125,NA,125,GTY,NA,NA
AL45,MGTYRXP0_125,NA,125,GTY,NA,NA
AL46,MGTYRXN0_125,NA,125,GTY,NA,NA
AD39,MGTYTXN3_126,NA,126,GTY,NA,NA
AD38,MGTYTXP3_126,NA,126,GTY,NA,NA
AD43,MGTYRXP3_126,NA,126,GTY,NA,NA
AD44,MGTYRXN3_126,NA,126,GTY,NA,NA
AB35,MGTREFCLK1N_126,NA,126,GTY,NA,NA
AB34,MGTREFCLK1P_126,NA,126,GTY,NA,NA
AE41,MGTYTXN2_126,NA,126,GTY,NA,NA
AE40,MGTYTXP2_126,NA,126,GTY,NA,NA
AE45,MGTYRXP2_126,NA,126,GTY,NA,NA
AE46,MGTYRXN2_126,NA,126,GTY,NA,NA
AF39,MGTYTXN1_126,NA,126,GTY,NA,NA
AF38,MGTYTXP1_126,NA,126,GTY,NA,NA
AF43,MGTYRXP1_126,NA,126,GTY,NA,NA
AF44,MGTYRXN1_126,NA,126,GTY,NA,NA
AC37,MGTREFCLK0N_126,NA,126,GTY,NA,NA
AC36,MGTREFCLK0P_126,NA,126,GTY,NA,NA
AG41,MGTYTXN0_126,NA,126,GTY,NA,NA
AG40,MGTYTXP0_126,NA,126,GTY,NA,NA
AG45,MGTYRXP0_126,NA,126,GTY,NA,NA
AG46,MGTYRXN0_126,NA,126,GTY,NA,NA
Y39,MGTYTXN3_127,NA,127,GTY,NA,NA
Y38,MGTYTXP3_127,NA,127,GTY,NA,NA
Y43,MGTYRXP3_127,NA,127,GTY,NA,NA
Y44,MGTYRXN3_127,NA,127,GTY,NA,NA
Y35,MGTREFCLK1N_127,NA,127,GTY,NA,NA
Y34,MGTREFCLK1P_127,NA,127,GTY,NA,NA
AA41,MGTYTXN2_127,NA,127,GTY,NA,NA
AA40,MGTYTXP2_127,NA,127,GTY,NA,NA
AA45,MGTYRXP2_127,NA,127,GTY,NA,NA
AA46,MGTYRXN2_127,NA,127,GTY,NA,NA
AB39,MGTYTXN1_127,NA,127,GTY,NA,NA
AB38,MGTYTXP1_127,NA,127,GTY,NA,NA
AB43,MGTYRXP1_127,NA,127,GTY,NA,NA
AB44,MGTYRXN1_127,NA,127,GTY,NA,NA
AA37,MGTREFCLK0N_127,NA,127,GTY,NA,NA
AA36,MGTREFCLK0P_127,NA,127,GTY,NA,NA
AC41,MGTYTXN0_127,NA,127,GTY,NA,NA
AC40,MGTYTXP0_127,NA,127,GTY,NA,NA
AC45,MGTYRXP0_127,NA,127,GTY,NA,NA
AC46,MGTYRXN0_127,NA,127,GTY,NA,NA
T39,MGTYTXN3_128,NA,128,GTY,NA,NA
T38,MGTYTXP3_128,NA,128,GTY,NA,NA
T43,MGTYRXP3_128,NA,128,GTY,NA,NA
T44,MGTYRXN3_128,NA,128,GTY,NA,NA
V35,MGTREFCLK1N_128,NA,128,GTY,NA,NA
V34,MGTREFCLK1P_128,NA,128,GTY,NA,NA
U41,MGTYTXN2_128,NA,128,GTY,NA,NA
U40,MGTYTXP2_128,NA,128,GTY,NA,NA
U45,MGTYRXP2_128,NA,128,GTY,NA,NA
U46,MGTYRXN2_128,NA,128,GTY,NA,NA
V39,MGTYTXN1_128,NA,128,GTY,NA,NA
V38,MGTYTXP1_128,NA,128,GTY,NA,NA
V43,MGTYRXP1_128,NA,128,GTY,NA,NA
V44,MGTYRXN1_128,NA,128,GTY,NA,NA
W37,MGTREFCLK0N_128,NA,128,GTY,NA,NA
W36,MGTREFCLK0P_128,NA,128,GTY,NA,NA
W41,MGTYTXN0_128,NA,128,GTY,NA,NA
W40,MGTYTXP0_128,NA,128,GTY,NA,NA
W45,MGTYRXP0_128,NA,128,GTY,NA,NA
W46,MGTYRXN0_128,NA,128,GTY,NA,NA
M39,MGTYTXN3_129,NA,129,GTY,NA,NA
M38,MGTYTXP3_129,NA,129,GTY,NA,NA
M43,MGTYRXP3_129,NA,129,GTY,NA,NA
M44,MGTYRXN3_129,NA,129,GTY,NA,NA
T35,MGTREFCLK1N_129,NA,129,GTY,NA,NA
T34,MGTREFCLK1P_129,NA,129,GTY,NA,NA
N41,MGTYTXN2_129,NA,129,GTY,NA,NA
N40,MGTYTXP2_129,NA,129,GTY,NA,NA
N45,MGTYRXP2_129,NA,129,GTY,NA,NA
N46,MGTYRXN2_129,NA,129,GTY,NA,NA
D40,MGTAVTTRCAL_LN,NA,NA,NA,NA,NA
D41,MGTRREF_LN,NA,NA,NA,NA,NA
P39,MGTYTXN1_129,NA,129,GTY,NA,NA
P38,MGTYTXP1_129,NA,129,GTY,NA,NA
P43,MGTYRXP1_129,NA,129,GTY,NA,NA
P44,MGTYRXN1_129,NA,129,GTY,NA,NA
U37,MGTREFCLK0N_129,NA,129,GTY,NA,NA
U36,MGTREFCLK0P_129,NA,129,GTY,NA,NA
R41,MGTYTXN0_129,NA,129,GTY,NA,NA
R40,MGTYTXP0_129,NA,129,GTY,NA,NA
R45,MGTYRXP0_129,NA,129,GTY,NA,NA
R46,MGTYRXN0_129,NA,129,GTY,NA,NA
H39,MGTYTXN3_130,NA,130,GTY,NA,NA
H38,MGTYTXP3_130,NA,130,GTY,NA,NA
H43,MGTYRXP3_130,NA,130,GTY,NA,NA
H44,MGTYRXN3_130,NA,130,GTY,NA,NA
P35,MGTREFCLK1N_130,NA,130,GTY,NA,NA
P34,MGTREFCLK1P_130,NA,130,GTY,NA,NA
J41,MGTYTXN2_130,NA,130,GTY,NA,NA
J40,MGTYTXP2_130,NA,130,GTY,NA,NA
J45,MGTYRXP2_130,NA,130,GTY,NA,NA
J46,MGTYRXN2_130,NA,130,GTY,NA,NA
K39,MGTYTXN1_130,NA,130,GTY,NA,NA
K38,MGTYTXP1_130,NA,130,GTY,NA,NA
K43,MGTYRXP1_130,NA,130,GTY,NA,NA
K44,MGTYRXN1_130,NA,130,GTY,NA,NA
R37,MGTREFCLK0N_130,NA,130,GTY,NA,NA
R36,MGTREFCLK0P_130,NA,130,GTY,NA,NA
L41,MGTYTXN0_130,NA,130,GTY,NA,NA
L40,MGTYTXP0_130,NA,130,GTY,NA,NA
L45,MGTYRXP0_130,NA,130,GTY,NA,NA
L46,MGTYRXN0_130,NA,130,GTY,NA,NA
F35,MGTYTXN3_131,NA,131,GTY,NA,NA
F34,MGTYTXP3_131,NA,131,GTY,NA,NA
E31,MGTYRXP3_131,NA,131,GTY,NA,NA
E32,MGTYRXN3_131,NA,131,GTY,NA,NA
M35,MGTREFCLK1N_131,NA,131,GTY,NA,NA
M34,MGTREFCLK1P_131,NA,131,GTY,NA,NA
G37,MGTYTXN2_131,NA,131,GTY,NA,NA
G36,MGTYTXP2_131,NA,131,GTY,NA,NA
G31,MGTYRXP2_131,NA,131,GTY,NA,NA
G32,MGTYRXN2_131,NA,131,GTY,NA,NA
F39,MGTYTXN1_131,NA,131,GTY,NA,NA
F38,MGTYTXP1_131,NA,131,GTY,NA,NA
F43,MGTYRXP1_131,NA,131,GTY,NA,NA
F44,MGTYRXN1_131,NA,131,GTY,NA,NA
N37,MGTREFCLK0N_131,NA,131,GTY,NA,NA
N36,MGTREFCLK0P_131,NA,131,GTY,NA,NA
G41,MGTYTXN0_131,NA,131,GTY,NA,NA
G40,MGTYTXP0_131,NA,131,GTY,NA,NA
G45,MGTYRXP0_131,NA,131,GTY,NA,NA
G46,MGTYRXN0_131,NA,131,GTY,NA,NA
AM9,MGTHTXP3_224,NA,224,GTH,NA,NA
AM4,MGTHRXP3_224,NA,224,GTH,NA,NA
AM3,MGTHRXN3_224,NA,224,GTH,NA,NA
AM8,MGTHTXN3_224,NA,224,GTH,NA,NA
AF13,MGTREFCLK1P_224,NA,224,GTH,NA,NA
AF12,MGTREFCLK1N_224,NA,224,GTH,NA,NA
AN7,MGTHTXP2_224,NA,224,GTH,NA,NA
AN2,MGTHRXP2_224,NA,224,GTH,NA,NA
AN1,MGTHRXN2_224,NA,224,GTH,NA,NA
AN6,MGTHTXN2_224,NA,224,GTH,NA,NA
AP9,MGTHTXP1_224,NA,224,GTH,NA,NA
AP4,MGTHRXP1_224,NA,224,GTH,NA,NA
AP3,MGTHRXN1_224,NA,224,GTH,NA,NA
AP8,MGTHTXN1_224,NA,224,GTH,NA,NA
AG11,MGTREFCLK0P_224,NA,224,GTH,NA,NA
AG10,MGTREFCLK0N_224,NA,224,GTH,NA,NA
AR7,MGTHTXP0_224,NA,224,GTH,NA,NA
AR2,MGTHRXP0_224,NA,224,GTH,NA,NA
AR1,MGTHRXN0_224,NA,224,GTH,NA,NA
AR6,MGTHTXN0_224,NA,224,GTH,NA,NA
AH9,MGTHTXP3_225,NA,225,GTH,NA,NA
AH4,MGTHRXP3_225,NA,225,GTH,NA,NA
AH3,MGTHRXN3_225,NA,225,GTH,NA,NA
AH8,MGTHTXN3_225,NA,225,GTH,NA,NA
AD13,MGTREFCLK1P_225,NA,225,GTH,NA,NA
AD12,MGTREFCLK1N_225,NA,225,GTH,NA,NA
AJ7,MGTHTXP2_225,NA,225,GTH,NA,NA
AJ2,MGTHRXP2_225,NA,225,GTH,NA,NA
AJ1,MGTHRXN2_225,NA,225,GTH,NA,NA
AJ6,MGTHTXN2_225,NA,225,GTH,NA,NA
AH6,MGTRREF_RC,NA,NA,NA,NA,NA
AH7,MGTAVTTRCAL_RC,NA,NA,NA,NA,NA
AK9,MGTHTXP1_225,NA,225,GTH,NA,NA
AK4,MGTHRXP1_225,NA,225,GTH,NA,NA
AK3,MGTHRXN1_225,NA,225,GTH,NA,NA
AK8,MGTHTXN1_225,NA,225,GTH,NA,NA
AE11,MGTREFCLK0P_225,NA,225,GTH,NA,NA
AE10,MGTREFCLK0N_225,NA,225,GTH,NA,NA
AL7,MGTHTXP0_225,NA,225,GTH,NA,NA
AL2,MGTHRXP0_225,NA,225,GTH,NA,NA
AL1,MGTHRXN0_225,NA,225,GTH,NA,NA
AL6,MGTHTXN0_225,NA,225,GTH,NA,NA
AD9,MGTHTXP3_226,NA,226,GTH,NA,NA
AD4,MGTHRXP3_226,NA,226,GTH,NA,NA
AD3,MGTHRXN3_226,NA,226,GTH,NA,NA
AD8,MGTHTXN3_226,NA,226,GTH,NA,NA
AB13,MGTREFCLK1P_226,NA,226,GTH,NA,NA
AB12,MGTREFCLK1N_226,NA,226,GTH,NA,NA
AE7,MGTHTXP2_226,NA,226,GTH,NA,NA
AE2,MGTHRXP2_226,NA,226,GTH,NA,NA
AE1,MGTHRXN2_226,NA,226,GTH,NA,NA
AE6,MGTHTXN2_226,NA,226,GTH,NA,NA
AF9,MGTHTXP1_226,NA,226,GTH,NA,NA
AF4,MGTHRXP1_226,NA,226,GTH,NA,NA
AF3,MGTHRXN1_226,NA,226,GTH,NA,NA
AF8,MGTHTXN1_226,NA,226,GTH,NA,NA
AC11,MGTREFCLK0P_226,NA,226,GTH,NA,NA
AC10,MGTREFCLK0N_226,NA,226,GTH,NA,NA
AG7,MGTHTXP0_226,NA,226,GTH,NA,NA
AG2,MGTHRXP0_226,NA,226,GTH,NA,NA
AG1,MGTHRXN0_226,NA,226,GTH,NA,NA
AG6,MGTHTXN0_226,NA,226,GTH,NA,NA
Y9,MGTHTXP3_227,NA,227,GTH,NA,NA
Y4,MGTHRXP3_227,NA,227,GTH,NA,NA
Y3,MGTHRXN3_227,NA,227,GTH,NA,NA
Y8,MGTHTXN3_227,NA,227,GTH,NA,NA
Y13,MGTREFCLK1P_227,NA,227,GTH,NA,NA
Y12,MGTREFCLK1N_227,NA,227,GTH,NA,NA
AA7,MGTHTXP2_227,NA,227,GTH,NA,NA
AA2,MGTHRXP2_227,NA,227,GTH,NA,NA
AA1,MGTHRXN2_227,NA,227,GTH,NA,NA
AA6,MGTHTXN2_227,NA,227,GTH,NA,NA
AB9,MGTHTXP1_227,NA,227,GTH,NA,NA
AB4,MGTHRXP1_227,NA,227,GTH,NA,NA
AB3,MGTHRXN1_227,NA,227,GTH,NA,NA
AB8,MGTHTXN1_227,NA,227,GTH,NA,NA
AA11,MGTREFCLK0P_227,NA,227,GTH,NA,NA
AA10,MGTREFCLK0N_227,NA,227,GTH,NA,NA
AC7,MGTHTXP0_227,NA,227,GTH,NA,NA
AC2,MGTHRXP0_227,NA,227,GTH,NA,NA
AC1,MGTHRXN0_227,NA,227,GTH,NA,NA
AC6,MGTHTXN0_227,NA,227,GTH,NA,NA
T9,MGTHTXP3_228,NA,228,GTH,NA,NA
T4,MGTHRXP3_228,NA,228,GTH,NA,NA
T3,MGTHRXN3_228,NA,228,GTH,NA,NA
T8,MGTHTXN3_228,NA,228,GTH,NA,NA
V13,MGTREFCLK1P_228,NA,228,GTH,NA,NA
V12,MGTREFCLK1N_228,NA,228,GTH,NA,NA
U7,MGTHTXP2_228,NA,228,GTH,NA,NA
U2,MGTHRXP2_228,NA,228,GTH,NA,NA
U1,MGTHRXN2_228,NA,228,GTH,NA,NA
U6,MGTHTXN2_228,NA,228,GTH,NA,NA
V9,MGTHTXP1_228,NA,228,GTH,NA,NA
V4,MGTHRXP1_228,NA,228,GTH,NA,NA
V3,MGTHRXN1_228,NA,228,GTH,NA,NA
V8,MGTHTXN1_228,NA,228,GTH,NA,NA
W11,MGTREFCLK0P_228,NA,228,GTH,NA,NA
W10,MGTREFCLK0N_228,NA,228,GTH,NA,NA
W7,MGTHTXP0_228,NA,228,GTH,NA,NA
W2,MGTHRXP0_228,NA,228,GTH,NA,NA
W1,MGTHRXN0_228,NA,228,GTH,NA,NA
W6,MGTHTXN0_228,NA,228,GTH,NA,NA
M9,MGTHTXP3_229,NA,229,GTH,NA,NA
M4,MGTHRXP3_229,NA,229,GTH,NA,NA
M3,MGTHRXN3_229,NA,229,GTH,NA,NA
M8,MGTHTXN3_229,NA,229,GTH,NA,NA
T13,MGTREFCLK1P_229,NA,229,GTH,NA,NA
T12,MGTREFCLK1N_229,NA,229,GTH,NA,NA
N7,MGTHTXP2_229,NA,229,GTH,NA,NA
N2,MGTHRXP2_229,NA,229,GTH,NA,NA
N1,MGTHRXN2_229,NA,229,GTH,NA,NA
N6,MGTHTXN2_229,NA,229,GTH,NA,NA
P9,MGTHTXP1_229,NA,229,GTH,NA,NA
P4,MGTHRXP1_229,NA,229,GTH,NA,NA
P3,MGTHRXN1_229,NA,229,GTH,NA,NA
P8,MGTHTXN1_229,NA,229,GTH,NA,NA
U11,MGTREFCLK0P_229,NA,229,GTH,NA,NA
U10,MGTREFCLK0N_229,NA,229,GTH,NA,NA
R7,MGTHTXP0_229,NA,229,GTH,NA,NA
R2,MGTHRXP0_229,NA,229,GTH,NA,NA
R1,MGTHRXN0_229,NA,229,GTH,NA,NA
R6,MGTHTXN0_229,NA,229,GTH,NA,NA
H9,MGTHTXP3_230,NA,230,GTH,NA,NA
H4,MGTHRXP3_230,NA,230,GTH,NA,NA
H3,MGTHRXN3_230,NA,230,GTH,NA,NA
H8,MGTHTXN3_230,NA,230,GTH,NA,NA
P13,MGTREFCLK1P_230,NA,230,GTH,NA,NA
P12,MGTREFCLK1N_230,NA,230,GTH,NA,NA
J7,MGTHTXP2_230,NA,230,GTH,NA,NA
J2,MGTHRXP2_230,NA,230,GTH,NA,NA
J1,MGTHRXN2_230,NA,230,GTH,NA,NA
J6,MGTHTXN2_230,NA,230,GTH,NA,NA
K9,MGTHTXP1_230,NA,230,GTH,NA,NA
K4,MGTHRXP1_230,NA,230,GTH,NA,NA
K3,MGTHRXN1_230,NA,230,GTH,NA,NA
K8,MGTHTXN1_230,NA,230,GTH,NA,NA
R11,MGTREFCLK0P_230,NA,230,GTH,NA,NA
R10,MGTREFCLK0N_230,NA,230,GTH,NA,NA
L7,MGTHTXP0_230,NA,230,GTH,NA,NA
L2,MGTHRXP0_230,NA,230,GTH,NA,NA
L1,MGTHRXN0_230,NA,230,GTH,NA,NA
L6,MGTHTXN0_230,NA,230,GTH,NA,NA
F13,MGTHTXP3_231,NA,231,GTH,NA,NA
E16,MGTHRXP3_231,NA,231,GTH,NA,NA
E15,MGTHRXN3_231,NA,231,GTH,NA,NA
F12,MGTHTXN3_231,NA,231,GTH,NA,NA
M13,MGTREFCLK1P_231,NA,231,GTH,NA,NA
M12,MGTREFCLK1N_231,NA,231,GTH,NA,NA
G11,MGTHTXP2_231,NA,231,GTH,NA,NA
G16,MGTHRXP2_231,NA,231,GTH,NA,NA
G15,MGTHRXN2_231,NA,231,GTH,NA,NA
G10,MGTHTXN2_231,NA,231,GTH,NA,NA
F9,MGTHTXP1_231,NA,231,GTH,NA,NA
F4,MGTHRXP1_231,NA,231,GTH,NA,NA
F3,MGTHRXN1_231,NA,231,GTH,NA,NA
F8,MGTHTXN1_231,NA,231,GTH,NA,NA
N11,MGTREFCLK0P_231,NA,231,GTH,NA,NA
N10,MGTREFCLK0N_231,NA,231,GTH,NA,NA
G7,MGTHTXP0_231,NA,231,GTH,NA,NA
G2,MGTHRXP0_231,NA,231,GTH,NA,NA
G1,MGTHRXN0_231,NA,231,GTH,NA,NA
G6,MGTHTXN0_231,NA,231,GTH,NA,NA
A3,GND,NA,NA,NA,NA,NA
A5,GND,NA,NA,NA,NA,NA
A12,GND,NA,NA,NA,NA,NA
A13,GND,NA,NA,NA,NA,NA
A14,GND,NA,NA,NA,NA,NA
A17,GND,NA,NA,NA,NA,NA
A22,GND,NA,NA,NA,NA,NA
A30,GND,NA,NA,NA,NA,NA
A33,GND,NA,NA,NA,NA,NA
A34,GND,NA,NA,NA,NA,NA
A35,GND,NA,NA,NA,NA,NA
A42,GND,NA,NA,NA,NA,NA
A44,GND,NA,NA,NA,NA,NA
B2,GND,NA,NA,NA,NA,NA
B5,GND,NA,NA,NA,NA,NA
B6,GND,NA,NA,NA,NA,NA
B10,GND,NA,NA,NA,NA,NA
B12,GND,NA,NA,NA,NA,NA
B15,GND,NA,NA,NA,NA,NA
B16,GND,NA,NA,NA,NA,NA
B17,GND,NA,NA,NA,NA,NA
B19,GND,NA,NA,NA,NA,NA
B29,GND,NA,NA,NA,NA,NA
B30,GND,NA,NA,NA,NA,NA
B31,GND,NA,NA,NA,NA,NA
B32,GND,NA,NA,NA,NA,NA
B35,GND,NA,NA,NA,NA,NA
B37,GND,NA,NA,NA,NA,NA
B41,GND,NA,NA,NA,NA,NA
B42,GND,NA,NA,NA,NA,NA
B45,GND,NA,NA,NA,NA,NA
C3,GND,NA,NA,NA,NA,NA
C4,GND,NA,NA,NA,NA,NA
C5,GND,NA,NA,NA,NA,NA
C8,GND,NA,NA,NA,NA,NA
C12,GND,NA,NA,NA,NA,NA
C13,GND,NA,NA,NA,NA,NA
C14,GND,NA,NA,NA,NA,NA
C17,GND,NA,NA,NA,NA,NA
C26,GND,NA,NA,NA,NA,NA
C30,GND,NA,NA,NA,NA,NA
C33,GND,NA,NA,NA,NA,NA
C34,GND,NA,NA,NA,NA,NA
C35,GND,NA,NA,NA,NA,NA
C39,GND,NA,NA,NA,NA,NA
C42,GND,NA,NA,NA,NA,NA
C43,GND,NA,NA,NA,NA,NA
C44,GND,NA,NA,NA,NA,NA
D1,GND,NA,NA,NA,NA,NA
D2,GND,NA,NA,NA,NA,NA
D5,GND,NA,NA,NA,NA,NA
D11,GND,NA,NA,NA,NA,NA
D12,GND,NA,NA,NA,NA,NA
D15,GND,NA,NA,NA,NA,NA
D16,GND,NA,NA,NA,NA,NA
D17,GND,NA,NA,NA,NA,NA
D23,GND,NA,NA,NA,NA,NA
D30,GND,NA,NA,NA,NA,NA
D31,GND,NA,NA,NA,NA,NA
D32,GND,NA,NA,NA,NA,NA
D35,GND,NA,NA,NA,NA,NA
D36,GND,NA,NA,NA,NA,NA
D42,GND,NA,NA,NA,NA,NA
D45,GND,NA,NA,NA,NA,NA
D46,GND,NA,NA,NA,NA,NA
E3,GND,NA,NA,NA,NA,NA
E4,GND,NA,NA,NA,NA,NA
E5,GND,NA,NA,NA,NA,NA
E9,GND,NA,NA,NA,NA,NA
E12,GND,NA,NA,NA,NA,NA
E13,GND,NA,NA,NA,NA,NA
E14,GND,NA,NA,NA,NA,NA
E17,GND,NA,NA,NA,NA,NA
E20,GND,NA,NA,NA,NA,NA
E30,GND,NA,NA,NA,NA,NA
E33,GND,NA,NA,NA,NA,NA
E34,GND,NA,NA,NA,NA,NA
E35,GND,NA,NA,NA,NA,NA
E38,GND,NA,NA,NA,NA,NA
E42,GND,NA,NA,NA,NA,NA
E43,GND,NA,NA,NA,NA,NA
E44,GND,NA,NA,NA,NA,NA
F1,GND,NA,NA,NA,NA,NA
F2,GND,NA,NA,NA,NA,NA
F5,GND,NA,NA,NA,NA,NA
F6,GND,NA,NA,NA,NA,NA
F10,GND,NA,NA,NA,NA,NA
F14,GND,NA,NA,NA,NA,NA
F15,GND,NA,NA,NA,NA,NA
F16,GND,NA,NA,NA,NA,NA
F17,GND,NA,NA,NA,NA,NA
F27,GND,NA,NA,NA,NA,NA
F30,GND,NA,NA,NA,NA,NA
F31,GND,NA,NA,NA,NA,NA
F32,GND,NA,NA,NA,NA,NA
F33,GND,NA,NA,NA,NA,NA
F37,GND,NA,NA,NA,NA,NA
F41,GND,NA,NA,NA,NA,NA
F42,GND,NA,NA,NA,NA,NA
F45,GND,NA,NA,NA,NA,NA
F46,GND,NA,NA,NA,NA,NA
G3,GND,NA,NA,NA,NA,NA
G4,GND,NA,NA,NA,NA,NA
G5,GND,NA,NA,NA,NA,NA
G8,GND,NA,NA,NA,NA,NA
G12,GND,NA,NA,NA,NA,NA
G14,GND,NA,NA,NA,NA,NA
G17,GND,NA,NA,NA,NA,NA
G24,GND,NA,NA,NA,NA,NA
G30,GND,NA,NA,NA,NA,NA
G33,GND,NA,NA,NA,NA,NA
G35,GND,NA,NA,NA,NA,NA
G39,GND,NA,NA,NA,NA,NA
G42,GND,NA,NA,NA,NA,NA
G43,GND,NA,NA,NA,NA,NA
G44,GND,NA,NA,NA,NA,NA
H1,GND,NA,NA,NA,NA,NA
H2,GND,NA,NA,NA,NA,NA
H5,GND,NA,NA,NA,NA,NA
H7,GND,NA,NA,NA,NA,NA
H11,GND,NA,NA,NA,NA,NA
H14,GND,NA,NA,NA,NA,NA
H15,GND,NA,NA,NA,NA,NA
H16,GND,NA,NA,NA,NA,NA
H17,GND,NA,NA,NA,NA,NA
H21,GND,NA,NA,NA,NA,NA
H30,GND,NA,NA,NA,NA,NA
H31,GND,NA,NA,NA,NA,NA
H32,GND,NA,NA,NA,NA,NA
H33,GND,NA,NA,NA,NA,NA
H36,GND,NA,NA,NA,NA,NA
H40,GND,NA,NA,NA,NA,NA
H42,GND,NA,NA,NA,NA,NA
H45,GND,NA,NA,NA,NA,NA
H46,GND,NA,NA,NA,NA,NA
J3,GND,NA,NA,NA,NA,NA
J4,GND,NA,NA,NA,NA,NA
J5,GND,NA,NA,NA,NA,NA
J9,GND,NA,NA,NA,NA,NA
J13,GND,NA,NA,NA,NA,NA
J14,GND,NA,NA,NA,NA,NA
J18,GND,NA,NA,NA,NA,NA
J28,GND,NA,NA,NA,NA,NA
J33,GND,NA,NA,NA,NA,NA
J34,GND,NA,NA,NA,NA,NA
J38,GND,NA,NA,NA,NA,NA
J42,GND,NA,NA,NA,NA,NA
J43,GND,NA,NA,NA,NA,NA
J44,GND,NA,NA,NA,NA,NA
K1,GND,NA,NA,NA,NA,NA
K2,GND,NA,NA,NA,NA,NA
K5,GND,NA,NA,NA,NA,NA
K6,GND,NA,NA,NA,NA,NA
K10,GND,NA,NA,NA,NA,NA
K15,GND,NA,NA,NA,NA,NA
K25,GND,NA,NA,NA,NA,NA
K33,GND,NA,NA,NA,NA,NA
K37,GND,NA,NA,NA,NA,NA
K41,GND,NA,NA,NA,NA,NA
K42,GND,NA,NA,NA,NA,NA
K45,GND,NA,NA,NA,NA,NA
K46,GND,NA,NA,NA,NA,NA
L3,GND,NA,NA,NA,NA,NA
L4,GND,NA,NA,NA,NA,NA
L5,GND,NA,NA,NA,NA,NA
L8,GND,NA,NA,NA,NA,NA
L12,GND,NA,NA,NA,NA,NA
L14,GND,NA,NA,NA,NA,NA
L22,GND,NA,NA,NA,NA,NA
L32,GND,NA,NA,NA,NA,NA
L33,GND,NA,NA,NA,NA,NA
L35,GND,NA,NA,NA,NA,NA
L39,GND,NA,NA,NA,NA,NA
L42,GND,NA,NA,NA,NA,NA
L43,GND,NA,NA,NA,NA,NA
L44,GND,NA,NA,NA,NA,NA
M1,GND,NA,NA,NA,NA,NA
M2,GND,NA,NA,NA,NA,NA
M5,GND,NA,NA,NA,NA,NA
M7,GND,NA,NA,NA,NA,NA
M11,GND,NA,NA,NA,NA,NA
M19,GND,NA,NA,NA,NA,NA
M29,GND,NA,NA,NA,NA,NA
M33,GND,NA,NA,NA,NA,NA
M36,GND,NA,NA,NA,NA,NA
M40,GND,NA,NA,NA,NA,NA
M42,GND,NA,NA,NA,NA,NA
M45,GND,NA,NA,NA,NA,NA
M46,GND,NA,NA,NA,NA,NA
N3,GND,NA,NA,NA,NA,NA
N4,GND,NA,NA,NA,NA,NA
N5,GND,NA,NA,NA,NA,NA
N9,GND,NA,NA,NA,NA,NA
N13,GND,NA,NA,NA,NA,NA
N14,GND,NA,NA,NA,NA,NA
N16,GND,NA,NA,NA,NA,NA
N26,GND,NA,NA,NA,NA,NA
N33,GND,NA,NA,NA,NA,NA
N34,GND,NA,NA,NA,NA,NA
N38,GND,NA,NA,NA,NA,NA
N42,GND,NA,NA,NA,NA,NA
N43,GND,NA,NA,NA,NA,NA
N44,GND,NA,NA,NA,NA,NA
P1,GND,NA,NA,NA,NA,NA
P2,GND,NA,NA,NA,NA,NA
P5,GND,NA,NA,NA,NA,NA
P6,GND,NA,NA,NA,NA,NA
P10,GND,NA,NA,NA,NA,NA
P23,GND,NA,NA,NA,NA,NA
P29,GND,NA,NA,NA,NA,NA
P31,GND,NA,NA,NA,NA,NA
P33,GND,NA,NA,NA,NA,NA
P37,GND,NA,NA,NA,NA,NA
P41,GND,NA,NA,NA,NA,NA
P42,GND,NA,NA,NA,NA,NA
P45,GND,NA,NA,NA,NA,NA
P46,GND,NA,NA,NA,NA,NA
R3,GND,NA,NA,NA,NA,NA
R4,GND,NA,NA,NA,NA,NA
R5,GND,NA,NA,NA,NA,NA
R8,GND,NA,NA,NA,NA,NA
R12,GND,NA,NA,NA,NA,NA
R14,GND,NA,NA,NA,NA,NA
R16,GND,NA,NA,NA,NA,NA
R18,GND,NA,NA,NA,NA,NA
R20,GND,NA,NA,NA,NA,NA
R22,GND,NA,NA,NA,NA,NA
R24,GND,NA,NA,NA,NA,NA
R26,GND,NA,NA,NA,NA,NA
R28,GND,NA,NA,NA,NA,NA
R30,GND,NA,NA,NA,NA,NA
R32,GND,NA,NA,NA,NA,NA
R33,GND,NA,NA,NA,NA,NA
R35,GND,NA,NA,NA,NA,NA
R39,GND,NA,NA,NA,NA,NA
R42,GND,NA,NA,NA,NA,NA
R43,GND,NA,NA,NA,NA,NA
R44,GND,NA,NA,NA,NA,NA
T1,GND,NA,NA,NA,NA,NA
T2,GND,NA,NA,NA,NA,NA
T5,GND,NA,NA,NA,NA,NA
T7,GND,NA,NA,NA,NA,NA
T11,GND,NA,NA,NA,NA,NA
T15,GND,NA,NA,NA,NA,NA
T17,GND,NA,NA,NA,NA,NA
T19,GND,NA,NA,NA,NA,NA
T21,GND,NA,NA,NA,NA,NA
T23,GND,NA,NA,NA,NA,NA
T25,GND,NA,NA,NA,NA,NA
T27,GND,NA,NA,NA,NA,NA
T29,GND,NA,NA,NA,NA,NA
T31,GND,NA,NA,NA,NA,NA
T33,GND,NA,NA,NA,NA,NA
T36,GND,NA,NA,NA,NA,NA
T40,GND,NA,NA,NA,NA,NA
T42,GND,NA,NA,NA,NA,NA
T45,GND,NA,NA,NA,NA,NA
T46,GND,NA,NA,NA,NA,NA
U3,GND,NA,NA,NA,NA,NA
U4,GND,NA,NA,NA,NA,NA
U5,GND,NA,NA,NA,NA,NA
U9,GND,NA,NA,NA,NA,NA
U13,GND,NA,NA,NA,NA,NA
U14,GND,NA,NA,NA,NA,NA
U16,GND,NA,NA,NA,NA,NA
U18,GND,NA,NA,NA,NA,NA
U20,GND,NA,NA,NA,NA,NA
U22,GND,NA,NA,NA,NA,NA
U24,GND,NA,NA,NA,NA,NA
U26,GND,NA,NA,NA,NA,NA
U28,GND,NA,NA,NA,NA,NA
U30,GND,NA,NA,NA,NA,NA
U32,GND,NA,NA,NA,NA,NA
U33,GND,NA,NA,NA,NA,NA
U34,GND,NA,NA,NA,NA,NA
U38,GND,NA,NA,NA,NA,NA
U42,GND,NA,NA,NA,NA,NA
U43,GND,NA,NA,NA,NA,NA
U44,GND,NA,NA,NA,NA,NA
V1,GND,NA,NA,NA,NA,NA
V2,GND,NA,NA,NA,NA,NA
V5,GND,NA,NA,NA,NA,NA
V6,GND,NA,NA,NA,NA,NA
V10,GND,NA,NA,NA,NA,NA
V15,GND,NA,NA,NA,NA,NA
V17,GND,NA,NA,NA,NA,NA
V19,GND,NA,NA,NA,NA,NA
V21,GND,NA,NA,NA,NA,NA
V23,GND,NA,NA,NA,NA,NA
V25,GND,NA,NA,NA,NA,NA
V27,GND,NA,NA,NA,NA,NA
V29,GND,NA,NA,NA,NA,NA
V31,GND,NA,NA,NA,NA,NA
V33,GND,NA,NA,NA,NA,NA
V37,GND,NA,NA,NA,NA,NA
V41,GND,NA,NA,NA,NA,NA
V42,GND,NA,NA,NA,NA,NA
V45,GND,NA,NA,NA,NA,NA
V46,GND,NA,NA,NA,NA,NA
W3,GND,NA,NA,NA,NA,NA
W4,GND,NA,NA,NA,NA,NA
W5,GND,NA,NA,NA,NA,NA
W8,GND,NA,NA,NA,NA,NA
W12,GND,NA,NA,NA,NA,NA
W14,GND,NA,NA,NA,NA,NA
W16,GND,NA,NA,NA,NA,NA
W18,GND,NA,NA,NA,NA,NA
W20,GND,NA,NA,NA,NA,NA
W22,GND,NA,NA,NA,NA,NA
W24,GND,NA,NA,NA,NA,NA
W26,GND,NA,NA,NA,NA,NA
W28,GND,NA,NA,NA,NA,NA
W30,GND,NA,NA,NA,NA,NA
W32,GND,NA,NA,NA,NA,NA
W33,GND,NA,NA,NA,NA,NA
W35,GND,NA,NA,NA,NA,NA
W39,GND,NA,NA,NA,NA,NA
W42,GND,NA,NA,NA,NA,NA
W43,GND,NA,NA,NA,NA,NA
W44,GND,NA,NA,NA,NA,NA
Y1,GND,NA,NA,NA,NA,NA
Y2,GND,NA,NA,NA,NA,NA
Y5,GND,NA,NA,NA,NA,NA
Y7,GND,NA,NA,NA,NA,NA
Y11,GND,NA,NA,NA,NA,NA
Y15,GND,NA,NA,NA,NA,NA
Y17,GND,NA,NA,NA,NA,NA
Y19,GND,NA,NA,NA,NA,NA
Y21,GND,NA,NA,NA,NA,NA
Y23,GND,NA,NA,NA,NA,NA
Y25,GND,NA,NA,NA,NA,NA
Y27,GND,NA,NA,NA,NA,NA
Y29,GND,NA,NA,NA,NA,NA
Y31,GND,NA,NA,NA,NA,NA
Y33,GND,NA,NA,NA,NA,NA
Y36,GND,NA,NA,NA,NA,NA
Y40,GND,NA,NA,NA,NA,NA
Y42,GND,NA,NA,NA,NA,NA
Y45,GND,NA,NA,NA,NA,NA
Y46,GND,NA,NA,NA,NA,NA
AA3,GND,NA,NA,NA,NA,NA
AA4,GND,NA,NA,NA,NA,NA
AA5,GND,NA,NA,NA,NA,NA
AA9,GND,NA,NA,NA,NA,NA
AA13,GND,NA,NA,NA,NA,NA
AA14,GND,NA,NA,NA,NA,NA
AA15,GND,NA,NA,NA,NA,NA
AA16,GND,NA,NA,NA,NA,NA
AA18,GND,NA,NA,NA,NA,NA
AA20,GND,NA,NA,NA,NA,NA
AA22,GND,NA,NA,NA,NA,NA
AA24,GND,NA,NA,NA,NA,NA
AA26,GND,NA,NA,NA,NA,NA
AA28,GND,NA,NA,NA,NA,NA
AA30,GND,NA,NA,NA,NA,NA
AA32,GND,NA,NA,NA,NA,NA
AA33,GND,NA,NA,NA,NA,NA
AA34,GND,NA,NA,NA,NA,NA
AA38,GND,NA,NA,NA,NA,NA
AA42,GND,NA,NA,NA,NA,NA
AA43,GND,NA,NA,NA,NA,NA
AA44,GND,NA,NA,NA,NA,NA
AB1,GND,NA,NA,NA,NA,NA
AB2,GND,NA,NA,NA,NA,NA
AB5,GND,NA,NA,NA,NA,NA
AB6,GND,NA,NA,NA,NA,NA
AB10,GND,NA,NA,NA,NA,NA
AB17,GND,NA,NA,NA,NA,NA
AB21,GND,NA,NA,NA,NA,NA
AB23,GND,NA,NA,NA,NA,NA
AB25,GND,NA,NA,NA,NA,NA
AB27,GND,NA,NA,NA,NA,NA
AB29,GND,NA,NA,NA,NA,NA
AB31,GND,NA,NA,NA,NA,NA
AB33,GND,NA,NA,NA,NA,NA
AB37,GND,NA,NA,NA,NA,NA
AB41,GND,NA,NA,NA,NA,NA
AB42,GND,NA,NA,NA,NA,NA
AB45,GND,NA,NA,NA,NA,NA
AB46,GND,NA,NA,NA,NA,NA
AC3,GND,NA,NA,NA,NA,NA
AC4,GND,NA,NA,NA,NA,NA
AC5,GND,NA,NA,NA,NA,NA
AC8,GND,NA,NA,NA,NA,NA
AC12,GND,NA,NA,NA,NA,NA
AC16,GND,NA,NA,NA,NA,NA
AC18,GND,NA,NA,NA,NA,NA
AC22,GND,NA,NA,NA,NA,NA
AC24,GND,NA,NA,NA,NA,NA
AC26,GND,NA,NA,NA,NA,NA
AC28,GND,NA,NA,NA,NA,NA
AC30,GND,NA,NA,NA,NA,NA
AC32,GND,NA,NA,NA,NA,NA
AC33,GND,NA,NA,NA,NA,NA
AC35,GND,NA,NA,NA,NA,NA
AC39,GND,NA,NA,NA,NA,NA
AC42,GND,NA,NA,NA,NA,NA
AC43,GND,NA,NA,NA,NA,NA
AC44,GND,NA,NA,NA,NA,NA
AD1,GND,NA,NA,NA,NA,NA
AD2,GND,NA,NA,NA,NA,NA
AD5,GND,NA,NA,NA,NA,NA
AD7,GND,NA,NA,NA,NA,NA
AD11,GND,NA,NA,NA,NA,NA
AD14,GND,NA,NA,NA,NA,NA
AD17,GND,NA,NA,NA,NA,NA
AD21,GND,NA,NA,NA,NA,NA
AD23,GND,NA,NA,NA,NA,NA
AD25,GND,NA,NA,NA,NA,NA
AD27,GND,NA,NA,NA,NA,NA
AD29,GND,NA,NA,NA,NA,NA
AD31,GND,NA,NA,NA,NA,NA
AD33,GND,NA,NA,NA,NA,NA
AD36,GND,NA,NA,NA,NA,NA
AD40,GND,NA,NA,NA,NA,NA
AD42,GND,NA,NA,NA,NA,NA
AD45,GND,NA,NA,NA,NA,NA
AD46,GND,NA,NA,NA,NA,NA
AE3,GND,NA,NA,NA,NA,NA
AE4,GND,NA,NA,NA,NA,NA
AE5,GND,NA,NA,NA,NA,NA
AE9,GND,NA,NA,NA,NA,NA
AE13,GND,NA,NA,NA,NA,NA
AE16,GND,NA,NA,NA,NA,NA
AE18,GND,NA,NA,NA,NA,NA
AE22,GND,NA,NA,NA,NA,NA
AE24,GND,NA,NA,NA,NA,NA
AE26,GND,NA,NA,NA,NA,NA
AE28,GND,NA,NA,NA,NA,NA
AE30,GND,NA,NA,NA,NA,NA
AE32,GND,NA,NA,NA,NA,NA
AE33,GND,NA,NA,NA,NA,NA
AE34,GND,NA,NA,NA,NA,NA
AE38,GND,NA,NA,NA,NA,NA
AE42,GND,NA,NA,NA,NA,NA
AE43,GND,NA,NA,NA,NA,NA
AE44,GND,NA,NA,NA,NA,NA
AF1,GND,NA,NA,NA,NA,NA
AF2,GND,NA,NA,NA,NA,NA
AF5,GND,NA,NA,NA,NA,NA
AF6,GND,NA,NA,NA,NA,NA
AF10,GND,NA,NA,NA,NA,NA
AF17,GND,NA,NA,NA,NA,NA
AF19,GND,NA,NA,NA,NA,NA
AF21,GND,NA,NA,NA,NA,NA
AF23,GND,NA,NA,NA,NA,NA
AF25,GND,NA,NA,NA,NA,NA
AF27,GND,NA,NA,NA,NA,NA
AF29,GND,NA,NA,NA,NA,NA
AF31,GND,NA,NA,NA,NA,NA
AF33,GND,NA,NA,NA,NA,NA
AF37,GND,NA,NA,NA,NA,NA
AF41,GND,NA,NA,NA,NA,NA
AF42,GND,NA,NA,NA,NA,NA
AF45,GND,NA,NA,NA,NA,NA
AF46,GND,NA,NA,NA,NA,NA
AG3,GND,NA,NA,NA,NA,NA
AG4,GND,NA,NA,NA,NA,NA
AG5,GND,NA,NA,NA,NA,NA
AG8,GND,NA,NA,NA,NA,NA
AG12,GND,NA,NA,NA,NA,NA
AG14,GND,NA,NA,NA,NA,NA
AG15,GND,NA,NA,NA,NA,NA
AG16,GND,NA,NA,NA,NA,NA
AG18,GND,NA,NA,NA,NA,NA
AG20,GND,NA,NA,NA,NA,NA
AG22,GND,NA,NA,NA,NA,NA
AG24,GND,NA,NA,NA,NA,NA
AG26,GND,NA,NA,NA,NA,NA
AG28,GND,NA,NA,NA,NA,NA
AG30,GND,NA,NA,NA,NA,NA
AG32,GND,NA,NA,NA,NA,NA
AG33,GND,NA,NA,NA,NA,NA
AG35,GND,NA,NA,NA,NA,NA
AG39,GND,NA,NA,NA,NA,NA
AG42,GND,NA,NA,NA,NA,NA
AG43,GND,NA,NA,NA,NA,NA
AG44,GND,NA,NA,NA,NA,NA
AH1,GND,NA,NA,NA,NA,NA
AH2,GND,NA,NA,NA,NA,NA
AH5,GND,NA,NA,NA,NA,NA
AH11,GND,NA,NA,NA,NA,NA
AH15,GND,NA,NA,NA,NA,NA
AH17,GND,NA,NA,NA,NA,NA
AH19,GND,NA,NA,NA,NA,NA
AH21,GND,NA,NA,NA,NA,NA
AH23,GND,NA,NA,NA,NA,NA
AH25,GND,NA,NA,NA,NA,NA
AH27,GND,NA,NA,NA,NA,NA
AH29,GND,NA,NA,NA,NA,NA
AH31,GND,NA,NA,NA,NA,NA
AH33,GND,NA,NA,NA,NA,NA
AH36,GND,NA,NA,NA,NA,NA
AH42,GND,NA,NA,NA,NA,NA
AH45,GND,NA,NA,NA,NA,NA
AH46,GND,NA,NA,NA,NA,NA
AJ3,GND,NA,NA,NA,NA,NA
AJ4,GND,NA,NA,NA,NA,NA
AJ5,GND,NA,NA,NA,NA,NA
AJ9,GND,NA,NA,NA,NA,NA
AJ13,GND,NA,NA,NA,NA,NA
AJ14,GND,NA,NA,NA,NA,NA
AJ16,GND,NA,NA,NA,NA,NA
AJ18,GND,NA,NA,NA,NA,NA
AJ20,GND,NA,NA,NA,NA,NA
AJ22,GND,NA,NA,NA,NA,NA
AJ24,GND,NA,NA,NA,NA,NA
AJ26,GND,NA,NA,NA,NA,NA
AJ28,GND,NA,NA,NA,NA,NA
AJ30,GND,NA,NA,NA,NA,NA
AJ32,GND,NA,NA,NA,NA,NA
AJ33,GND,NA,NA,NA,NA,NA
AJ34,GND,NA,NA,NA,NA,NA
AJ38,GND,NA,NA,NA,NA,NA
AJ42,GND,NA,NA,NA,NA,NA
AJ43,GND,NA,NA,NA,NA,NA
AJ44,GND,NA,NA,NA,NA,NA
AK1,GND,NA,NA,NA,NA,NA
AK2,GND,NA,NA,NA,NA,NA
AK5,GND,NA,NA,NA,NA,NA
AK6,GND,NA,NA,NA,NA,NA
AK10,GND,NA,NA,NA,NA,NA
AK15,GND,NA,NA,NA,NA,NA
AK17,GND,NA,NA,NA,NA,NA
AK19,GND,NA,NA,NA,NA,NA
AK21,GND,NA,NA,NA,NA,NA
AK23,GND,NA,NA,NA,NA,NA
AK25,GND,NA,NA,NA,NA,NA
AK27,GND,NA,NA,NA,NA,NA
AK29,GND,NA,NA,NA,NA,NA
AK31,GND,NA,NA,NA,NA,NA
AK33,GND,NA,NA,NA,NA,NA
AK37,GND,NA,NA,NA,NA,NA
AK41,GND,NA,NA,NA,NA,NA
AK42,GND,NA,NA,NA,NA,NA
AK45,GND,NA,NA,NA,NA,NA
AK46,GND,NA,NA,NA,NA,NA
AL3,GND,NA,NA,NA,NA,NA
AL4,GND,NA,NA,NA,NA,NA
AL5,GND,NA,NA,NA,NA,NA
AL8,GND,NA,NA,NA,NA,NA
AL12,GND,NA,NA,NA,NA,NA
AL14,GND,NA,NA,NA,NA,NA
AL16,GND,NA,NA,NA,NA,NA
AL18,GND,NA,NA,NA,NA,NA
AL20,GND,NA,NA,NA,NA,NA
AL22,GND,NA,NA,NA,NA,NA
AL24,GND,NA,NA,NA,NA,NA
AL26,GND,NA,NA,NA,NA,NA
AL28,GND,NA,NA,NA,NA,NA
AL30,GND,NA,NA,NA,NA,NA
AL32,GND,NA,NA,NA,NA,NA
AL33,GND,NA,NA,NA,NA,NA
AL35,GND,NA,NA,NA,NA,NA
AL39,GND,NA,NA,NA,NA,NA
AL42,GND,NA,NA,NA,NA,NA
AL43,GND,NA,NA,NA,NA,NA
AL44,GND,NA,NA,NA,NA,NA
AM1,GND,NA,NA,NA,NA,NA
AM2,GND,NA,NA,NA,NA,NA
AM5,GND,NA,NA,NA,NA,NA
AM7,GND,NA,NA,NA,NA,NA
AM11,GND,NA,NA,NA,NA,NA
AM15,GND,NA,NA,NA,NA,NA
AM25,GND,NA,NA,NA,NA,NA
AM33,GND,NA,NA,NA,NA,NA
AM36,GND,NA,NA,NA,NA,NA
AM40,GND,NA,NA,NA,NA,NA
AM42,GND,NA,NA,NA,NA,NA
AM45,GND,NA,NA,NA,NA,NA
AM46,GND,NA,NA,NA,NA,NA
AN3,GND,NA,NA,NA,NA,NA
AN4,GND,NA,NA,NA,NA,NA
AN5,GND,NA,NA,NA,NA,NA
AN9,GND,NA,NA,NA,NA,NA
AN12,GND,NA,NA,NA,NA,NA
AN14,GND,NA,NA,NA,NA,NA
AN22,GND,NA,NA,NA,NA,NA
AN33,GND,NA,NA,NA,NA,NA
AN34,GND,NA,NA,NA,NA,NA
AN35,GND,NA,NA,NA,NA,NA
AN38,GND,NA,NA,NA,NA,NA
AN42,GND,NA,NA,NA,NA,NA
AN43,GND,NA,NA,NA,NA,NA
AN44,GND,NA,NA,NA,NA,NA
AP1,GND,NA,NA,NA,NA,NA
AP2,GND,NA,NA,NA,NA,NA
AP5,GND,NA,NA,NA,NA,NA
AP6,GND,NA,NA,NA,NA,NA
AP10,GND,NA,NA,NA,NA,NA
AP11,GND,NA,NA,NA,NA,NA
AP12,GND,NA,NA,NA,NA,NA
AP19,GND,NA,NA,NA,NA,NA
AP29,GND,NA,NA,NA,NA,NA
AP35,GND,NA,NA,NA,NA,NA
AP36,GND,NA,NA,NA,NA,NA
AP37,GND,NA,NA,NA,NA,NA
AP41,GND,NA,NA,NA,NA,NA
AP42,GND,NA,NA,NA,NA,NA
AP45,GND,NA,NA,NA,NA,NA
AP46,GND,NA,NA,NA,NA,NA
AR3,GND,NA,NA,NA,NA,NA
AR4,GND,NA,NA,NA,NA,NA
AR5,GND,NA,NA,NA,NA,NA
AR8,GND,NA,NA,NA,NA,NA
AR10,GND,NA,NA,NA,NA,NA
AR16,GND,NA,NA,NA,NA,NA
AR26,GND,NA,NA,NA,NA,NA
AR37,GND,NA,NA,NA,NA,NA
AR39,GND,NA,NA,NA,NA,NA
AR42,GND,NA,NA,NA,NA,NA
AR43,GND,NA,NA,NA,NA,NA
AR44,GND,NA,NA,NA,NA,NA
AT1,GND,NA,NA,NA,NA,NA
AT2,GND,NA,NA,NA,NA,NA
AT5,GND,NA,NA,NA,NA,NA
AT7,GND,NA,NA,NA,NA,NA
AT10,GND,NA,NA,NA,NA,NA
AT13,GND,NA,NA,NA,NA,NA
AT23,GND,NA,NA,NA,NA,NA
AT33,GND,NA,NA,NA,NA,NA
AT37,GND,NA,NA,NA,NA,NA
AT40,GND,NA,NA,NA,NA,NA
AT42,GND,NA,NA,NA,NA,NA
AT45,GND,NA,NA,NA,NA,NA
AT46,GND,NA,NA,NA,NA,NA
AU3,GND,NA,NA,NA,NA,NA
AU4,GND,NA,NA,NA,NA,NA
AU5,GND,NA,NA,NA,NA,NA
AU9,GND,NA,NA,NA,NA,NA
AU10,GND,NA,NA,NA,NA,NA
AU20,GND,NA,NA,NA,NA,NA
AU30,GND,NA,NA,NA,NA,NA
AU37,GND,NA,NA,NA,NA,NA
AU38,GND,NA,NA,NA,NA,NA
AU42,GND,NA,NA,NA,NA,NA
AU43,GND,NA,NA,NA,NA,NA
AU44,GND,NA,NA,NA,NA,NA
AV1,GND,NA,NA,NA,NA,NA
AV2,GND,NA,NA,NA,NA,NA
AV5,GND,NA,NA,NA,NA,NA
AV6,GND,NA,NA,NA,NA,NA
AV10,GND,NA,NA,NA,NA,NA
AV17,GND,NA,NA,NA,NA,NA
AV27,GND,NA,NA,NA,NA,NA
AV37,GND,NA,NA,NA,NA,NA
AV41,GND,NA,NA,NA,NA,NA
AV42,GND,NA,NA,NA,NA,NA
AV45,GND,NA,NA,NA,NA,NA
AV46,GND,NA,NA,NA,NA,NA
AW3,GND,NA,NA,NA,NA,NA
AW4,GND,NA,NA,NA,NA,NA
AW5,GND,NA,NA,NA,NA,NA
AW8,GND,NA,NA,NA,NA,NA
AW10,GND,NA,NA,NA,NA,NA
AW14,GND,NA,NA,NA,NA,NA
AW24,GND,NA,NA,NA,NA,NA
AW34,GND,NA,NA,NA,NA,NA
AW37,GND,NA,NA,NA,NA,NA
AW39,GND,NA,NA,NA,NA,NA
AW42,GND,NA,NA,NA,NA,NA
AW43,GND,NA,NA,NA,NA,NA
AW44,GND,NA,NA,NA,NA,NA
AY1,GND,NA,NA,NA,NA,NA
AY2,GND,NA,NA,NA,NA,NA
AY5,GND,NA,NA,NA,NA,NA
AY7,GND,NA,NA,NA,NA,NA
AY10,GND,NA,NA,NA,NA,NA
AY11,GND,NA,NA,NA,NA,NA
AY21,GND,NA,NA,NA,NA,NA
AY31,GND,NA,NA,NA,NA,NA
AY37,GND,NA,NA,NA,NA,NA
AY40,GND,NA,NA,NA,NA,NA
AY42,GND,NA,NA,NA,NA,NA
AY45,GND,NA,NA,NA,NA,NA
AY46,GND,NA,NA,NA,NA,NA
BA3,GND,NA,NA,NA,NA,NA
BA4,GND,NA,NA,NA,NA,NA
BA5,GND,NA,NA,NA,NA,NA
BA9,GND,NA,NA,NA,NA,NA
BA10,GND,NA,NA,NA,NA,NA
BA18,GND,NA,NA,NA,NA,NA
BA28,GND,NA,NA,NA,NA,NA
BA37,GND,NA,NA,NA,NA,NA
BA38,GND,NA,NA,NA,NA,NA
BA42,GND,NA,NA,NA,NA,NA
BA43,GND,NA,NA,NA,NA,NA
BA44,GND,NA,NA,NA,NA,NA
BB1,GND,NA,NA,NA,NA,NA
BB2,GND,NA,NA,NA,NA,NA
BB5,GND,NA,NA,NA,NA,NA
BB6,GND,NA,NA,NA,NA,NA
BB10,GND,NA,NA,NA,NA,NA
BB25,GND,NA,NA,NA,NA,NA
BB35,GND,NA,NA,NA,NA,NA
BB37,GND,NA,NA,NA,NA,NA
BB41,GND,NA,NA,NA,NA,NA
BB42,GND,NA,NA,NA,NA,NA
BB45,GND,NA,NA,NA,NA,NA
BB46,GND,NA,NA,NA,NA,NA
BC3,GND,NA,NA,NA,NA,NA
BC4,GND,NA,NA,NA,NA,NA
BC5,GND,NA,NA,NA,NA,NA
BC8,GND,NA,NA,NA,NA,NA
BC10,GND,NA,NA,NA,NA,NA
BC11,GND,NA,NA,NA,NA,NA
BC12,GND,NA,NA,NA,NA,NA
BC13,GND,NA,NA,NA,NA,NA
BC14,GND,NA,NA,NA,NA,NA
BC15,GND,NA,NA,NA,NA,NA
BC22,GND,NA,NA,NA,NA,NA
BC32,GND,NA,NA,NA,NA,NA
BC33,GND,NA,NA,NA,NA,NA
BC34,GND,NA,NA,NA,NA,NA
BC35,GND,NA,NA,NA,NA,NA
BC36,GND,NA,NA,NA,NA,NA
BC37,GND,NA,NA,NA,NA,NA
BC39,GND,NA,NA,NA,NA,NA
BC42,GND,NA,NA,NA,NA,NA
BC43,GND,NA,NA,NA,NA,NA
BC44,GND,NA,NA,NA,NA,NA
BD1,GND,NA,NA,NA,NA,NA
BD2,GND,NA,NA,NA,NA,NA
BD5,GND,NA,NA,NA,NA,NA
BD7,GND,NA,NA,NA,NA,NA
BD12,GND,NA,NA,NA,NA,NA
BD15,GND,NA,NA,NA,NA,NA
BD19,GND,NA,NA,NA,NA,NA
BD29,GND,NA,NA,NA,NA,NA
BD32,GND,NA,NA,NA,NA,NA
BD35,GND,NA,NA,NA,NA,NA
BD40,GND,NA,NA,NA,NA,NA
BD42,GND,NA,NA,NA,NA,NA
BD45,GND,NA,NA,NA,NA,NA
BD46,GND,NA,NA,NA,NA,NA
BE2,GND,NA,NA,NA,NA,NA
BE3,GND,NA,NA,NA,NA,NA
BE4,GND,NA,NA,NA,NA,NA
BE5,GND,NA,NA,NA,NA,NA
BE9,GND,NA,NA,NA,NA,NA
BE12,GND,NA,NA,NA,NA,NA
BE13,GND,NA,NA,NA,NA,NA
BE14,GND,NA,NA,NA,NA,NA
BE15,GND,NA,NA,NA,NA,NA
BE26,GND,NA,NA,NA,NA,NA
BE32,GND,NA,NA,NA,NA,NA
BE33,GND,NA,NA,NA,NA,NA
BE34,GND,NA,NA,NA,NA,NA
BE35,GND,NA,NA,NA,NA,NA
BE38,GND,NA,NA,NA,NA,NA
BE42,GND,NA,NA,NA,NA,NA
BE43,GND,NA,NA,NA,NA,NA
BE44,GND,NA,NA,NA,NA,NA
BE45,GND,NA,NA,NA,NA,NA
BF5,GND,NA,NA,NA,NA,NA
BF6,GND,NA,NA,NA,NA,NA
BF11,GND,NA,NA,NA,NA,NA
BF12,GND,NA,NA,NA,NA,NA
BF15,GND,NA,NA,NA,NA,NA
BF23,GND,NA,NA,NA,NA,NA
BF32,GND,NA,NA,NA,NA,NA
BF35,GND,NA,NA,NA,NA,NA
BF36,GND,NA,NA,NA,NA,NA
BF41,GND,NA,NA,NA,NA,NA
BF42,GND,NA,NA,NA,NA,NA
U35,MGTAVCC_LC,NA,NA,NA,NA,NA
V36,MGTAVCC_LC,NA,NA,NA,NA,NA
W34,MGTAVCC_LC,NA,NA,NA,NA,NA
W38,MGTAVCC_LC,NA,NA,NA,NA,NA
AA35,MGTAVCC_LC,NA,NA,NA,NA,NA
AC34,MGTAVCC_LC,NA,NA,NA,NA,NA
AD37,MGTAVCC_LC,NA,NA,NA,NA,NA
AE35,MGTAVCC_LC,NA,NA,NA,NA,NA
AF36,MGTAVCC_LC,NA,NA,NA,NA,NA
F36,MGTAVCC_LN,NA,NA,NA,NA,NA
G34,MGTAVCC_LN,NA,NA,NA,NA,NA
H37,MGTAVCC_LN,NA,NA,NA,NA,NA
K36,MGTAVCC_LN,NA,NA,NA,NA,NA
M37,MGTAVCC_LN,NA,NA,NA,NA,NA
N35,MGTAVCC_LN,NA,NA,NA,NA,NA
P36,MGTAVCC_LN,NA,NA,NA,NA,NA
R34,MGTAVCC_LN,NA,NA,NA,NA,NA
T37,MGTAVCC_LN,NA,NA,NA,NA,NA
AG34,MGTAVCC_LS,NA,NA,NA,NA,NA
AH37,MGTAVCC_LS,NA,NA,NA,NA,NA
AJ35,MGTAVCC_LS,NA,NA,NA,NA,NA
AL34,MGTAVCC_LS,NA,NA,NA,NA,NA
AL38,MGTAVCC_LS,NA,NA,NA,NA,NA
U12,MGTAVCC_RC,NA,NA,NA,NA,NA
V11,MGTAVCC_RC,NA,NA,NA,NA,NA
W9,MGTAVCC_RC,NA,NA,NA,NA,NA
W13,MGTAVCC_RC,NA,NA,NA,NA,NA
AA12,MGTAVCC_RC,NA,NA,NA,NA,NA
AC13,MGTAVCC_RC,NA,NA,NA,NA,NA
AD10,MGTAVCC_RC,NA,NA,NA,NA,NA
AE12,MGTAVCC_RC,NA,NA,NA,NA,NA
AF11,MGTAVCC_RC,NA,NA,NA,NA,NA
F11,MGTAVCC_RN,NA,NA,NA,NA,NA
G13,MGTAVCC_RN,NA,NA,NA,NA,NA
H10,MGTAVCC_RN,NA,NA,NA,NA,NA
K11,MGTAVCC_RN,NA,NA,NA,NA,NA
M10,MGTAVCC_RN,NA,NA,NA,NA,NA
N12,MGTAVCC_RN,NA,NA,NA,NA,NA
P11,MGTAVCC_RN,NA,NA,NA,NA,NA
R13,MGTAVCC_RN,NA,NA,NA,NA,NA
T10,MGTAVCC_RN,NA,NA,NA,NA,NA
AG13,MGTAVCC_RS,NA,NA,NA,NA,NA
AH10,MGTAVCC_RS,NA,NA,NA,NA,NA
AJ12,MGTAVCC_RS,NA,NA,NA,NA,NA
AL9,MGTAVCC_RS,NA,NA,NA,NA,NA
AL13,MGTAVCC_RS,NA,NA,NA,NA,NA
U39,MGTAVTT_LC,NA,NA,NA,NA,NA
V40,MGTAVTT_LC,NA,NA,NA,NA,NA
Y41,MGTAVTT_LC,NA,NA,NA,NA,NA
AA39,MGTAVTT_LC,NA,NA,NA,NA,NA
AB40,MGTAVTT_LC,NA,NA,NA,NA,NA
AC38,MGTAVTT_LC,NA,NA,NA,NA,NA
AD41,MGTAVTT_LC,NA,NA,NA,NA,NA
AE39,MGTAVTT_LC,NA,NA,NA,NA,NA
AF40,MGTAVTT_LC,NA,NA,NA,NA,NA
AG38,MGTAVTT_LC,NA,NA,NA,NA,NA
AJ39,MGTAVTT_LC,NA,NA,NA,NA,NA
AK40,MGTAVTT_LC,NA,NA,NA,NA,NA
AM41,MGTAVTT_LC,NA,NA,NA,NA,NA
AN39,MGTAVTT_LC,NA,NA,NA,NA,NA
AP40,MGTAVTT_LC,NA,NA,NA,NA,NA
AR38,MGTAVTT_LC,NA,NA,NA,NA,NA
AT41,MGTAVTT_LC,NA,NA,NA,NA,NA
A43,MGTAVTT_LN,NA,NA,NA,NA,NA
B36,MGTAVTT_LN,NA,NA,NA,NA,NA
B40,MGTAVTT_LN,NA,NA,NA,NA,NA
C38,MGTAVTT_LN,NA,NA,NA,NA,NA
D37,MGTAVTT_LN,NA,NA,NA,NA,NA
E39,MGTAVTT_LN,NA,NA,NA,NA,NA
F40,MGTAVTT_LN,NA,NA,NA,NA,NA
G38,MGTAVTT_LN,NA,NA,NA,NA,NA
H41,MGTAVTT_LN,NA,NA,NA,NA,NA
J39,MGTAVTT_LN,NA,NA,NA,NA,NA
K40,MGTAVTT_LN,NA,NA,NA,NA,NA
L38,MGTAVTT_LN,NA,NA,NA,NA,NA
M41,MGTAVTT_LN,NA,NA,NA,NA,NA
N39,MGTAVTT_LN,NA,NA,NA,NA,NA
P40,MGTAVTT_LN,NA,NA,NA,NA,NA
R38,MGTAVTT_LN,NA,NA,NA,NA,NA
T41,MGTAVTT_LN,NA,NA,NA,NA,NA
AU39,MGTAVTT_LS,NA,NA,NA,NA,NA
AV40,MGTAVTT_LS,NA,NA,NA,NA,NA
AW38,MGTAVTT_LS,NA,NA,NA,NA,NA
AY41,MGTAVTT_LS,NA,NA,NA,NA,NA
BA39,MGTAVTT_LS,NA,NA,NA,NA,NA
BB40,MGTAVTT_LS,NA,NA,NA,NA,NA
BC38,MGTAVTT_LS,NA,NA,NA,NA,NA
BD41,MGTAVTT_LS,NA,NA,NA,NA,NA
BE39,MGTAVTT_LS,NA,NA,NA,NA,NA
BF37,MGTAVTT_LS,NA,NA,NA,NA,NA
BF40,MGTAVTT_LS,NA,NA,NA,NA,NA
U8,MGTAVTT_RC,NA,NA,NA,NA,NA
V7,MGTAVTT_RC,NA,NA,NA,NA,NA
Y6,MGTAVTT_RC,NA,NA,NA,NA,NA
AA8,MGTAVTT_RC,NA,NA,NA,NA,NA
AB7,MGTAVTT_RC,NA,NA,NA,NA,NA
AC9,MGTAVTT_RC,NA,NA,NA,NA,NA
AD6,MGTAVTT_RC,NA,NA,NA,NA,NA
AE8,MGTAVTT_RC,NA,NA,NA,NA,NA
AF7,MGTAVTT_RC,NA,NA,NA,NA,NA
AG9,MGTAVTT_RC,NA,NA,NA,NA,NA
AJ8,MGTAVTT_RC,NA,NA,NA,NA,NA
AK7,MGTAVTT_RC,NA,NA,NA,NA,NA
AM6,MGTAVTT_RC,NA,NA,NA,NA,NA
AN8,MGTAVTT_RC,NA,NA,NA,NA,NA
AP7,MGTAVTT_RC,NA,NA,NA,NA,NA
AR9,MGTAVTT_RC,NA,NA,NA,NA,NA
AT6,MGTAVTT_RC,NA,NA,NA,NA,NA
A4,MGTAVTT_RN,NA,NA,NA,NA,NA
B7,MGTAVTT_RN,NA,NA,NA,NA,NA
B11,MGTAVTT_RN,NA,NA,NA,NA,NA
C9,MGTAVTT_RN,NA,NA,NA,NA,NA
D10,MGTAVTT_RN,NA,NA,NA,NA,NA
E8,MGTAVTT_RN,NA,NA,NA,NA,NA
F7,MGTAVTT_RN,NA,NA,NA,NA,NA
G9,MGTAVTT_RN,NA,NA,NA,NA,NA
H6,MGTAVTT_RN,NA,NA,NA,NA,NA
J8,MGTAVTT_RN,NA,NA,NA,NA,NA
K7,MGTAVTT_RN,NA,NA,NA,NA,NA
L9,MGTAVTT_RN,NA,NA,NA,NA,NA
M6,MGTAVTT_RN,NA,NA,NA,NA,NA
N8,MGTAVTT_RN,NA,NA,NA,NA,NA
P7,MGTAVTT_RN,NA,NA,NA,NA,NA
R9,MGTAVTT_RN,NA,NA,NA,NA,NA
T6,MGTAVTT_RN,NA,NA,NA,NA,NA
AU8,MGTAVTT_RS,NA,NA,NA,NA,NA
AV7,MGTAVTT_RS,NA,NA,NA,NA,NA
AW9,MGTAVTT_RS,NA,NA,NA,NA,NA
AY6,MGTAVTT_RS,NA,NA,NA,NA,NA
BA8,MGTAVTT_RS,NA,NA,NA,NA,NA
BB7,MGTAVTT_RS,NA,NA,NA,NA,NA
BC9,MGTAVTT_RS,NA,NA,NA,NA,NA
BD6,MGTAVTT_RS,NA,NA,NA,NA,NA
BE8,MGTAVTT_RS,NA,NA,NA,NA,NA
BF7,MGTAVTT_RS,NA,NA,NA,NA,NA
BF10,MGTAVTT_RS,NA,NA,NA,NA,NA
Y37,MGTVCCAUX_LC,NA,NA,NA,NA,NA
AB36,MGTVCCAUX_LC,NA,NA,NA,NA,NA
J35,MGTVCCAUX_LN,NA,NA,NA,NA,NA
L34,MGTVCCAUX_LN,NA,NA,NA,NA,NA
AK36,MGTVCCAUX_LS,NA,NA,NA,NA,NA
AM37,MGTVCCAUX_LS,NA,NA,NA,NA,NA
Y10,MGTVCCAUX_RC,NA,NA,NA,NA,NA
AB11,MGTVCCAUX_RC,NA,NA,NA,NA,NA
J12,MGTVCCAUX_RN,NA,NA,NA,NA,NA
L13,MGTVCCAUX_RN,NA,NA,NA,NA,NA
AK11,MGTVCCAUX_RS,NA,NA,NA,NA,NA
AM10,MGTVCCAUX_RS,NA,NA,NA,NA,NA
P32,VCCAUX,NA,NA,NA,NA,NA
T32,VCCAUX,NA,NA,NA,NA,NA
V32,VCCAUX,NA,NA,NA,NA,NA
Y32,VCCAUX,NA,NA,NA,NA,NA
AB32,VCCAUX,NA,NA,NA,NA,NA
AC31,VCCAUX,NA,NA,NA,NA,NA
AD32,VCCAUX,NA,NA,NA,NA,NA
AE31,VCCAUX,NA,NA,NA,NA,NA
AF32,VCCAUX,NA,NA,NA,NA,NA
AH32,VCCAUX,NA,NA,NA,NA,NA
AK32,VCCAUX,NA,NA,NA,NA,NA
R31,VCCAUX_IO,NA,NA,NA,NA,NA
U31,VCCAUX_IO,NA,NA,NA,NA,NA
W31,VCCAUX_IO,NA,NA,NA,NA,NA
Y30,VCCAUX_IO,NA,NA,NA,NA,NA
AA31,VCCAUX_IO,NA,NA,NA,NA,NA
AB30,VCCAUX_IO,NA,NA,NA,NA,NA
AD30,VCCAUX_IO,NA,NA,NA,NA,NA
AF30,VCCAUX_IO,NA,NA,NA,NA,NA
AG31,VCCAUX_IO,NA,NA,NA,NA,NA
AH30,VCCAUX_IO,NA,NA,NA,NA,NA
AJ31,VCCAUX_IO,NA,NA,NA,NA,NA
AK30,VCCAUX_IO,NA,NA,NA,NA,NA
AL31,VCCAUX_IO,NA,NA,NA,NA,NA
P26,VCCINT,NA,NA,NA,NA,NA
P28,VCCINT,NA,NA,NA,NA,NA
R15,VCCINT,NA,NA,NA,NA,NA
R17,VCCINT,NA,NA,NA,NA,NA
R19,VCCINT,NA,NA,NA,NA,NA
R21,VCCINT,NA,NA,NA,NA,NA
R23,VCCINT,NA,NA,NA,NA,NA
R25,VCCINT,NA,NA,NA,NA,NA
R27,VCCINT,NA,NA,NA,NA,NA
R29,VCCINT,NA,NA,NA,NA,NA
T16,VCCINT,NA,NA,NA,NA,NA
T18,VCCINT,NA,NA,NA,NA,NA
T20,VCCINT,NA,NA,NA,NA,NA
T22,VCCINT,NA,NA,NA,NA,NA
T24,VCCINT,NA,NA,NA,NA,NA
T26,VCCINT,NA,NA,NA,NA,NA
T28,VCCINT,NA,NA,NA,NA,NA
U15,VCCINT,NA,NA,NA,NA,NA
U17,VCCINT,NA,NA,NA,NA,NA
U19,VCCINT,NA,NA,NA,NA,NA
U21,VCCINT,NA,NA,NA,NA,NA
U23,VCCINT,NA,NA,NA,NA,NA
U25,VCCINT,NA,NA,NA,NA,NA
U27,VCCINT,NA,NA,NA,NA,NA
U29,VCCINT,NA,NA,NA,NA,NA
V18,VCCINT,NA,NA,NA,NA,NA
V20,VCCINT,NA,NA,NA,NA,NA
V22,VCCINT,NA,NA,NA,NA,NA
V24,VCCINT,NA,NA,NA,NA,NA
V26,VCCINT,NA,NA,NA,NA,NA
V28,VCCINT,NA,NA,NA,NA,NA
W19,VCCINT,NA,NA,NA,NA,NA
W21,VCCINT,NA,NA,NA,NA,NA
W23,VCCINT,NA,NA,NA,NA,NA
W25,VCCINT,NA,NA,NA,NA,NA
W27,VCCINT,NA,NA,NA,NA,NA
W29,VCCINT,NA,NA,NA,NA,NA
Y18,VCCINT,NA,NA,NA,NA,NA
Y20,VCCINT,NA,NA,NA,NA,NA
Y22,VCCINT,NA,NA,NA,NA,NA
Y24,VCCINT,NA,NA,NA,NA,NA
Y26,VCCINT,NA,NA,NA,NA,NA
Y28,VCCINT,NA,NA,NA,NA,NA
AA19,VCCINT,NA,NA,NA,NA,NA
AA21,VCCINT,NA,NA,NA,NA,NA
AA23,VCCINT,NA,NA,NA,NA,NA
AA25,VCCINT,NA,NA,NA,NA,NA
AA27,VCCINT,NA,NA,NA,NA,NA
AB18,VCCINT,NA,NA,NA,NA,NA
AB22,VCCINT,NA,NA,NA,NA,NA
AB24,VCCINT,NA,NA,NA,NA,NA
AB26,VCCINT,NA,NA,NA,NA,NA
AB28,VCCINT,NA,NA,NA,NA,NA
AC21,VCCINT,NA,NA,NA,NA,NA
AC23,VCCINT,NA,NA,NA,NA,NA
AC25,VCCINT,NA,NA,NA,NA,NA
AC27,VCCINT,NA,NA,NA,NA,NA
AD18,VCCINT,NA,NA,NA,NA,NA
AD22,VCCINT,NA,NA,NA,NA,NA
AD24,VCCINT,NA,NA,NA,NA,NA
AD26,VCCINT,NA,NA,NA,NA,NA
AD28,VCCINT,NA,NA,NA,NA,NA
AE21,VCCINT,NA,NA,NA,NA,NA
AE23,VCCINT,NA,NA,NA,NA,NA
AE25,VCCINT,NA,NA,NA,NA,NA
AE27,VCCINT,NA,NA,NA,NA,NA
AF18,VCCINT,NA,NA,NA,NA,NA
AF20,VCCINT,NA,NA,NA,NA,NA
AF22,VCCINT,NA,NA,NA,NA,NA
AF24,VCCINT,NA,NA,NA,NA,NA
AF26,VCCINT,NA,NA,NA,NA,NA
AF28,VCCINT,NA,NA,NA,NA,NA
AG19,VCCINT,NA,NA,NA,NA,NA
AG21,VCCINT,NA,NA,NA,NA,NA
AG23,VCCINT,NA,NA,NA,NA,NA
AG25,VCCINT,NA,NA,NA,NA,NA
AG27,VCCINT,NA,NA,NA,NA,NA
AH16,VCCINT,NA,NA,NA,NA,NA
AH18,VCCINT,NA,NA,NA,NA,NA
AH20,VCCINT,NA,NA,NA,NA,NA
AH22,VCCINT,NA,NA,NA,NA,NA
AH24,VCCINT,NA,NA,NA,NA,NA
AH26,VCCINT,NA,NA,NA,NA,NA
AH28,VCCINT,NA,NA,NA,NA,NA
AJ15,VCCINT,NA,NA,NA,NA,NA
AJ17,VCCINT,NA,NA,NA,NA,NA
AJ19,VCCINT,NA,NA,NA,NA,NA
AJ21,VCCINT,NA,NA,NA,NA,NA
AJ23,VCCINT,NA,NA,NA,NA,NA
AJ25,VCCINT,NA,NA,NA,NA,NA
AJ27,VCCINT,NA,NA,NA,NA,NA
AK16,VCCINT,NA,NA,NA,NA,NA
AK18,VCCINT,NA,NA,NA,NA,NA
AK20,VCCINT,NA,NA,NA,NA,NA
AK22,VCCINT,NA,NA,NA,NA,NA
AK24,VCCINT,NA,NA,NA,NA,NA
AK26,VCCINT,NA,NA,NA,NA,NA
AK28,VCCINT,NA,NA,NA,NA,NA
AL15,VCCINT,NA,NA,NA,NA,NA
AL17,VCCINT,NA,NA,NA,NA,NA
AL19,VCCINT,NA,NA,NA,NA,NA
AL21,VCCINT,NA,NA,NA,NA,NA
AL23,VCCINT,NA,NA,NA,NA,NA
AL25,VCCINT,NA,NA,NA,NA,NA
AL27,VCCINT,NA,NA,NA,NA,NA
P30,VCCINT_IO,NA,NA,NA,NA,NA
T30,VCCINT_IO,NA,NA,NA,NA,NA
V30,VCCINT_IO,NA,NA,NA,NA,NA
AA29,VCCINT_IO,NA,NA,NA,NA,NA
AC29,VCCINT_IO,NA,NA,NA,NA,NA
AE29,VCCINT_IO,NA,NA,NA,NA,NA
AG29,VCCINT_IO,NA,NA,NA,NA,NA
AJ29,VCCINT_IO,NA,NA,NA,NA,NA
AL29,VCCINT_IO,NA,NA,NA,NA,NA
AC15,VCCO_0,NA,0,NA,NA,NA
AE15,VCCO_0,NA,0,NA,NA,NA
AM20,VCCO_65,NA,65,NA,NA,NA
AR21,VCCO_65,NA,65,NA,NA,NA
AT18,VCCO_65,NA,65,NA,NA,NA
AW19,VCCO_65,NA,65,NA,NA,NA
BB20,VCCO_65,NA,65,NA,NA,NA
BF18,VCCO_65,NA,65,NA,NA,NA
AN27,VCCO_66,NA,66,NA,NA,NA
AP24,VCCO_66,NA,66,NA,NA,NA
AU25,VCCO_66,NA,66,NA,NA,NA
AV22,VCCO_66,NA,66,NA,NA,NA
BA23,VCCO_66,NA,66,NA,NA,NA
BD24,VCCO_66,NA,66,NA,NA,NA
BE21,VCCO_66,NA,66,NA,NA,NA
AM30,VCCO_67,NA,67,NA,NA,NA
AR31,VCCO_67,NA,67,NA,NA,NA
AT28,VCCO_67,NA,67,NA,NA,NA
AW29,VCCO_67,NA,67,NA,NA,NA
AY26,VCCO_67,NA,67,NA,NA,NA
BC27,VCCO_67,NA,67,NA,NA,NA
BF28,VCCO_67,NA,67,NA,NA,NA
AP34,VCCO_68,NA,68,NA,NA,NA
AU35,VCCO_68,NA,68,NA,NA,NA
AV32,VCCO_68,NA,68,NA,NA,NA
AY36,VCCO_68,NA,68,NA,NA,NA
BA33,VCCO_68,NA,68,NA,NA,NA
BB30,VCCO_68,NA,68,NA,NA,NA
BE31,VCCO_68,NA,68,NA,NA,NA
A27,VCCO_69,NA,69,NA,NA,NA
D28,VCCO_69,NA,69,NA,NA,NA
G29,VCCO_69,NA,69,NA,NA,NA
H26,VCCO_69,NA,69,NA,NA,NA
K30,VCCO_69,NA,69,NA,NA,NA
L27,VCCO_69,NA,69,NA,NA,NA
N31,VCCO_69,NA,69,NA,NA,NA
B24,VCCO_70,NA,70,NA,NA,NA
E25,VCCO_70,NA,70,NA,NA,NA
F22,VCCO_70,NA,70,NA,NA,NA
J23,VCCO_70,NA,70,NA,NA,NA
M24,VCCO_70,NA,70,NA,NA,NA
N21,VCCO_70,NA,70,NA,NA,NA
C21,VCCO_71,NA,71,NA,NA,NA
D18,VCCO_71,NA,71,NA,NA,NA
G19,VCCO_71,NA,71,NA,NA,NA
K20,VCCO_71,NA,71,NA,NA,NA
L17,VCCO_71,NA,71,NA,NA,NA
P18,VCCO_71,NA,71,NA,NA,NA
AN17,VCCO_84,NA,84,NA,NA,NA
AP14,VCCO_84,NA,84,NA,NA,NA
AR11,VCCO_84,NA,84,NA,NA,NA
AU15,VCCO_84,NA,84,NA,NA,NA
AV12,VCCO_94,NA,94,NA,NA,NA
AY16,VCCO_94,NA,94,NA,NA,NA
BA13,VCCO_94,NA,94,NA,NA,NA
BC17,VCCO_94,NA,94,NA,NA,NA
V16,VCCBRAM,NA,NA,NA,NA,NA
W15,VCCBRAM,NA,NA,NA,NA,NA
W17,VCCBRAM,NA,NA,NA,NA,NA
Y16,VCCBRAM,NA,NA,NA,NA,NA
AA17,VCCBRAM,NA,NA,NA,NA,NA
AC17,VCCBRAM,NA,NA,NA,NA,NA
AE17,VCCBRAM,NA,NA,NA,NA,NA
AG17,VCCBRAM,NA,NA,NA,NA,NA
D6,NC,NA,NA,NA,NA,NA
D7,NC,NA,NA,NA,NA,NA
AH40,NC,NA,NA,NA,NA,NA
AH41,NC,NA,NA,NA,NA,NA
A8,NC,NA,NA,NA,NA,NA
A9,NC,NA,NA,NA,NA,NA
A38,NC,NA,NA,NA,NA,NA
A39,NC,NA,NA,NA,NA,NA
A10,NC,NA,NA,NA,NA,NA
A11,NC,NA,NA,NA,NA,NA
A15,NC,NA,NA,NA,NA,NA
A16,NC,NA,NA,NA,NA,NA
A31,NC,NA,NA,NA,NA,NA
A32,NC,NA,NA,NA,NA,NA
A36,NC,NA,NA,NA,NA,NA
A37,NC,NA,NA,NA,NA,NA
A6,NC,NA,NA,NA,NA,NA
A7,NC,NA,NA,NA,NA,NA
AH12,NC,NA,NA,NA,NA,NA
AH13,NC,NA,NA,NA,NA,NA
AH34,NC,NA,NA,NA,NA,NA
AH35,NC,NA,NA,NA,NA,NA
AJ10,NC,NA,NA,NA,NA,NA
AJ11,NC,NA,NA,NA,NA,NA
AJ36,NC,NA,NA,NA,NA,NA
AJ37,NC,NA,NA,NA,NA,NA
AK12,NC,NA,NA,NA,NA,NA
AK13,NC,NA,NA,NA,NA,NA
AK34,NC,NA,NA,NA,NA,NA
AK35,NC,NA,NA,NA,NA,NA
AL10,NC,NA,NA,NA,NA,NA
AL11,NC,NA,NA,NA,NA,NA
AL36,NC,NA,NA,NA,NA,NA
AL37,NC,NA,NA,NA,NA,NA
AM12,NC,NA,NA,NA,NA,NA
AM13,NC,NA,NA,NA,NA,NA
AM34,NC,NA,NA,NA,NA,NA
AM35,NC,NA,NA,NA,NA,NA
AN10,NC,NA,NA,NA,NA,NA
AN11,NC,NA,NA,NA,NA,NA
AN36,NC,NA,NA,NA,NA,NA
AN37,NC,NA,NA,NA,NA,NA
AT3,NC,NA,NA,NA,NA,NA
AT38,NC,NA,NA,NA,NA,NA
AT39,NC,NA,NA,NA,NA,NA
AT4,NC,NA,NA,NA,NA,NA
AT43,NC,NA,NA,NA,NA,NA
AT44,NC,NA,NA,NA,NA,NA
AT8,NC,NA,NA,NA,NA,NA
AT9,NC,NA,NA,NA,NA,NA
AU1,NC,NA,NA,NA,NA,NA
AU2,NC,NA,NA,NA,NA,NA
AU40,NC,NA,NA,NA,NA,NA
AU41,NC,NA,NA,NA,NA,NA
AU45,NC,NA,NA,NA,NA,NA
AU46,NC,NA,NA,NA,NA,NA
AU6,NC,NA,NA,NA,NA,NA
AU7,NC,NA,NA,NA,NA,NA
AV3,NC,NA,NA,NA,NA,NA
AV38,NC,NA,NA,NA,NA,NA
AV39,NC,NA,NA,NA,NA,NA
AV4,NC,NA,NA,NA,NA,NA
AV43,NC,NA,NA,NA,NA,NA
AV44,NC,NA,NA,NA,NA,NA
AV8,NC,NA,NA,NA,NA,NA
AV9,NC,NA,NA,NA,NA,NA
AW1,NC,NA,NA,NA,NA,NA
AW2,NC,NA,NA,NA,NA,NA
AW40,NC,NA,NA,NA,NA,NA
AW41,NC,NA,NA,NA,NA,NA
AW45,NC,NA,NA,NA,NA,NA
AW46,NC,NA,NA,NA,NA,NA
AW6,NC,NA,NA,NA,NA,NA
AW7,NC,NA,NA,NA,NA,NA
AY3,NC,NA,NA,NA,NA,NA
AY38,NC,NA,NA,NA,NA,NA
AY39,NC,NA,NA,NA,NA,NA
AY4,NC,NA,NA,NA,NA,NA
AY43,NC,NA,NA,NA,NA,NA
AY44,NC,NA,NA,NA,NA,NA
AY8,NC,NA,NA,NA,NA,NA
AY9,NC,NA,NA,NA,NA,NA
B13,NC,NA,NA,NA,NA,NA
B14,NC,NA,NA,NA,NA,NA
B3,NC,NA,NA,NA,NA,NA
B33,NC,NA,NA,NA,NA,NA
B34,NC,NA,NA,NA,NA,NA
B38,NC,NA,NA,NA,NA,NA
B39,NC,NA,NA,NA,NA,NA
B4,NC,NA,NA,NA,NA,NA
B8,NC,NA,NA,NA,NA,NA
B9,NC,NA,NA,NA,NA,NA
BA1,NC,NA,NA,NA,NA,NA
BA2,NC,NA,NA,NA,NA,NA
BA40,NC,NA,NA,NA,NA,NA
BA41,NC,NA,NA,NA,NA,NA
BA45,NC,NA,NA,NA,NA,NA
BA46,NC,NA,NA,NA,NA,NA
BA6,NC,NA,NA,NA,NA,NA
BA7,NC,NA,NA,NA,NA,NA
BB3,NC,NA,NA,NA,NA,NA
BB38,NC,NA,NA,NA,NA,NA
BB39,NC,NA,NA,NA,NA,NA
BB4,NC,NA,NA,NA,NA,NA
BB43,NC,NA,NA,NA,NA,NA
BB44,NC,NA,NA,NA,NA,NA
BB8,NC,NA,NA,NA,NA,NA
BB9,NC,NA,NA,NA,NA,NA
BC1,NC,NA,NA,NA,NA,NA
BC2,NC,NA,NA,NA,NA,NA
BC40,NC,NA,NA,NA,NA,NA
BC41,NC,NA,NA,NA,NA,NA
BC45,NC,NA,NA,NA,NA,NA
BC46,NC,NA,NA,NA,NA,NA
BC6,NC,NA,NA,NA,NA,NA
BC7,NC,NA,NA,NA,NA,NA
BD10,NC,NA,NA,NA,NA,NA
BD11,NC,NA,NA,NA,NA,NA
BD13,NC,NA,NA,NA,NA,NA
BD14,NC,NA,NA,NA,NA,NA
BD3,NC,NA,NA,NA,NA,NA
BD33,NC,NA,NA,NA,NA,NA
BD34,NC,NA,NA,NA,NA,NA
BD36,NC,NA,NA,NA,NA,NA
BD37,NC,NA,NA,NA,NA,NA
BD38,NC,NA,NA,NA,NA,NA
BD39,NC,NA,NA,NA,NA,NA
BD4,NC,NA,NA,NA,NA,NA
BD43,NC,NA,NA,NA,NA,NA
BD44,NC,NA,NA,NA,NA,NA
BD8,NC,NA,NA,NA,NA,NA
BD9,NC,NA,NA,NA,NA,NA
BE10,NC,NA,NA,NA,NA,NA
BE11,NC,NA,NA,NA,NA,NA
BE36,NC,NA,NA,NA,NA,NA
BE37,NC,NA,NA,NA,NA,NA
BE40,NC,NA,NA,NA,NA,NA
BE41,NC,NA,NA,NA,NA,NA
BE6,NC,NA,NA,NA,NA,NA
BE7,NC,NA,NA,NA,NA,NA
BF13,NC,NA,NA,NA,NA,NA
BF14,NC,NA,NA,NA,NA,NA
BF3,NC,NA,NA,NA,NA,NA
BF33,NC,NA,NA,NA,NA,NA
BF34,NC,NA,NA,NA,NA,NA
BF38,NC,NA,NA,NA,NA,NA
BF39,NC,NA,NA,NA,NA,NA
BF4,NC,NA,NA,NA,NA,NA
BF43,NC,NA,NA,NA,NA,NA
BF44,NC,NA,NA,NA,NA,NA
BF8,NC,NA,NA,NA,NA,NA
BF9,NC,NA,NA,NA,NA,NA
C1,NC,NA,NA,NA,NA,NA
C10,NC,NA,NA,NA,NA,NA
C11,NC,NA,NA,NA,NA,NA
C15,NC,NA,NA,NA,NA,NA
C16,NC,NA,NA,NA,NA,NA
C2,NC,NA,NA,NA,NA,NA
C31,NC,NA,NA,NA,NA,NA
C32,NC,NA,NA,NA,NA,NA
C36,NC,NA,NA,NA,NA,NA
C37,NC,NA,NA,NA,NA,NA
C6,NC,NA,NA,NA,NA,NA
C7,NC,NA,NA,NA,NA,NA
D13,NC,NA,NA,NA,NA,NA
D14,NC,NA,NA,NA,NA,NA
D3,NC,NA,NA,NA,NA,NA
D33,NC,NA,NA,NA,NA,NA
D34,NC,NA,NA,NA,NA,NA
D38,NC,NA,NA,NA,NA,NA
D39,NC,NA,NA,NA,NA,NA
D4,NC,NA,NA,NA,NA,NA
D8,NC,NA,NA,NA,NA,NA
D9,NC,NA,NA,NA,NA,NA
E1,NC,NA,NA,NA,NA,NA
E10,NC,NA,NA,NA,NA,NA
E11,NC,NA,NA,NA,NA,NA
E2,NC,NA,NA,NA,NA,NA
E6,NC,NA,NA,NA,NA,NA
E7,NC,NA,NA,NA,NA,NA
H12,NC,NA,NA,NA,NA,NA
H13,NC,NA,NA,NA,NA,NA
H34,NC,NA,NA,NA,NA,NA
H35,NC,NA,NA,NA,NA,NA
J10,NC,NA,NA,NA,NA,NA
J11,NC,NA,NA,NA,NA,NA
J36,NC,NA,NA,NA,NA,NA
J37,NC,NA,NA,NA,NA,NA
K12,NC,NA,NA,NA,NA,NA
K13,NC,NA,NA,NA,NA,NA
L10,NC,NA,NA,NA,NA,NA
L11,NC,NA,NA,NA,NA,NA
A41,NC,NA,NA,NA,NA,NA
A40,NC,NA,NA,NA,NA,NA
B43,NC,NA,NA,NA,NA,NA
B44,NC,NA,NA,NA,NA,NA
K35,NC,NA,NA,NA,NA,NA
K34,NC,NA,NA,NA,NA,NA
C41,NC,NA,NA,NA,NA,NA
C40,NC,NA,NA,NA,NA,NA
C45,NC,NA,NA,NA,NA,NA
C46,NC,NA,NA,NA,NA,NA
E37,NC,NA,NA,NA,NA,NA
E36,NC,NA,NA,NA,NA,NA
D43,NC,NA,NA,NA,NA,NA
D44,NC,NA,NA,NA,NA,NA
L37,NC,NA,NA,NA,NA,NA
L36,NC,NA,NA,NA,NA,NA
E41,NC,NA,NA,NA,NA,NA
E40,NC,NA,NA,NA,NA,NA
E45,NC,NA,NA,NA,NA,NA
E46,NC,NA,NA,NA,NA,NA
,,,,,,
Total Number of Pins, 2104,,,,,,
