Device/Package xcvu440flgb2377 12/8/2014 11:32:22,,,,,,
,,,,,,
Pin,Pin Name,Memory Byte Group,Bank,I/O Type,Super Logic Region,No-Connect
AF15,DXN,NA,NA,NA,NA,NA
AF16,DXP,NA,NA,NA,NA,NA
AE16,VREFP,NA,NA,NA,NA,NA
AD15,VREFN,NA,NA,NA,NA,NA
AD16,VP,NA,NA,NA,NA,NA
AE15,VN,NA,NA,NA,NA,NA
P11,M0_0,NA,0,CONFIG,1,NA
U11,M1_0,NA,0,CONFIG,1,NA
Y11,INIT_B_0,NA,0,CONFIG,1,NA
R11,M2_0,NA,0,CONFIG,1,NA
W11,CFGBVS_0,NA,0,CONFIG,1,NA
AB11,PUDC_B_0,NA,0,CONFIG,1,NA
AE11,POR_OVERRIDE,NA,NA,NA,NA,NA
AC11,DONE_0,NA,0,CONFIG,1,NA
AG11,PROGRAM_B_0,NA,0,CONFIG,1,NA
AF12,TDI_0,NA,0,CONFIG,1,NA
AH11,RDWR_FCS_B_0,NA,0,CONFIG,1,NA
AL11,D02_0,NA,0,CONFIG,1,NA
AN11,D00_MOSI_0,NA,0,CONFIG,1,NA
AK11,D03_0,NA,0,CONFIG,1,NA
AK12,D01_DIN_0,NA,0,CONFIG,1,NA
AH12,TMS_0,NA,0,CONFIG,1,NA
AD12,CCLK_0,NA,0,CONFIG,1,NA
AB12,TCK_0,NA,0,CONFIG,1,NA
AP11,VBATT,NA,NA,NA,NA,NA
Y12,TDO_0,NA,0,CONFIG,1,NA
AW45,IO_L24P_T3U_N10_40,3U,40,HP,0,NA
AW46,IO_L24N_T3U_N11_40,3U,40,HP,0,NA
AW48,IO_T3U_N12_40,3U,40,HP,0,NA
AY48,IO_L23P_T3U_N8_40,3U,40,HP,0,NA
BA49,IO_L23N_T3U_N9_40,3U,40,HP,0,NA
AW44,IO_L22P_T3U_N6_DBC_AD0P_40,3U,40,HP,0,NA
AY45,IO_L22N_T3U_N7_DBC_AD0N_40,3U,40,HP,0,NA
BA47,IO_L21P_T3L_N4_AD8P_40,3L,40,HP,0,NA
BA48,IO_L21N_T3L_N5_AD8N_40,3L,40,HP,0,NA
AY46,IO_L20P_T3L_N2_AD1P_40,3L,40,HP,0,NA
AY47,IO_L20N_T3L_N3_AD1N_40,3L,40,HP,0,NA
BA44,IO_L19P_T3L_N0_DBC_AD9P_40,3L,40,HP,0,NA
BA45,IO_L19N_T3L_N1_DBC_AD9N_40,3L,40,HP,0,NA
BB49,IO_L18P_T2U_N10_AD2P_40,2U,40,HP,0,NA
BC49,IO_L18N_T2U_N11_AD2N_40,2U,40,HP,0,NA
BB46,IO_L17P_T2U_N8_AD10P_40,2U,40,HP,0,NA
BB47,IO_L17N_T2U_N9_AD10N_40,2U,40,HP,0,NA
BD48,IO_L16P_T2U_N6_QBC_AD3P_40,2U,40,HP,0,NA
BD49,IO_L16N_T2U_N7_QBC_AD3N_40,2U,40,HP,0,NA
BB44,IO_L15P_T2L_N4_AD11P_40,2L,40,HP,0,NA
BB45,IO_L15N_T2L_N5_AD11N_40,2L,40,HP,0,NA
BC47,IO_L14P_T2L_N2_GC_40,2L,40,HP,0,NA
BC48,IO_L14N_T2L_N3_GC_40,2L,40,HP,0,NA
BC44,IO_T2U_N12_40,2U,40,HP,0,NA
BC46,IO_L13P_T2L_N0_GC_QBC_40,2L,40,HP,0,NA
BD46,IO_L13N_T2L_N1_GC_QBC_40,2L,40,HP,0,NA
BE46,IO_L12P_T1U_N10_GC_40,1U,40,HP,0,NA
BE47,IO_L12N_T1U_N11_GC_40,1U,40,HP,0,NA
BG46,IO_T1U_N12_40,1U,40,HP,0,NA
BE45,IO_L11P_T1U_N8_GC_40,1U,40,HP,0,NA
BF45,IO_L11N_T1U_N9_GC_40,1U,40,HP,0,NA
BE48,IO_L10P_T1U_N6_QBC_AD4P_40,1U,40,HP,0,NA
BF49,IO_L10N_T1U_N7_QBC_AD4N_40,1U,40,HP,0,NA
BG47,IO_L9P_T1L_N4_AD12P_40,1L,40,HP,0,NA
BH47,IO_L9N_T1L_N5_AD12N_40,1L,40,HP,0,NA
BF47,IO_L8P_T1L_N2_AD5P_40,1L,40,HP,0,NA
BF48,IO_L8N_T1L_N3_AD5N_40,1L,40,HP,0,NA
BH46,IO_L7P_T1L_N0_QBC_AD13P_40,1L,40,HP,0,NA
BJ46,IO_L7N_T1L_N1_QBC_AD13N_40,1L,40,HP,0,NA
BJ44,IO_L6P_T0U_N10_AD6P_40,0U,40,HP,0,NA
BJ45,IO_L6N_T0U_N11_AD6N_40,0U,40,HP,0,NA
BD44,IO_L5P_T0U_N8_AD14P_40,0U,40,HP,0,NA
BD45,IO_L5N_T0U_N9_AD14N_40,0U,40,HP,0,NA
BH43,IO_L4P_T0U_N6_DBC_AD7P_40,0U,40,HP,0,NA
BJ43,IO_L4N_T0U_N7_DBC_AD7N_40,0U,40,HP,0,NA
BF44,IO_L3P_T0L_N4_AD15P_40,0L,40,HP,0,NA
BG45,IO_L3N_T0L_N5_AD15N_40,0L,40,HP,0,NA
BE43,IO_L2P_T0L_N2_40,0L,40,HP,0,NA
BF43,IO_L2N_T0L_N3_40,0L,40,HP,0,NA
BD43,IO_T0U_N12_VRP_40,0U,40,HP,0,NA
BG44,IO_L1P_T0L_N0_DBC_40,0L,40,HP,0,NA
BH44,IO_L1N_T0L_N1_DBC_40,0L,40,HP,0,NA
AV44,VREF_40,NA,40,HP,0,NA
AR38,IO_L24P_T3U_N10_41,3U,41,HP,0,NA
AT38,IO_L24N_T3U_N11_41,3U,41,HP,0,NA
AR37,IO_T3U_N12_41,3U,41,HP,0,NA
AT37,IO_L23P_T3U_N8_41,3U,41,HP,0,NA
AU37,IO_L23N_T3U_N9_41,3U,41,HP,0,NA
AP38,IO_L22P_T3U_N6_DBC_AD0P_41,3U,41,HP,0,NA
AP39,IO_L22N_T3U_N7_DBC_AD0N_41,3U,41,HP,0,NA
AT39,IO_L21P_T3L_N4_AD8P_41,3L,41,HP,0,NA
AT40,IO_L21N_T3L_N5_AD8N_41,3L,41,HP,0,NA
AN38,IO_L20P_T3L_N2_AD1P_41,3L,41,HP,0,NA
AN39,IO_L20N_T3L_N3_AD1N_41,3L,41,HP,0,NA
AU39,IO_L19P_T3L_N0_DBC_AD9P_41,3L,41,HP,0,NA
AU40,IO_L19N_T3L_N1_DBC_AD9N_41,3L,41,HP,0,NA
AN41,IO_L18P_T2U_N10_AD2P_41,2U,41,HP,0,NA
AP41,IO_L18N_T2U_N11_AD2N_41,2U,41,HP,0,NA
AP40,IO_L17P_T2U_N8_AD10P_41,2U,41,HP,0,NA
AR40,IO_L17N_T2U_N9_AD10N_41,2U,41,HP,0,NA
AN42,IO_L16P_T2U_N6_QBC_AD3P_41,2U,41,HP,0,NA
AN43,IO_L16N_T2U_N7_QBC_AD3N_41,2U,41,HP,0,NA
AU41,IO_L15P_T2L_N4_AD11P_41,2L,41,HP,0,NA
AU42,IO_L15N_T2L_N5_AD11N_41,2L,41,HP,0,NA
AP43,IO_L14P_T2L_N2_GC_41,2L,41,HP,0,NA
AR43,IO_L14N_T2L_N3_GC_41,2L,41,HP,0,NA
AR41,IO_T2U_N12_41,2U,41,HP,0,NA
AR42,IO_L13P_T2L_N0_GC_QBC_41,2L,41,HP,0,NA
AT42,IO_L13N_T2L_N1_GC_QBC_41,2L,41,HP,0,NA
AT43,IO_L12P_T1U_N10_GC_41,1U,41,HP,0,NA
AT44,IO_L12N_T1U_N11_GC_41,1U,41,HP,0,NA
AN44,IO_T1U_N12_41,1U,41,HP,0,NA
AR45,IO_L11P_T1U_N8_GC_41,1U,41,HP,0,NA
AT45,IO_L11N_T1U_N9_GC_41,1U,41,HP,0,NA
AU44,IO_L10P_T1U_N6_QBC_AD4P_41,1U,41,HP,0,NA
AU45,IO_L10N_T1U_N7_QBC_AD4N_41,1U,41,HP,0,NA
AP44,IO_L9P_T1L_N4_AD12P_41,1L,41,HP,0,NA
AP45,IO_L9N_T1L_N5_AD12N_41,1L,41,HP,0,NA
AU46,IO_L8P_T1L_N2_AD5P_41,1L,41,HP,0,NA
AV46,IO_L8N_T1L_N3_AD5N_41,1L,41,HP,0,NA
AP46,IO_L7P_T1L_N0_QBC_AD13P_41,1L,41,HP,0,NA
AR46,IO_L7N_T1L_N1_QBC_AD13N_41,1L,41,HP,0,NA
AU47,IO_L6P_T0U_N10_AD6P_41,0U,41,HP,0,NA
AV47,IO_L6N_T0U_N11_AD6N_41,0U,41,HP,0,NA
AR47,IO_L5P_T0U_N8_AD14P_41,0U,41,HP,0,NA
AT47,IO_L5N_T0U_N9_AD14N_41,0U,41,HP,0,NA
AT49,IO_L4P_T0U_N6_DBC_AD7P_41,0U,41,HP,0,NA
AU49,IO_L4N_T0U_N7_DBC_AD7N_41,0U,41,HP,0,NA
AP48,IO_L3P_T0L_N4_AD15P_41,0L,41,HP,0,NA
AP49,IO_L3N_T0L_N5_AD15N_41,0L,41,HP,0,NA
AV48,IO_L2P_T0L_N2_41,0L,41,HP,0,NA
AV49,IO_L2N_T0L_N3_41,0L,41,HP,0,NA
AW49,IO_T0U_N12_VRP_41,0U,41,HP,0,NA
AR48,IO_L1P_T0L_N0_DBC_41,0L,41,HP,0,NA
AT48,IO_L1N_T0L_N1_DBC_41,0L,41,HP,0,NA
AN37,VREF_41,NA,41,HP,0,NA
AK37,IO_L24P_T3U_N10_42,3U,42,HP,0,NA
AK38,IO_L24N_T3U_N11_42,3U,42,HP,0,NA
AM40,IO_T3U_N12_42,3U,42,HP,0,NA
AL37,IO_L23P_T3U_N8_42,3U,42,HP,0,NA
AM37,IO_L23N_T3U_N9_42,3U,42,HP,0,NA
AH38,IO_L22P_T3U_N6_DBC_AD0P_42,3U,42,HP,0,NA
AJ38,IO_L22N_T3U_N7_DBC_AD0N_42,3U,42,HP,0,NA
AL38,IO_L21P_T3L_N4_AD8P_42,3L,42,HP,0,NA
AM39,IO_L21N_T3L_N5_AD8N_42,3L,42,HP,0,NA
AH39,IO_L20P_T3L_N2_AD1P_42,3L,42,HP,0,NA
AJ39,IO_L20N_T3L_N3_AD1N_42,3L,42,HP,0,NA
AL39,IO_L19P_T3L_N0_DBC_AD9P_42,3L,42,HP,0,NA
AL40,IO_L19N_T3L_N1_DBC_AD9N_42,3L,42,HP,0,NA
AH42,IO_L18P_T2U_N10_AD2P_42,2U,42,HP,0,NA
AH43,IO_L18N_T2U_N11_AD2N_42,2U,42,HP,0,NA
AM41,IO_L17P_T2U_N8_AD10P_42,2U,42,HP,0,NA
AM42,IO_L17N_T2U_N9_AD10N_42,2U,42,HP,0,NA
AH41,IO_L16P_T2U_N6_QBC_AD3P_42,2U,42,HP,0,NA
AJ41,IO_L16N_T2U_N7_QBC_AD3N_42,2U,42,HP,0,NA
AJ40,IO_L15P_T2L_N4_AD11P_42,2L,42,HP,0,NA
AK41,IO_L15N_T2L_N5_AD11N_42,2L,42,HP,0,NA
AJ43,IO_L14P_T2L_N2_GC_42,2L,42,HP,0,NA
AK43,IO_L14N_T2L_N3_GC_42,2L,42,HP,0,NA
AK40,IO_T2U_N12_42,2U,42,HP,0,NA
AK42,IO_L13P_T2L_N0_GC_QBC_42,2L,42,HP,0,NA
AL42,IO_L13N_T2L_N1_GC_QBC_42,2L,42,HP,0,NA
AJ45,IO_L12P_T1U_N10_GC_42,1U,42,HP,0,NA
AK45,IO_L12N_T1U_N11_GC_42,1U,42,HP,0,NA
AH46,IO_T1U_N12_42,1U,42,HP,0,NA
AL43,IO_L11P_T1U_N8_GC_42,1U,42,HP,0,NA
AL44,IO_L11N_T1U_N9_GC_42,1U,42,HP,0,NA
AH44,IO_L10P_T1U_N6_QBC_AD4P_42,1U,42,HP,0,NA
AJ44,IO_L10N_T1U_N7_QBC_AD4N_42,1U,42,HP,0,NA
AL45,IO_L9P_T1L_N4_AD12P_42,1L,42,HP,0,NA
AM46,IO_L9N_T1L_N5_AD12N_42,1L,42,HP,0,NA
AJ46,IO_L8P_T1L_N2_AD5P_42,1L,42,HP,0,NA
AK46,IO_L8N_T1L_N3_AD5N_42,1L,42,HP,0,NA
AM44,IO_L7P_T1L_N0_QBC_AD13P_42,1L,42,HP,0,NA
AM45,IO_L7N_T1L_N1_QBC_AD13N_42,1L,42,HP,0,NA
AL47,IO_L6P_T0U_N10_AD6P_42,0U,42,HP,0,NA
AM47,IO_L6N_T0U_N11_AD6N_42,0U,42,HP,0,NA
AK47,IO_L5P_T0U_N8_AD14P_42,0U,42,HP,0,NA
AK48,IO_L5N_T0U_N9_AD14N_42,0U,42,HP,0,NA
AM49,IO_L4P_T0U_N6_DBC_AD7P_42,0U,42,HP,0,NA
AN49,IO_L4N_T0U_N7_DBC_AD7N_42,0U,42,HP,0,NA
AJ48,IO_L3P_T0L_N4_AD15P_42,0L,42,HP,0,NA
AJ49,IO_L3N_T0L_N5_AD15N_42,0L,42,HP,0,NA
AN47,IO_L2P_T0L_N2_42,0L,42,HP,0,NA
AN48,IO_L2N_T0L_N3_42,0L,42,HP,0,NA
AN46,IO_T0U_N12_VRP_42,0U,42,HP,0,NA
AL48,IO_L1P_T0L_N0_DBC_42,0L,42,HP,0,NA
AL49,IO_L1N_T0L_N1_DBC_42,0L,42,HP,0,NA
AH37,VREF_42,NA,42,HP,0,NA
AC39,IO_L24P_T3U_N10_43,3U,43,HP,0,NA
AD39,IO_L24N_T3U_N11_43,3U,43,HP,0,NA
AG40,IO_T3U_N12_43,3U,43,HP,0,NA
AD38,IO_L23P_T3U_N8_43,3U,43,HP,0,NA
AE38,IO_L23N_T3U_N9_43,3U,43,HP,0,NA
AC37,IO_L22P_T3U_N6_DBC_AD0P_43,3U,43,HP,0,NA
AC38,IO_L22N_T3U_N7_DBC_AD0N_43,3U,43,HP,0,NA
AE37,IO_L21P_T3L_N4_AD8P_43,3L,43,HP,0,NA
AF37,IO_L21N_T3L_N5_AD8N_43,3L,43,HP,0,NA
AF38,IO_L20P_T3L_N2_AD1P_43,3L,43,HP,0,NA
AG39,IO_L20N_T3L_N3_AD1N_43,3L,43,HP,0,NA
AF39,IO_L19P_T3L_N0_DBC_AD9P_43,3L,43,HP,0,NA
AF40,IO_L19N_T3L_N1_DBC_AD9N_43,3L,43,HP,0,NA
AC41,IO_L18P_T2U_N10_AD2P_43,2U,43,HP,0,NA
AD41,IO_L18N_T2U_N11_AD2N_43,2U,43,HP,0,NA
AF42,IO_L17P_T2U_N8_AD10P_43,2U,43,HP,0,NA
AG42,IO_L17N_T2U_N9_AD10N_43,2U,43,HP,0,NA
AC42,IO_L16P_T2U_N6_QBC_AD3P_43,2U,43,HP,0,NA
AC43,IO_L16N_T2U_N7_QBC_AD3N_43,2U,43,HP,0,NA
AD40,IO_L15P_T2L_N4_AD11P_43,2L,43,HP,0,NA
AE40,IO_L15N_T2L_N5_AD11N_43,2L,43,HP,0,NA
AD43,IO_L14P_T2L_N2_GC_43,2L,43,HP,0,NA
AE43,IO_L14N_T2L_N3_GC_43,2L,43,HP,0,NA
AG41,IO_T2U_N12_43,2U,43,HP,0,NA
AE41,IO_L13P_T2L_N0_GC_QBC_43,2L,43,HP,0,NA
AE42,IO_L13N_T2L_N1_GC_QBC_43,2L,43,HP,0,NA
AE45,IO_L12P_T1U_N10_GC_43,1U,43,HP,0,NA
AF45,IO_L12N_T1U_N11_GC_43,1U,43,HP,0,NA
AG44,IO_T1U_N12_43,1U,43,HP,0,NA
AF43,IO_L11P_T1U_N8_GC_43,1U,43,HP,0,NA
AF44,IO_L11N_T1U_N9_GC_43,1U,43,HP,0,NA
AC44,IO_L10P_T1U_N6_QBC_AD4P_43,1U,43,HP,0,NA
AD44,IO_L10N_T1U_N7_QBC_AD4N_43,1U,43,HP,0,NA
AD45,IO_L9P_T1L_N4_AD12P_43,1L,43,HP,0,NA
AE46,IO_L9N_T1L_N5_AD12N_43,1L,43,HP,0,NA
AC46,IO_L8P_T1L_N2_AD5P_43,1L,43,HP,0,NA
AD46,IO_L8N_T1L_N3_AD5N_43,1L,43,HP,0,NA
AG45,IO_L7P_T1L_N0_QBC_AD13P_43,1L,43,HP,0,NA
AG46,IO_L7N_T1L_N1_QBC_AD13N_43,1L,43,HP,0,NA
AD48,IO_L6P_T0U_N10_AD6P_43,0U,43,HP,0,NA
AD49,IO_L6N_T0U_N11_AD6N_43,0U,43,HP,0,NA
AF48,IO_L5P_T0U_N8_AD14P_43,0U,43,HP,0,NA
AF49,IO_L5N_T0U_N9_AD14N_43,0U,43,HP,0,NA
AE47,IO_L4P_T0U_N6_DBC_AD7P_43,0U,43,HP,0,NA
AE48,IO_L4N_T0U_N7_DBC_AD7N_43,0U,43,HP,0,NA
AG49,IO_L3P_T0L_N4_AD15P_43,0L,43,HP,0,NA
AH49,IO_L3N_T0L_N5_AD15N_43,0L,43,HP,0,NA
AF47,IO_L2P_T0L_N2_43,0L,43,HP,0,NA
AG47,IO_L2N_T0L_N3_43,0L,43,HP,0,NA
AC47,IO_T0U_N12_VRP_43,0U,43,HP,0,NA
AH47,IO_L1P_T0L_N0_DBC_43,0L,43,HP,0,NA
AH48,IO_L1N_T0L_N1_DBC_43,0L,43,HP,0,NA
AG37,VREF_43,NA,43,HP,0,NA
AB39,IO_L24P_T3U_N10_45,3U,45,HP,1,NA
AB40,IO_L24N_T3U_N11_45,3U,45,HP,1,NA
V39,IO_T3U_N12_45,3U,45,HP,1,NA
W38,IO_L23P_T3U_N8_45,3U,45,HP,1,NA
W39,IO_L23N_T3U_N9_45,3U,45,HP,1,NA
AA39,IO_L22P_T3U_N6_DBC_AD0P_45,3U,45,HP,1,NA
AA40,IO_L22N_T3U_N7_DBC_AD0N_45,3U,45,HP,1,NA
V37,IO_L21P_T3L_N4_AD8P_45,3L,45,HP,1,NA
V38,IO_L21N_T3L_N5_AD8N_45,3L,45,HP,1,NA
AA37,IO_L20P_T3L_N2_AD1P_45,3L,45,HP,1,NA
AA38,IO_L20N_T3L_N3_AD1N_45,3L,45,HP,1,NA
Y37,IO_L19P_T3L_N0_DBC_AD9P_45,3L,45,HP,1,NA
Y38,IO_L19N_T3L_N1_DBC_AD9N_45,3L,45,HP,1,NA
AB42,IO_L18P_T2U_N10_AD2P_45,2U,45,HP,1,NA
AA42,IO_L18N_T2U_N11_AD2N_45,2U,45,HP,1,NA
W41,IO_L17P_T2U_N8_AD10P_45,2U,45,HP,1,NA
V41,IO_L17N_T2U_N9_AD10N_45,2U,45,HP,1,NA
Y40,IO_L16P_T2U_N6_QBC_AD3P_45,2U,45,HP,1,NA
W40,IO_L16N_T2U_N7_QBC_AD3N_45,2U,45,HP,1,NA
U41,IO_L15P_T2L_N4_AD11P_45,2L,45,HP,1,NA
U42,IO_L15N_T2L_N5_AD11N_45,2L,45,HP,1,NA
Y41,IO_L14P_T2L_N2_GC_45,2L,45,HP,1,NA
Y42,IO_L14N_T2L_N3_GC_45,2L,45,HP,1,NA
AB41,IO_T2U_N12_45,2U,45,HP,1,NA
V42,IO_L13P_T2L_N0_GC_QBC_45,2L,45,HP,1,NA
V43,IO_L13N_T2L_N1_GC_QBC_45,2L,45,HP,1,NA
Y43,IO_L12P_T1U_N10_GC_45,1U,45,HP,1,NA
W43,IO_L12N_T1U_N11_GC_45,1U,45,HP,1,NA
AB46,IO_T1U_N12_45,1U,45,HP,1,NA
AA43,IO_L11P_T1U_N8_GC_45,1U,45,HP,1,NA
AA44,IO_L11N_T1U_N9_GC_45,1U,45,HP,1,NA
W44,IO_L10P_T1U_N6_QBC_AD4P_45,1U,45,HP,1,NA
W45,IO_L10N_T1U_N7_QBC_AD4N_45,1U,45,HP,1,NA
AA45,IO_L9P_T1L_N4_AD12P_45,1L,45,HP,1,NA
Y45,IO_L9N_T1L_N5_AD12N_45,1L,45,HP,1,NA
V44,IO_L8P_T1L_N2_AD5P_45,1L,45,HP,1,NA
U44,IO_L8N_T1L_N3_AD5N_45,1L,45,HP,1,NA
AB44,IO_L7P_T1L_N0_QBC_AD13P_45,1L,45,HP,1,NA
AB45,IO_L7N_T1L_N1_QBC_AD13N_45,1L,45,HP,1,NA
W48,IO_L6P_T0U_N10_AD6P_45,0U,45,HP,1,NA
W49,IO_L6N_T0U_N11_AD6N_45,0U,45,HP,1,NA
AA47,IO_L5P_T0U_N8_AD14P_45,0U,45,HP,1,NA
AA48,IO_L5N_T0U_N9_AD14N_45,0U,45,HP,1,NA
AB49,IO_L4P_T0U_N6_DBC_AD7P_45,0U,45,HP,1,NA
AA49,IO_L4N_T0U_N7_DBC_AD7N_45,0U,45,HP,1,NA
Y47,IO_L3P_T0L_N4_AD15P_45,0L,45,HP,1,NA
Y48,IO_L3N_T0L_N5_AD15N_45,0L,45,HP,1,NA
AC48,IO_L2P_T0L_N2_45,0L,45,HP,1,NA
AC49,IO_L2N_T0L_N3_45,0L,45,HP,1,NA
AB47,IO_T0U_N12_VRP_45,0U,45,HP,1,NA
Y46,IO_L1P_T0L_N0_DBC_45,0L,45,HP,1,NA
W46,IO_L1N_T0L_N1_DBC_45,0L,45,HP,1,NA
AB37,VREF_45,NA,45,HP,1,NA
C46,IO_L24P_T3U_N10_46,3U,46,HP,1,NA
B47,IO_L24N_T3U_N11_46,3U,46,HP,1,NA
B46,IO_T3U_N12_46,3U,46,HP,1,NA
E46,IO_L23P_T3U_N8_46,3U,46,HP,1,NA
D46,IO_L23N_T3U_N9_46,3U,46,HP,1,NA
C47,IO_L22P_T3U_N6_DBC_AD0P_46,3U,46,HP,1,NA
C48,IO_L22N_T3U_N7_DBC_AD0N_46,3U,46,HP,1,NA
E47,IO_L21P_T3L_N4_AD8P_46,3L,46,HP,1,NA
E48,IO_L21N_T3L_N5_AD8N_46,3L,46,HP,1,NA
D48,IO_L20P_T3L_N2_AD1P_46,3L,46,HP,1,NA
D49,IO_L20N_T3L_N3_AD1N_46,3L,46,HP,1,NA
F47,IO_L19P_T3L_N0_DBC_AD9P_46,3L,46,HP,1,NA
F48,IO_L19N_T3L_N1_DBC_AD9N_46,3L,46,HP,1,NA
G49,IO_L18P_T2U_N10_AD2P_46,2U,46,HP,1,NA
F49,IO_L18N_T2U_N11_AD2N_46,2U,46,HP,1,NA
G46,IO_L17P_T2U_N8_AD10P_46,2U,46,HP,1,NA
G47,IO_L17N_T2U_N9_AD10N_46,2U,46,HP,1,NA
J49,IO_L16P_T2U_N6_QBC_AD3P_46,2U,46,HP,1,NA
H49,IO_L16N_T2U_N7_QBC_AD3N_46,2U,46,HP,1,NA
H46,IO_L15P_T2L_N4_AD11P_46,2L,46,HP,1,NA
H47,IO_L15N_T2L_N5_AD11N_46,2L,46,HP,1,NA
J48,IO_L14P_T2L_N2_GC_46,2L,46,HP,1,NA
H48,IO_L14N_T2L_N3_GC_46,2L,46,HP,1,NA
J46,IO_T2U_N12_46,2U,46,HP,1,NA
K47,IO_L13P_T2L_N0_GC_QBC_46,2L,46,HP,1,NA
K48,IO_L13N_T2L_N1_GC_QBC_46,2L,46,HP,1,NA
L47,IO_L12P_T1U_N10_GC_46,1U,46,HP,1,NA
L48,IO_L12N_T1U_N11_GC_46,1U,46,HP,1,NA
K46,IO_T1U_N12_46,1U,46,HP,1,NA
N47,IO_L11P_T1U_N8_GC_46,1U,46,HP,1,NA
M47,IO_L11N_T1U_N9_GC_46,1U,46,HP,1,NA
M49,IO_L10P_T1U_N6_QBC_AD4P_46,1U,46,HP,1,NA
L49,IO_L10N_T1U_N7_QBC_AD4N_46,1U,46,HP,1,NA
N46,IO_L9P_T1L_N4_AD12P_46,1L,46,HP,1,NA
M46,IO_L9N_T1L_N5_AD12N_46,1L,46,HP,1,NA
P49,IO_L8P_T1L_N2_AD5P_46,1L,46,HP,1,NA
N49,IO_L8N_T1L_N3_AD5N_46,1L,46,HP,1,NA
P48,IO_L7P_T1L_N0_QBC_AD13P_46,1L,46,HP,1,NA
N48,IO_L7N_T1L_N1_QBC_AD13N_46,1L,46,HP,1,NA
R46,IO_L6P_T0U_N10_AD6P_46,0U,46,HP,1,NA
P46,IO_L6N_T0U_N11_AD6N_46,0U,46,HP,1,NA
U46,IO_L5P_T0U_N8_AD14P_46,0U,46,HP,1,NA
U47,IO_L5N_T0U_N9_AD14N_46,0U,46,HP,1,NA
R47,IO_L4P_T0U_N6_DBC_AD7P_46,0U,46,HP,1,NA
R48,IO_L4N_T0U_N7_DBC_AD7N_46,0U,46,HP,1,NA
V49,IO_L3P_T0L_N4_AD15P_46,0L,46,HP,1,NA
U49,IO_L3N_T0L_N5_AD15N_46,0L,46,HP,1,NA
T47,IO_L2P_T0L_N2_46,0L,46,HP,1,NA
T48,IO_L2N_T0L_N3_46,0L,46,HP,1,NA
T49,IO_T0U_N12_VRP_46,0U,46,HP,1,NA
V47,IO_L1P_T0L_N0_DBC_46,0L,46,HP,1,NA
V48,IO_L1N_T0L_N1_DBC_46,0L,46,HP,1,NA
V46,VREF_46,NA,46,HP,1,NA
R45,IO_L24P_T3U_N10_47,3U,47,HP,1,NA
P45,IO_L24N_T3U_N11_47,3U,47,HP,1,NA
N42,IO_T3U_N12_47,3U,47,HP,1,NA
U45,IO_L23P_T3U_N8_47,3U,47,HP,1,NA
T45,IO_L23N_T3U_N9_47,3U,47,HP,1,NA
P43,IO_L22P_T3U_N6_DBC_AD0P_47,3U,47,HP,1,NA
P44,IO_L22N_T3U_N7_DBC_AD0N_47,3U,47,HP,1,NA
T43,IO_L21P_T3L_N4_AD8P_47,3L,47,HP,1,NA
T44,IO_L21N_T3L_N5_AD8N_47,3L,47,HP,1,NA
N43,IO_L20P_T3L_N2_AD1P_47,3L,47,HP,1,NA
N44,IO_L20N_T3L_N3_AD1N_47,3L,47,HP,1,NA
R42,IO_L19P_T3L_N0_DBC_AD9P_47,3L,47,HP,1,NA
R43,IO_L19N_T3L_N1_DBC_AD9N_47,3L,47,HP,1,NA
L42,IO_L18P_T2U_N10_AD2P_47,2U,47,HP,1,NA
K42,IO_L18N_T2U_N11_AD2N_47,2U,47,HP,1,NA
L44,IO_L17P_T2U_N8_AD10P_47,2U,47,HP,1,NA
L45,IO_L17N_T2U_N9_AD10N_47,2U,47,HP,1,NA
K45,IO_L16P_T2U_N6_QBC_AD3P_47,2U,47,HP,1,NA
J45,IO_L16N_T2U_N7_QBC_AD3N_47,2U,47,HP,1,NA
M44,IO_L15P_T2L_N4_AD11P_47,2L,47,HP,1,NA
M45,IO_L15N_T2L_N5_AD11N_47,2L,47,HP,1,NA
J43,IO_L14P_T2L_N2_GC_47,2L,47,HP,1,NA
J44,IO_L14N_T2L_N3_GC_47,2L,47,HP,1,NA
M42,IO_T2U_N12_47,2U,47,HP,1,NA
L43,IO_L13P_T2L_N0_GC_QBC_47,2L,47,HP,1,NA
K43,IO_L13N_T2L_N1_GC_QBC_47,2L,47,HP,1,NA
G44,IO_L12P_T1U_N10_GC_47,1U,47,HP,1,NA
F44,IO_L12N_T1U_N11_GC_47,1U,47,HP,1,NA
E45,IO_T1U_N12_47,1U,47,HP,1,NA
H43,IO_L11P_T1U_N8_GC_47,1U,47,HP,1,NA
H44,IO_L11N_T1U_N9_GC_47,1U,47,HP,1,NA
F43,IO_L10P_T1U_N6_QBC_AD4P_47,1U,47,HP,1,NA
E43,IO_L10N_T1U_N7_QBC_AD4N_47,1U,47,HP,1,NA
F42,IO_L9P_T1L_N4_AD12P_47,1L,47,HP,1,NA
E42,IO_L9N_T1L_N5_AD12N_47,1L,47,HP,1,NA
G45,IO_L8P_T1L_N2_AD5P_47,1L,47,HP,1,NA
F45,IO_L8N_T1L_N3_AD5N_47,1L,47,HP,1,NA
H42,IO_L7P_T1L_N0_QBC_AD13P_47,1L,47,HP,1,NA
G42,IO_L7N_T1L_N1_QBC_AD13N_47,1L,47,HP,1,NA
D44,IO_L6P_T0U_N10_AD6P_47,0U,47,HP,1,NA
C44,IO_L6N_T0U_N11_AD6N_47,0U,47,HP,1,NA
C42,IO_L5P_T0U_N8_AD14P_47,0U,47,HP,1,NA
B42,IO_L5N_T0U_N9_AD14N_47,0U,47,HP,1,NA
B44,IO_L4P_T0U_N6_DBC_AD7P_47,0U,47,HP,1,NA
A44,IO_L4N_T0U_N7_DBC_AD7N_47,0U,47,HP,1,NA
D43,IO_L3P_T0L_N4_AD15P_47,0L,47,HP,1,NA
C43,IO_L3N_T0L_N5_AD15N_47,0L,47,HP,1,NA
B45,IO_L2P_T0L_N2_47,0L,47,HP,1,NA
A45,IO_L2N_T0L_N3_47,0L,47,HP,1,NA
D45,IO_T0U_N12_VRP_47,0U,47,HP,1,NA
A42,IO_L1P_T0L_N0_DBC_47,0L,47,HP,1,NA
A43,IO_L1N_T0L_N1_DBC_47,0L,47,HP,1,NA
T42,VREF_47,NA,47,HP,1,NA
R40,IO_L24P_T3U_N10_48,3U,48,HP,1,NA
P40,IO_L24N_T3U_N11_48,3U,48,HP,1,NA
R41,IO_T3U_N12_48,3U,48,HP,1,NA
T38,IO_L23P_T3U_N8_48,3U,48,HP,1,NA
T39,IO_L23N_T3U_N9_48,3U,48,HP,1,NA
P39,IO_L22P_T3U_N6_DBC_AD0P_48,3U,48,HP,1,NA
N39,IO_L22N_T3U_N7_DBC_AD0N_48,3U,48,HP,1,NA
R38,IO_L21P_T3L_N4_AD8P_48,3L,48,HP,1,NA
P38,IO_L21N_T3L_N5_AD8N_48,3L,48,HP,1,NA
P41,IO_L20P_T3L_N2_AD1P_48,3L,48,HP,1,NA
N41,IO_L20N_T3L_N3_AD1N_48,3L,48,HP,1,NA
U40,IO_L19P_T3L_N0_DBC_AD9P_48,3L,48,HP,1,NA
T40,IO_L19N_T3L_N1_DBC_AD9N_48,3L,48,HP,1,NA
M40,IO_L18P_T2U_N10_AD2P_48,2U,48,HP,1,NA
M41,IO_L18N_T2U_N11_AD2N_48,2U,48,HP,1,NA
L38,IO_L17P_T2U_N8_AD10P_48,2U,48,HP,1,NA
K38,IO_L17N_T2U_N9_AD10N_48,2U,48,HP,1,NA
K41,IO_L16P_T2U_N6_QBC_AD3P_48,2U,48,HP,1,NA
J41,IO_L16N_T2U_N7_QBC_AD3N_48,2U,48,HP,1,NA
M39,IO_L15P_T2L_N4_AD11P_48,2L,48,HP,1,NA
L39,IO_L15N_T2L_N5_AD11N_48,2L,48,HP,1,NA
J39,IO_L14P_T2L_N2_GC_48,2L,48,HP,1,NA
J40,IO_L14N_T2L_N3_GC_48,2L,48,HP,1,NA
N38,IO_T2U_N12_48,2U,48,HP,1,NA
L40,IO_L13P_T2L_N0_GC_QBC_48,2L,48,HP,1,NA
K40,IO_L13N_T2L_N1_GC_QBC_48,2L,48,HP,1,NA
G40,IO_L12P_T1U_N10_GC_48,1U,48,HP,1,NA
F40,IO_L12N_T1U_N11_GC_48,1U,48,HP,1,NA
E38,IO_T1U_N12_48,1U,48,HP,1,NA
H39,IO_L11P_T1U_N8_GC_48,1U,48,HP,1,NA
G39,IO_L11N_T1U_N9_GC_48,1U,48,HP,1,NA
H41,IO_L10P_T1U_N6_QBC_AD4P_48,1U,48,HP,1,NA
G41,IO_L10N_T1U_N7_QBC_AD4N_48,1U,48,HP,1,NA
J38,IO_L9P_T1L_N4_AD12P_48,1L,48,HP,1,NA
H38,IO_L9N_T1L_N5_AD12N_48,1L,48,HP,1,NA
E40,IO_L8P_T1L_N2_AD5P_48,1L,48,HP,1,NA
E41,IO_L8N_T1L_N3_AD5N_48,1L,48,HP,1,NA
F38,IO_L7P_T1L_N0_QBC_AD13P_48,1L,48,HP,1,NA
F39,IO_L7N_T1L_N1_QBC_AD13N_48,1L,48,HP,1,NA
C39,IO_L6P_T0U_N10_AD6P_48,0U,48,HP,1,NA
B39,IO_L6N_T0U_N11_AD6N_48,0U,48,HP,1,NA
D39,IO_L5P_T0U_N8_AD14P_48,0U,48,HP,1,NA
D40,IO_L5N_T0U_N9_AD14N_48,0U,48,HP,1,NA
A38,IO_L4P_T0U_N6_DBC_AD7P_48,0U,48,HP,1,NA
A39,IO_L4N_T0U_N7_DBC_AD7N_48,0U,48,HP,1,NA
D38,IO_L3P_T0L_N4_AD15P_48,0L,48,HP,1,NA
C38,IO_L3N_T0L_N5_AD15N_48,0L,48,HP,1,NA
B40,IO_L2P_T0L_N2_48,0L,48,HP,1,NA
A40,IO_L2N_T0L_N3_48,0L,48,HP,1,NA
B41,IO_T0U_N12_VRP_48,0U,48,HP,1,NA
D41,IO_L1P_T0L_N0_DBC_48,0L,48,HP,1,NA
C41,IO_L1N_T0L_N1_DBC_48,0L,48,HP,1,NA
U39,VREF_48,NA,48,HP,1,NA
H27,IO_L24P_T3U_N10_50,3U,50,HP,2,NA
G27,IO_L24N_T3U_N11_50,3U,50,HP,2,NA
F27,IO_T3U_N12_50,3U,50,HP,2,NA
H26,IO_L23P_T3U_N8_50,3U,50,HP,2,NA
G26,IO_L23N_T3U_N9_50,3U,50,HP,2,NA
G25,IO_L22P_T3U_N6_DBC_AD0P_50,3U,50,HP,2,NA
F25,IO_L22N_T3U_N7_DBC_AD0N_50,3U,50,HP,2,NA
J24,IO_L21P_T3L_N4_AD8P_50,3L,50,HP,2,NA
J23,IO_L21N_T3L_N5_AD8N_50,3L,50,HP,2,NA
H23,IO_L20P_T3L_N2_AD1P_50,3L,50,HP,2,NA
H22,IO_L20N_T3L_N3_AD1N_50,3L,50,HP,2,NA
H24,IO_L19P_T3L_N0_DBC_AD9P_50,3L,50,HP,2,NA
G24,IO_L19N_T3L_N1_DBC_AD9N_50,3L,50,HP,2,NA
K26,IO_L18P_T2U_N10_AD2P_50,2U,50,HP,2,NA
J26,IO_L18N_T2U_N11_AD2N_50,2U,50,HP,2,NA
K25,IO_L17P_T2U_N8_AD10P_50,2U,50,HP,2,NA
J25,IO_L17N_T2U_N9_AD10N_50,2U,50,HP,2,NA
L22,IO_L16P_T2U_N6_QBC_AD3P_50,2U,50,HP,2,NA
K22,IO_L16N_T2U_N7_QBC_AD3N_50,2U,50,HP,2,NA
L23,IO_L15P_T2L_N4_AD11P_50,2L,50,HP,2,NA
K23,IO_L15N_T2L_N5_AD11N_50,2L,50,HP,2,NA
M24,IO_L14P_T2L_N2_GC_50,2L,50,HP,2,NA
L24,IO_L14N_T2L_N3_GC_50,2L,50,HP,2,NA
K27,IO_T2U_N12_50,2U,50,HP,2,NA
M25,IO_L13P_T2L_N0_GC_QBC_50,2L,50,HP,2,NA
L25,IO_L13N_T2L_N1_GC_QBC_50,2L,50,HP,2,NA
P23,IO_L12P_T1U_N10_GC_50,1U,50,HP,2,NA
N23,IO_L12N_T1U_N11_GC_50,1U,50,HP,2,NA
M26,IO_T1U_N12_50,1U,50,HP,2,NA
P24,IO_L11P_T1U_N8_GC_50,1U,50,HP,2,NA
N24,IO_L11N_T1U_N9_GC_50,1U,50,HP,2,NA
P26,IO_L10P_T1U_N6_QBC_AD4P_50,1U,50,HP,2,NA
N26,IO_L10N_T1U_N7_QBC_AD4N_50,1U,50,HP,2,NA
R25,IO_L9P_T1L_N4_AD12P_50,1L,50,HP,2,NA
P25,IO_L9N_T1L_N5_AD12N_50,1L,50,HP,2,NA
R23,IO_L8P_T1L_N2_AD5P_50,1L,50,HP,2,NA
R22,IO_L8N_T1L_N3_AD5N_50,1L,50,HP,2,NA
N22,IO_L7P_T1L_N0_QBC_AD13P_50,1L,50,HP,2,NA
M22,IO_L7N_T1L_N1_QBC_AD13N_50,1L,50,HP,2,NA
V26,IO_L6P_T0U_N10_AD6P_50,0U,50,HP,2,NA
U26,IO_L6N_T0U_N11_AD6N_50,0U,50,HP,2,NA
U25,IO_L5P_T0U_N8_AD14P_50,0U,50,HP,2,NA
T25,IO_L5N_T0U_N9_AD14N_50,0U,50,HP,2,NA
U24,IO_L4P_T0U_N6_DBC_AD7P_50,0U,50,HP,2,NA
T24,IO_L4N_T0U_N7_DBC_AD7N_50,0U,50,HP,2,NA
W24,IO_L3P_T0L_N4_AD15P_50,0L,50,HP,2,NA
V24,IO_L3N_T0L_N5_AD15N_50,0L,50,HP,2,NA
T23,IO_L2P_T0L_N2_50,0L,50,HP,2,NA
T22,IO_L2N_T0L_N3_50,0L,50,HP,2,NA
R26,IO_T0U_N12_VRP_50,0U,50,HP,2,NA
W23,IO_L1P_T0L_N0_DBC_50,0L,50,HP,2,NA
V23,IO_L1N_T0L_N1_DBC_50,0L,50,HP,2,NA
W25,VREF_50,NA,50,HP,2,NA
J31,IO_L24P_T3U_N10_51,3U,51,HP,2,NA
H31,IO_L24N_T3U_N11_51,3U,51,HP,2,NA
G31,IO_T3U_N12_51,3U,51,HP,2,NA
G30,IO_L23P_T3U_N8_51,3U,51,HP,2,NA
F30,IO_L23N_T3U_N9_51,3U,51,HP,2,NA
J29,IO_L22P_T3U_N6_DBC_AD0P_51,3U,51,HP,2,NA
J30,IO_L22N_T3U_N7_DBC_AD0N_51,3U,51,HP,2,NA
F28,IO_L21P_T3L_N4_AD8P_51,3L,51,HP,2,NA
F29,IO_L21N_T3L_N5_AD8N_51,3L,51,HP,2,NA
J28,IO_L20P_T3L_N2_AD1P_51,3L,51,HP,2,NA
H28,IO_L20N_T3L_N3_AD1N_51,3L,51,HP,2,NA
H29,IO_L19P_T3L_N0_DBC_AD9P_51,3L,51,HP,2,NA
G29,IO_L19N_T3L_N1_DBC_AD9N_51,3L,51,HP,2,NA
K30,IO_L18P_T2U_N10_AD2P_51,2U,51,HP,2,NA
K31,IO_L18N_T2U_N11_AD2N_51,2U,51,HP,2,NA
L28,IO_L17P_T2U_N8_AD10P_51,2U,51,HP,2,NA
K28,IO_L17N_T2U_N9_AD10N_51,2U,51,HP,2,NA
N27,IO_L16P_T2U_N6_QBC_AD3P_51,2U,51,HP,2,NA
N28,IO_L16N_T2U_N7_QBC_AD3N_51,2U,51,HP,2,NA
M27,IO_L15P_T2L_N4_AD11P_51,2L,51,HP,2,NA
L27,IO_L15N_T2L_N5_AD11N_51,2L,51,HP,2,NA
M29,IO_L14P_T2L_N2_GC_51,2L,51,HP,2,NA
L29,IO_L14N_T2L_N3_GC_51,2L,51,HP,2,NA
M31,IO_T2U_N12_51,2U,51,HP,2,NA
M30,IO_L13P_T2L_N0_GC_QBC_51,2L,51,HP,2,NA
L30,IO_L13N_T2L_N1_GC_QBC_51,2L,51,HP,2,NA
P29,IO_L12P_T1U_N10_GC_51,1U,51,HP,2,NA
N29,IO_L12N_T1U_N11_GC_51,1U,51,HP,2,NA
N31,IO_T1U_N12_51,1U,51,HP,2,NA
P30,IO_L11P_T1U_N8_GC_51,1U,51,HP,2,NA
P31,IO_L11N_T1U_N9_GC_51,1U,51,HP,2,NA
R30,IO_L10P_T1U_N6_QBC_AD4P_51,1U,51,HP,2,NA
R31,IO_L10N_T1U_N7_QBC_AD4N_51,1U,51,HP,2,NA
R28,IO_L9P_T1L_N4_AD12P_51,1L,51,HP,2,NA
P28,IO_L9N_T1L_N5_AD12N_51,1L,51,HP,2,NA
T27,IO_L8P_T1L_N2_AD5P_51,1L,51,HP,2,NA
R27,IO_L8N_T1L_N3_AD5N_51,1L,51,HP,2,NA
T28,IO_L7P_T1L_N0_QBC_AD13P_51,1L,51,HP,2,NA
T29,IO_L7N_T1L_N1_QBC_AD13N_51,1L,51,HP,2,NA
V27,IO_L6P_T0U_N10_AD6P_51,0U,51,HP,2,NA
U27,IO_L6N_T0U_N11_AD6N_51,0U,51,HP,2,NA
U29,IO_L5P_T0U_N8_AD14P_51,0U,51,HP,2,NA
T30,IO_L5N_T0U_N9_AD14N_51,0U,51,HP,2,NA
V28,IO_L4P_T0U_N6_DBC_AD7P_51,0U,51,HP,2,NA
V29,IO_L4N_T0U_N7_DBC_AD7N_51,0U,51,HP,2,NA
U30,IO_L3P_T0L_N4_AD15P_51,0L,51,HP,2,NA
U31,IO_L3N_T0L_N5_AD15N_51,0L,51,HP,2,NA
V32,IO_L2P_T0L_N2_51,0L,51,HP,2,NA
U32,IO_L2N_T0L_N3_51,0L,51,HP,2,NA
W29,IO_T0U_N12_VRP_51,0U,51,HP,2,NA
T32,IO_L1P_T0L_N0_DBC_51,0L,51,HP,2,NA
R32,IO_L1N_T0L_N1_DBC_51,0L,51,HP,2,NA
V31,VREF_51,NA,51,HP,2,NA
H36,IO_L24P_T3U_N10_52,3U,52,HP,2,NA
H37,IO_L24N_T3U_N11_52,3U,52,HP,2,NA
J35,IO_T3U_N12_52,3U,52,HP,2,NA
G36,IO_L23P_T3U_N8_52,3U,52,HP,2,NA
G37,IO_L23N_T3U_N9_52,3U,52,HP,2,NA
G34,IO_L22P_T3U_N6_DBC_AD0P_52,3U,52,HP,2,NA
G35,IO_L22N_T3U_N7_DBC_AD0N_52,3U,52,HP,2,NA
H32,IO_L21P_T3L_N4_AD8P_52,3L,52,HP,2,NA
G32,IO_L21N_T3L_N5_AD8N_52,3L,52,HP,2,NA
J33,IO_L20P_T3L_N2_AD1P_52,3L,52,HP,2,NA
J34,IO_L20N_T3L_N3_AD1N_52,3L,52,HP,2,NA
H33,IO_L19P_T3L_N0_DBC_AD9P_52,3L,52,HP,2,NA
H34,IO_L19N_T3L_N1_DBC_AD9N_52,3L,52,HP,2,NA
L37,IO_L18P_T2U_N10_AD2P_52,2U,52,HP,2,NA
K37,IO_L18N_T2U_N11_AD2N_52,2U,52,HP,2,NA
K35,IO_L17P_T2U_N8_AD10P_52,2U,52,HP,2,NA
K36,IO_L17N_T2U_N9_AD10N_52,2U,52,HP,2,NA
K32,IO_L16P_T2U_N6_QBC_AD3P_52,2U,52,HP,2,NA
K33,IO_L16N_T2U_N7_QBC_AD3N_52,2U,52,HP,2,NA
L32,IO_L15P_T2L_N4_AD11P_52,2L,52,HP,2,NA
L33,IO_L15N_T2L_N5_AD11N_52,2L,52,HP,2,NA
L34,IO_L14P_T2L_N2_GC_52,2L,52,HP,2,NA
L35,IO_L14N_T2L_N3_GC_52,2L,52,HP,2,NA
J36,IO_T2U_N12_52,2U,52,HP,2,NA
M35,IO_L13P_T2L_N0_GC_QBC_52,2L,52,HP,2,NA
M36,IO_L13N_T2L_N1_GC_QBC_52,2L,52,HP,2,NA
N33,IO_L12P_T1U_N10_GC_52,1U,52,HP,2,NA
M34,IO_L12N_T1U_N11_GC_52,1U,52,HP,2,NA
M37,IO_T1U_N12_52,1U,52,HP,2,NA
P34,IO_L11P_T1U_N8_GC_52,1U,52,HP,2,NA
N34,IO_L11N_T1U_N9_GC_52,1U,52,HP,2,NA
N32,IO_L10P_T1U_N6_QBC_AD4P_52,1U,52,HP,2,NA
M32,IO_L10N_T1U_N7_QBC_AD4N_52,1U,52,HP,2,NA
R33,IO_L9P_T1L_N4_AD12P_52,1L,52,HP,2,NA
P33,IO_L9N_T1L_N5_AD12N_52,1L,52,HP,2,NA
P35,IO_L8P_T1L_N2_AD5P_52,1L,52,HP,2,NA
P36,IO_L8N_T1L_N3_AD5N_52,1L,52,HP,2,NA
N36,IO_L7P_T1L_N0_QBC_AD13P_52,1L,52,HP,2,NA
N37,IO_L7N_T1L_N1_QBC_AD13N_52,1L,52,HP,2,NA
T33,IO_L6P_T0U_N10_AD6P_52,0U,52,HP,2,NA
T34,IO_L6N_T0U_N11_AD6N_52,0U,52,HP,2,NA
V34,IO_L5P_T0U_N8_AD14P_52,0U,52,HP,2,NA
U34,IO_L5N_T0U_N9_AD14N_52,0U,52,HP,2,NA
U35,IO_L4P_T0U_N6_DBC_AD7P_52,0U,52,HP,2,NA
U36,IO_L4N_T0U_N7_DBC_AD7N_52,0U,52,HP,2,NA
T35,IO_L3P_T0L_N4_AD15P_52,0L,52,HP,2,NA
R35,IO_L3N_T0L_N5_AD15N_52,0L,52,HP,2,NA
R36,IO_L2P_T0L_N2_52,0L,52,HP,2,NA
R37,IO_L2N_T0L_N3_52,0L,52,HP,2,NA
V33,IO_T0U_N12_VRP_52,0U,52,HP,2,NA
U37,IO_L1P_T0L_N0_DBC_52,0L,52,HP,2,NA
T37,IO_L1N_T0L_N1_DBC_52,0L,52,HP,2,NA
V36,VREF_52,NA,52,HP,2,NA
E36,IO_L24P_T3U_N10_53,3U,53,HP,2,NA
E37,IO_L24N_T3U_N11_53,3U,53,HP,2,NA
E35,IO_T3U_N12_53,3U,53,HP,2,NA
D35,IO_L23P_T3U_N8_53,3U,53,HP,2,NA
D36,IO_L23N_T3U_N9_53,3U,53,HP,2,NA
D33,IO_L22P_T3U_N6_DBC_AD0P_53,3U,53,HP,2,NA
D34,IO_L22N_T3U_N7_DBC_AD0N_53,3U,53,HP,2,NA
E32,IO_L21P_T3L_N4_AD8P_53,3L,53,HP,2,NA
E33,IO_L21N_T3L_N5_AD8N_53,3L,53,HP,2,NA
F32,IO_L20P_T3L_N2_AD1P_53,3L,53,HP,2,NA
F33,IO_L20N_T3L_N3_AD1N_53,3L,53,HP,2,NA
F34,IO_L19P_T3L_N0_DBC_AD9P_53,3L,53,HP,2,NA
F35,IO_L19N_T3L_N1_DBC_AD9N_53,3L,53,HP,2,NA
B30,IO_L18P_T2U_N10_AD2P_53,2U,53,HP,2,NA
A30,IO_L18N_T2U_N11_AD2N_53,2U,53,HP,2,NA
C29,IO_L17P_T2U_N8_AD10P_53,2U,53,HP,2,NA
B29,IO_L17N_T2U_N9_AD10N_53,2U,53,HP,2,NA
D29,IO_L16P_T2U_N6_QBC_AD3P_53,2U,53,HP,2,NA
D30,IO_L16N_T2U_N7_QBC_AD3N_53,2U,53,HP,2,NA
E31,IO_L15P_T2L_N4_AD11P_53,2L,53,HP,2,NA
D31,IO_L15N_T2L_N5_AD11N_53,2L,53,HP,2,NA
C31,IO_L14P_T2L_N2_GC_53,2L,53,HP,2,NA
B31,IO_L14N_T2L_N3_GC_53,2L,53,HP,2,NA
E30,IO_T2U_N12_53,2U,53,HP,2,NA
C32,IO_L13P_T2L_N0_GC_QBC_53,2L,53,HP,2,NA
B32,IO_L13N_T2L_N1_GC_QBC_53,2L,53,HP,2,NA
C33,IO_L12P_T1U_N10_GC_53,1U,53,HP,2,NA
C34,IO_L12N_T1U_N11_GC_53,1U,53,HP,2,NA
A37,IO_T1U_N12_53,1U,53,HP,2,NA
B34,IO_L11P_T1U_N8_GC_53,1U,53,HP,2,NA
B35,IO_L11N_T1U_N9_GC_53,1U,53,HP,2,NA
C36,IO_L10P_T1U_N6_QBC_AD4P_53,1U,53,HP,2,NA
C37,IO_L10N_T1U_N7_QBC_AD4N_53,1U,53,HP,2,NA
B36,IO_L9P_T1L_N4_AD12P_53,1L,53,HP,2,NA
B37,IO_L9N_T1L_N5_AD12N_53,1L,53,HP,2,NA
A32,IO_L8P_T1L_N2_AD5P_53,1L,53,HP,2,NA
A33,IO_L8N_T1L_N3_AD5N_53,1L,53,HP,2,NA
A34,IO_L7P_T1L_N0_QBC_AD13P_53,1L,53,HP,2,NA
A35,IO_L7N_T1L_N1_QBC_AD13N_53,1L,53,HP,2,NA
E27,IO_L6P_T0U_N10_AD6P_53,0U,53,HP,2,NA
E28,IO_L6N_T0U_N11_AD6N_53,0U,53,HP,2,NA
E26,IO_L5P_T0U_N8_AD14P_53,0U,53,HP,2,NA
D26,IO_L5N_T0U_N9_AD14N_53,0U,53,HP,2,NA
C26,IO_L4P_T0U_N6_DBC_AD7P_53,0U,53,HP,2,NA
B26,IO_L4N_T0U_N7_DBC_AD7N_53,0U,53,HP,2,NA
C27,IO_L3P_T0L_N4_AD15P_53,0L,53,HP,2,NA
C28,IO_L3N_T0L_N5_AD15N_53,0L,53,HP,2,NA
B27,IO_L2P_T0L_N2_53,0L,53,HP,2,NA
A27,IO_L2N_T0L_N3_53,0L,53,HP,2,NA
D28,IO_T0U_N12_VRP_53,0U,53,HP,2,NA
A28,IO_L1P_T0L_N0_DBC_53,0L,53,HP,2,NA
A29,IO_L1N_T0L_N1_DBC_53,0L,53,HP,2,NA
F37,VREF_53,NA,53,HP,2,NA
BC16,IO_L24P_T3U_N10_60,3U,60,HP,0,NA
BD16,IO_L24N_T3U_N11_60,3U,60,HP,0,NA
BD20,IO_T3U_N12_60,3U,60,HP,0,NA
BE17,IO_L23P_T3U_N8_60,3U,60,HP,0,NA
BE16,IO_L23N_T3U_N9_60,3U,60,HP,0,NA
BC18,IO_L22P_T3U_N6_DBC_AD0P_60,3U,60,HP,0,NA
BC17,IO_L22N_T3U_N7_DBC_AD0N_60,3U,60,HP,0,NA
BD18,IO_L21P_T3L_N4_AD8P_60,3L,60,HP,0,NA
BE18,IO_L21N_T3L_N5_AD8N_60,3L,60,HP,0,NA
BC21,IO_L20P_T3L_N2_AD1P_60,3L,60,HP,0,NA
BD21,IO_L20N_T3L_N3_AD1N_60,3L,60,HP,0,NA
BC19,IO_L19P_T3L_N0_DBC_AD9P_60,3L,60,HP,0,NA
BD19,IO_L19N_T3L_N1_DBC_AD9N_60,3L,60,HP,0,NA
BG17,IO_L18P_T2U_N10_AD2P_60,2U,60,HP,0,NA
BG16,IO_L18N_T2U_N11_AD2N_60,2U,60,HP,0,NA
BH16,IO_L17P_T2U_N8_AD10P_60,2U,60,HP,0,NA
BJ16,IO_L17N_T2U_N9_AD10N_60,2U,60,HP,0,NA
BJ19,IO_L16P_T2U_N6_QBC_AD3P_60,2U,60,HP,0,NA
BJ18,IO_L16N_T2U_N7_QBC_AD3N_60,2U,60,HP,0,NA
BH18,IO_L15P_T2L_N4_AD11P_60,2L,60,HP,0,NA
BH17,IO_L15N_T2L_N5_AD11N_60,2L,60,HP,0,NA
BG19,IO_L14P_T2L_N2_GC_60,2L,60,HP,0,NA
BH19,IO_L14N_T2L_N3_GC_60,2L,60,HP,0,NA
BF17,IO_T2U_N12_60,2U,60,HP,0,NA
BF19,IO_L13P_T2L_N0_GC_QBC_60,2L,60,HP,0,NA
BF18,IO_L13N_T2L_N1_GC_QBC_60,2L,60,HP,0,NA
BG21,IO_L12P_T1U_N10_GC_60,1U,60,HP,0,NA
BG20,IO_L12N_T1U_N11_GC_60,1U,60,HP,0,NA
BJ23,IO_T1U_N12_60,1U,60,HP,0,NA
BE20,IO_L11P_T1U_N8_GC_60,1U,60,HP,0,NA
BF20,IO_L11N_T1U_N9_GC_60,1U,60,HP,0,NA
BJ21,IO_L10P_T1U_N6_QBC_AD4P_60,1U,60,HP,0,NA
BJ20,IO_L10N_T1U_N7_QBC_AD4N_60,1U,60,HP,0,NA
BH22,IO_L9P_T1L_N4_AD12P_60,1L,60,HP,0,NA
BH21,IO_L9N_T1L_N5_AD12N_60,1L,60,HP,0,NA
BE22,IO_L8P_T1L_N2_AD5P_60,1L,60,HP,0,NA
BE21,IO_L8N_T1L_N3_AD5N_60,1L,60,HP,0,NA
BF22,IO_L7P_T1L_N0_QBC_AD13P_60,1L,60,HP,0,NA
BG22,IO_L7N_T1L_N1_QBC_AD13N_60,1L,60,HP,0,NA
BH26,IO_L6P_T0U_N10_AD6P_60,0U,60,HP,0,NA
BJ26,IO_L6N_T0U_N11_AD6N_60,0U,60,HP,0,NA
BJ25,IO_L5P_T0U_N8_AD14P_60,0U,60,HP,0,NA
BJ24,IO_L5N_T0U_N9_AD14N_60,0U,60,HP,0,NA
BH24,IO_L4P_T0U_N6_DBC_AD7P_60,0U,60,HP,0,NA
BH23,IO_L4N_T0U_N7_DBC_AD7N_60,0U,60,HP,0,NA
BF25,IO_L3P_T0L_N4_AD15P_60,0L,60,HP,0,NA
BG24,IO_L3N_T0L_N5_AD15N_60,0L,60,HP,0,NA
BF24,IO_L2P_T0L_N2_60,0L,60,HP,0,NA
BF23,IO_L2N_T0L_N3_60,0L,60,HP,0,NA
BE26,IO_T0U_N12_VRP_60,0U,60,HP,0,NA
BG26,IO_L1P_T0L_N0_DBC_60,0L,60,HP,0,NA
BG25,IO_L1N_T0L_N1_DBC_60,0L,60,HP,0,NA
BB21,VREF_60,NA,60,HP,0,NA
AN17,IO_L24P_T3U_N10_61,3U,61,HP,0,NA
AN16,IO_L24N_T3U_N11_61,3U,61,HP,0,NA
AN18,IO_T3U_N12_61,3U,61,HP,0,NA
AM17,IO_L23P_T3U_N8_61,3U,61,HP,0,NA
AM16,IO_L23N_T3U_N9_61,3U,61,HP,0,NA
AL18,IO_L22P_T3U_N6_DBC_AD0P_61,3U,61,HP,0,NA
AL17,IO_L22N_T3U_N7_DBC_AD0N_61,3U,61,HP,0,NA
AL20,IO_L21P_T3L_N4_AD8P_61,3L,61,HP,0,NA
AM20,IO_L21N_T3L_N5_AD8N_61,3L,61,HP,0,NA
AM21,IO_L20P_T3L_N2_AD1P_61,3L,61,HP,0,NA
AN21,IO_L20N_T3L_N3_AD1N_61,3L,61,HP,0,NA
AM19,IO_L19P_T3L_N0_DBC_AD9P_61,3L,61,HP,0,NA
AN19,IO_L19N_T3L_N1_DBC_AD9N_61,3L,61,HP,0,NA
AP21,IO_L18P_T2U_N10_AD2P_61,2U,61,HP,0,NA
AR21,IO_L18N_T2U_N11_AD2N_61,2U,61,HP,0,NA
AR20,IO_L17P_T2U_N8_AD10P_61,2U,61,HP,0,NA
AT20,IO_L17N_T2U_N9_AD10N_61,2U,61,HP,0,NA
AP20,IO_L16P_T2U_N6_QBC_AD3P_61,2U,61,HP,0,NA
AP19,IO_L16N_T2U_N7_QBC_AD3N_61,2U,61,HP,0,NA
AP16,IO_L15P_T2L_N4_AD11P_61,2L,61,HP,0,NA
AR16,IO_L15N_T2L_N5_AD11N_61,2L,61,HP,0,NA
AR18,IO_L14P_T2L_N2_GC_61,2L,61,HP,0,NA
AR17,IO_L14N_T2L_N3_GC_61,2L,61,HP,0,NA
AP18,IO_T2U_N12_61,2U,61,HP,0,NA
AT18,IO_L13P_T2L_N0_GC_QBC_61,2L,61,HP,0,NA
AT17,IO_L13N_T2L_N1_GC_QBC_61,2L,61,HP,0,NA
AT19,IO_L12P_T1U_N10_GC_61,1U,61,HP,0,NA
AU19,IO_L12N_T1U_N11_GC_61,1U,61,HP,0,NA
AV21,IO_T1U_N12_61,1U,61,HP,0,NA
AV19,IO_L11P_T1U_N8_GC_61,1U,61,HP,0,NA
AV18,IO_L11N_T1U_N9_GC_61,1U,61,HP,0,NA
AW19,IO_L10P_T1U_N6_QBC_AD4P_61,1U,61,HP,0,NA
AW18,IO_L10N_T1U_N7_QBC_AD4N_61,1U,61,HP,0,NA
AU17,IO_L9P_T1L_N4_AD12P_61,1L,61,HP,0,NA
AU16,IO_L9N_T1L_N5_AD12N_61,1L,61,HP,0,NA
AV17,IO_L8P_T1L_N2_AD5P_61,1L,61,HP,0,NA
AV16,IO_L8N_T1L_N3_AD5N_61,1L,61,HP,0,NA
AU21,IO_L7P_T1L_N0_QBC_AD13P_61,1L,61,HP,0,NA
AU20,IO_L7N_T1L_N1_QBC_AD13N_61,1L,61,HP,0,NA
AW21,IO_L6P_T0U_N10_AD6P_61,0U,61,HP,0,NA
AW20,IO_L6N_T0U_N11_AD6N_61,0U,61,HP,0,NA
AY21,IO_L5P_T0U_N8_AD14P_61,0U,61,HP,0,NA
AY20,IO_L5N_T0U_N9_AD14N_61,0U,61,HP,0,NA
BB20,IO_L4P_T0U_N6_DBC_AD7P_61,0U,61,HP,0,NA
BB19,IO_L4N_T0U_N7_DBC_AD7N_61,0U,61,HP,0,NA
BA19,IO_L3P_T0L_N4_AD15P_61,0L,61,HP,0,NA
BA18,IO_L3N_T0L_N5_AD15N_61,0L,61,HP,0,NA
AY18,IO_L2P_T0L_N2_61,0L,61,HP,0,NA
AY17,IO_L2N_T0L_N3_61,0L,61,HP,0,NA
BA20,IO_T0U_N12_VRP_61,0U,61,HP,0,NA
BA17,IO_L1P_T0L_N0_DBC_61,0L,61,HP,0,NA
BB17,IO_L1N_T0L_N1_DBC_61,0L,61,HP,0,NA
AL19,VREF_61,NA,61,HP,0,NA
BC12,IO_L24P_T3U_N10_62,3U,62,HP,0,NA
BC11,IO_L24N_T3U_N11_62,3U,62,HP,0,NA
BC13,IO_T3U_N12_62,3U,62,HP,0,NA
BD11,IO_L23P_T3U_N8_62,3U,62,HP,0,NA
BD10,IO_L23N_T3U_N9_62,3U,62,HP,0,NA
BE11,IO_L22P_T3U_N6_DBC_AD0P_62,3U,62,HP,0,NA
BE10,IO_L22N_T3U_N7_DBC_AD0N_62,3U,62,HP,0,NA
BE13,IO_L21P_T3L_N4_AD8P_62,3L,62,HP,0,NA
BE12,IO_L21N_T3L_N5_AD8N_62,3L,62,HP,0,NA
BD15,IO_L20P_T3L_N2_AD1P_62,3L,62,HP,0,NA
BE15,IO_L20N_T3L_N3_AD1N_62,3L,62,HP,0,NA
BD14,IO_L19P_T3L_N0_DBC_AD9P_62,3L,62,HP,0,NA
BD13,IO_L19N_T3L_N1_DBC_AD9N_62,3L,62,HP,0,NA
BH13,IO_L18P_T2U_N10_AD2P_62,2U,62,HP,0,NA
BJ13,IO_L18N_T2U_N11_AD2N_62,2U,62,HP,0,NA
BJ15,IO_L17P_T2U_N8_AD10P_62,2U,62,HP,0,NA
BJ14,IO_L17N_T2U_N9_AD10N_62,2U,62,HP,0,NA
BF15,IO_L16P_T2U_N6_QBC_AD3P_62,2U,62,HP,0,NA
BG15,IO_L16N_T2U_N7_QBC_AD3N_62,2U,62,HP,0,NA
BG14,IO_L15P_T2L_N4_AD11P_62,2L,62,HP,0,NA
BH14,IO_L15N_T2L_N5_AD11N_62,2L,62,HP,0,NA
BF13,IO_L14P_T2L_N2_GC_62,2L,62,HP,0,NA
BF12,IO_L14N_T2L_N3_GC_62,2L,62,HP,0,NA
BF14,IO_T2U_N12_62,2U,62,HP,0,NA
BG12,IO_L13P_T2L_N0_GC_QBC_62,2L,62,HP,0,NA
BH12,IO_L13N_T2L_N1_GC_QBC_62,2L,62,HP,0,NA
BF10,IO_L12P_T1U_N10_GC_62,1U,62,HP,0,NA
BF9,IO_L12N_T1U_N11_GC_62,1U,62,HP,0,NA
BG9,IO_T1U_N12_62,1U,62,HP,0,NA
BG11,IO_L11P_T1U_N8_GC_62,1U,62,HP,0,NA
BG10,IO_L11N_T1U_N9_GC_62,1U,62,HP,0,NA
BH11,IO_L10P_T1U_N6_QBC_AD4P_62,1U,62,HP,0,NA
BJ11,IO_L10N_T1U_N7_QBC_AD4N_62,1U,62,HP,0,NA
BH9,IO_L9P_T1L_N4_AD12P_62,1L,62,HP,0,NA
BH8,IO_L9N_T1L_N5_AD12N_62,1L,62,HP,0,NA
BJ10,IO_L8P_T1L_N2_AD5P_62,1L,62,HP,0,NA
BJ9,IO_L8N_T1L_N3_AD5N_62,1L,62,HP,0,NA
BE8,IO_L7P_T1L_N0_QBC_AD13P_62,1L,62,HP,0,NA
BF8,IO_L7N_T1L_N1_QBC_AD13N_62,1L,62,HP,0,NA
BF7,IO_L6P_T0U_N10_AD6P_62,0U,62,HP,0,NA
BG7,IO_L6N_T0U_N11_AD6N_62,0U,62,HP,0,NA
BG6,IO_L5P_T0U_N8_AD14P_62,0U,62,HP,0,NA
BH6,IO_L5N_T0U_N9_AD14N_62,0U,62,HP,0,NA
BH7,IO_L4P_T0U_N6_DBC_AD7P_62,0U,62,HP,0,NA
BJ6,IO_L4N_T0U_N7_DBC_AD7N_62,0U,62,HP,0,NA
BG5,IO_L3P_T0L_N4_AD15P_62,0L,62,HP,0,NA
BG4,IO_L3N_T0L_N5_AD15N_62,0L,62,HP,0,NA
BH4,IO_L2P_T0L_N2_62,0L,62,HP,0,NA
BH3,IO_L2N_T0L_N3_62,0L,62,HP,0,NA
BJ8,IO_T0U_N12_VRP_62,0U,62,HP,0,NA
BJ5,IO_L1P_T0L_N0_DBC_62,0L,62,HP,0,NA
BJ4,IO_L1N_T0L_N1_DBC_62,0L,62,HP,0,NA
BC14,VREF_62,NA,62,HP,0,NA
AL13,IO_L24P_T3U_N10_63,3U,63,HP,0,NA
AL12,IO_L24N_T3U_N11_63,3U,63,HP,0,NA
AP14,IO_T3U_N12_63,3U,63,HP,0,NA
AL15,IO_L23P_T3U_N8_63,3U,63,HP,0,NA
AL14,IO_L23N_T3U_N9_63,3U,63,HP,0,NA
AM12,IO_L22P_T3U_N6_DBC_AD0P_63,3U,63,HP,0,NA
AN12,IO_L22N_T3U_N7_DBC_AD0N_63,3U,63,HP,0,NA
AM14,IO_L21P_T3L_N4_AD8P_63,3L,63,HP,0,NA
AN14,IO_L21N_T3L_N5_AD8N_63,3L,63,HP,0,NA
AP15,IO_L20P_T3L_N2_AD1P_63,3L,63,HP,0,NA
AR15,IO_L20N_T3L_N3_AD1N_63,3L,63,HP,0,NA
AN13,IO_L19P_T3L_N0_DBC_AD9P_63,3L,63,HP,0,NA
AP13,IO_L19N_T3L_N1_DBC_AD9N_63,3L,63,HP,0,NA
AR13,IO_L18P_T2U_N10_AD2P_63,2U,63,HP,0,NA
AT13,IO_L18N_T2U_N11_AD2N_63,2U,63,HP,0,NA
AT10,IO_L17P_T2U_N8_AD10P_63,2U,63,HP,0,NA
AU10,IO_L17N_T2U_N9_AD10N_63,2U,63,HP,0,NA
AT15,IO_L16P_T2U_N6_QBC_AD3P_63,2U,63,HP,0,NA
AU15,IO_L16N_T2U_N7_QBC_AD3N_63,2U,63,HP,0,NA
AT14,IO_L15P_T2L_N4_AD11P_63,2L,63,HP,0,NA
AU14,IO_L15N_T2L_N5_AD11N_63,2L,63,HP,0,NA
AT12,IO_L14P_T2L_N2_GC_63,2L,63,HP,0,NA
AU12,IO_L14N_T2L_N3_GC_63,2L,63,HP,0,NA
AR12,IO_T2U_N12_63,2U,63,HP,0,NA
AU11,IO_L13P_T2L_N0_GC_QBC_63,2L,63,HP,0,NA
AV11,IO_L13N_T2L_N1_GC_QBC_63,2L,63,HP,0,NA
AV13,IO_L12P_T1U_N10_GC_63,1U,63,HP,0,NA
AV12,IO_L12N_T1U_N11_GC_63,1U,63,HP,0,NA
AW13,IO_T1U_N12_63,1U,63,HP,0,NA
AW11,IO_L11P_T1U_N8_GC_63,1U,63,HP,0,NA
AY11,IO_L11N_T1U_N9_GC_63,1U,63,HP,0,NA
AW10,IO_L10P_T1U_N6_QBC_AD4P_63,1U,63,HP,0,NA
AY10,IO_L10N_T1U_N7_QBC_AD4N_63,1U,63,HP,0,NA
AY12,IO_L9P_T1L_N4_AD12P_63,1L,63,HP,0,NA
BA12,IO_L9N_T1L_N5_AD12N_63,1L,63,HP,0,NA
BA10,IO_L8P_T1L_N2_AD5P_63,1L,63,HP,0,NA
BB10,IO_L8N_T1L_N3_AD5N_63,1L,63,HP,0,NA
BB12,IO_L7P_T1L_N0_QBC_AD13P_63,1L,63,HP,0,NA
BB11,IO_L7N_T1L_N1_QBC_AD13N_63,1L,63,HP,0,NA
AW15,IO_L6P_T0U_N10_AD6P_63,0U,63,HP,0,NA
AW14,IO_L6N_T0U_N11_AD6N_63,0U,63,HP,0,NA
AY13,IO_L5P_T0U_N8_AD14P_63,0U,63,HP,0,NA
BA13,IO_L5N_T0U_N9_AD14N_63,0U,63,HP,0,NA
BA14,IO_L4P_T0U_N6_DBC_AD7P_63,0U,63,HP,0,NA
BB14,IO_L4N_T0U_N7_DBC_AD7N_63,0U,63,HP,0,NA
AY15,IO_L3P_T0L_N4_AD15P_63,0L,63,HP,0,NA
BA15,IO_L3N_T0L_N5_AD15N_63,0L,63,HP,0,NA
BB16,IO_L2P_T0L_N2_63,0L,63,HP,0,NA
BB15,IO_L2N_T0L_N3_63,0L,63,HP,0,NA
AV14,IO_T0U_N12_VRP_63,0U,63,HP,0,NA
AW16,IO_L1P_T0L_N0_DBC_63,0L,63,HP,0,NA
AY16,IO_L1N_T0L_N1_DBC_63,0L,63,HP,0,NA
AM15,VREF_63,NA,63,HP,0,NA
BC28,IO_L24P_T3U_N10_EMCCLK_65,3U,65,HP,1,NA
BC29,IO_L24N_T3U_N11_DOUT_CSO_B_65,3U,65,HP,1,NA
BE30,IO_T3U_N12_PERSTN0_65,3U,65,HP,1,NA
BD30,IO_L23P_T3U_N8_I2C_SCLK_65,3U,65,HP,1,NA
BD31,IO_L23N_T3U_N9_I2C_SDA_65,3U,65,HP,1,NA
BD28,IO_L22P_T3U_N6_DBC_AD0P_D04_65,3U,65,HP,1,NA
BD29,IO_L22N_T3U_N7_DBC_AD0N_D05_65,3U,65,HP,1,NA
BF29,IO_L21P_T3L_N4_AD8P_D06_65,3L,65,HP,1,NA
BF30,IO_L21N_T3L_N5_AD8N_D07_65,3L,65,HP,1,NA
BE27,IO_L20P_T3L_N2_AD1P_D08_65,3L,65,HP,1,NA
BF27,IO_L20N_T3L_N3_AD1N_D09_65,3L,65,HP,1,NA
BE28,IO_L19P_T3L_N0_DBC_AD9P_D10_65,3L,65,HP,1,NA
BF28,IO_L19N_T3L_N1_DBC_AD9N_D11_65,3L,65,HP,1,NA
BJ30,IO_L18P_T2U_N10_AD2P_D12_65,2U,65,HP,1,NA
BJ31,IO_L18N_T2U_N11_AD2N_D13_65,2U,65,HP,1,NA
BJ28,IO_L17P_T2U_N8_AD10P_D14_65,2U,65,HP,1,NA
BJ29,IO_L17N_T2U_N9_AD10N_D15_65,2U,65,HP,1,NA
BH28,IO_L16P_T2U_N6_QBC_AD3P_A00_D16_65,2U,65,HP,1,NA
BH29,IO_L16N_T2U_N7_QBC_AD3N_A01_D17_65,2U,65,HP,1,NA
BG27,IO_L15P_T2L_N4_AD11P_A02_D18_65,2L,65,HP,1,NA
BH27,IO_L15N_T2L_N5_AD11N_A03_D19_65,2L,65,HP,1,NA
BG31,IO_L14P_T2L_N2_GC_A04_D20_65,2L,65,HP,1,NA
BH31,IO_L14N_T2L_N3_GC_A05_D21_65,2L,65,HP,1,NA
BE31,IO_T2U_N12_CSI_ADV_B_65,2U,65,HP,1,NA
BG29,IO_L13P_T2L_N0_GC_QBC_A06_D22_65,2L,65,HP,1,NA
BG30,IO_L13N_T2L_N1_GC_QBC_A07_D23_65,2L,65,HP,1,NA
BH32,IO_L12P_T1U_N10_GC_A08_D24_65,1U,65,HP,1,NA
BH33,IO_L12N_T1U_N11_GC_A09_D25_65,1U,65,HP,1,NA
BJ33,IO_T1U_N12_PERSTN1_65,1U,65,HP,1,NA
BF32,IO_L11P_T1U_N8_GC_A10_D26_65,1U,65,HP,1,NA
BG32,IO_L11N_T1U_N9_GC_A11_D27_65,1U,65,HP,1,NA
BD33,IO_L10P_T1U_N6_QBC_AD4P_A12_D28_65,1U,65,HP,1,NA
BD34,IO_L10N_T1U_N7_QBC_AD4N_A13_D29_65,1U,65,HP,1,NA
BE32,IO_L9P_T1L_N4_AD12P_A14_D30_65,1L,65,HP,1,NA
BE33,IO_L9N_T1L_N5_AD12N_A15_D31_65,1L,65,HP,1,NA
BF33,IO_L8P_T1L_N2_AD5P_A16_65,1L,65,HP,1,NA
BF34,IO_L8N_T1L_N3_AD5N_A17_65,1L,65,HP,1,NA
BG34,IO_L7P_T1L_N0_QBC_AD13P_A18_65,1L,65,HP,1,NA
BH34,IO_L7N_T1L_N1_QBC_AD13N_A19_65,1L,65,HP,1,NA
BE35,IO_L6P_T0U_N10_AD6P_A20_65,0U,65,HP,1,NA
BF35,IO_L6N_T0U_N11_AD6N_A21_65,0U,65,HP,1,NA
BE36,IO_L5P_T0U_N8_AD14P_A22_65,0U,65,HP,1,NA
BE37,IO_L5N_T0U_N9_AD14N_A23_65,0U,65,HP,1,NA
BG35,IO_L4P_T0U_N6_DBC_AD7P_A24_65,0U,65,HP,1,NA
BG36,IO_L4N_T0U_N7_DBC_AD7N_A25_65,0U,65,HP,1,NA
BG37,IO_L3P_T0L_N4_AD15P_A26_65,0L,65,HP,1,NA
BH37,IO_L3N_T0L_N5_AD15N_A27_65,0L,65,HP,1,NA
BH36,IO_L2P_T0L_N2_FOE_B_65,0L,65,HP,1,NA
BJ36,IO_L2N_T0L_N3_FWE_FCS2_B_65,0L,65,HP,1,NA
BF37,IO_T0U_N12_VRP_A28_65,0U,65,HP,1,NA
BJ34,IO_L1P_T0L_N0_DBC_RS0_65,0L,65,HP,1,NA
BJ35,IO_L1N_T0L_N1_DBC_RS1_65,0L,65,HP,1,NA
BC27,VREF_65,NA,65,HP,1,NA
AN31,IO_L24P_T3U_N10_66,3U,66,HP,1,NA
AP31,IO_L24N_T3U_N11_66,3U,66,HP,1,NA
AN26,IO_T3U_N12_66,3U,66,HP,1,NA
AP29,IO_L23P_T3U_N8_66,3U,66,HP,1,NA
AP30,IO_L23N_T3U_N9_66,3U,66,HP,1,NA
AM30,IO_L22P_T3U_N6_DBC_AD0P_66,3U,66,HP,1,NA
AM31,IO_L22N_T3U_N7_DBC_AD0N_66,3U,66,HP,1,NA
AL29,IO_L21P_T3L_N4_AD8P_66,3L,66,HP,1,NA
AM29,IO_L21N_T3L_N5_AD8N_66,3L,66,HP,1,NA
AN28,IO_L20P_T3L_N2_AD1P_66,3L,66,HP,1,NA
AN29,IO_L20N_T3L_N3_AD1N_66,3L,66,HP,1,NA
AM27,IO_L19P_T3L_N0_DBC_AD9P_66,3L,66,HP,1,NA
AN27,IO_L19N_T3L_N1_DBC_AD9N_66,3L,66,HP,1,NA
AP28,IO_L18P_T2U_N10_AD2P_66,2U,66,HP,1,NA
AR28,IO_L18N_T2U_N11_AD2N_66,2U,66,HP,1,NA
AR26,IO_L17P_T2U_N8_AD10P_66,2U,66,HP,1,NA
AR27,IO_L17N_T2U_N9_AD10N_66,2U,66,HP,1,NA
AU26,IO_L16P_T2U_N6_QBC_AD3P_66,2U,66,HP,1,NA
AU27,IO_L16N_T2U_N7_QBC_AD3N_66,2U,66,HP,1,NA
AR30,IO_L15P_T2L_N4_AD11P_66,2L,66,HP,1,NA
AR31,IO_L15N_T2L_N5_AD11N_66,2L,66,HP,1,NA
AT29,IO_L14P_T2L_N2_GC_66,2L,66,HP,1,NA
AT30,IO_L14N_T2L_N3_GC_66,2L,66,HP,1,NA
AP26,IO_T2U_N12_66,2U,66,HP,1,NA
AT27,IO_L13P_T2L_N0_GC_QBC_66,2L,66,HP,1,NA
AT28,IO_L13N_T2L_N1_GC_QBC_66,2L,66,HP,1,NA
AU29,IO_L12P_T1U_N10_GC_66,1U,66,HP,1,NA
AU30,IO_L12N_T1U_N11_GC_66,1U,66,HP,1,NA
AV27,IO_T1U_N12_66,1U,66,HP,1,NA
AV28,IO_L11P_T1U_N8_GC_66,1U,66,HP,1,NA
AW28,IO_L11N_T1U_N9_GC_66,1U,66,HP,1,NA
AU31,IO_L10P_T1U_N6_QBC_AD4P_66,1U,66,HP,1,NA
AV31,IO_L10N_T1U_N7_QBC_AD4N_66,1U,66,HP,1,NA
AV29,IO_L9P_T1L_N4_AD12P_66,1L,66,HP,1,NA
AW29,IO_L9N_T1L_N5_AD12N_66,1L,66,HP,1,NA
AW30,IO_L8P_T1L_N2_AD5P_66,1L,66,HP,1,NA
AW31,IO_L8N_T1L_N3_AD5N_66,1L,66,HP,1,NA
AY27,IO_L7P_T1L_N0_QBC_AD13P_66,1L,66,HP,1,NA
AY28,IO_L7N_T1L_N1_QBC_AD13N_66,1L,66,HP,1,NA
AY30,IO_L6P_T0U_N10_AD6P_66,0U,66,HP,1,NA
AY31,IO_L6N_T0U_N11_AD6N_66,0U,66,HP,1,NA
BB31,IO_L5P_T0U_N8_AD14P_66,0U,66,HP,1,NA
BB32,IO_L5N_T0U_N9_AD14N_66,0U,66,HP,1,NA
BA30,IO_L4P_T0U_N6_DBC_AD7P_66,0U,66,HP,1,NA
BB30,IO_L4N_T0U_N7_DBC_AD7N_66,0U,66,HP,1,NA
BA29,IO_L3P_T0L_N4_AD15P_66,0L,66,HP,1,NA
BB29,IO_L3N_T0L_N5_AD15N_66,0L,66,HP,1,NA
BC31,IO_L2P_T0L_N2_66,0L,66,HP,1,NA
BC32,IO_L2N_T0L_N3_66,0L,66,HP,1,NA
BA28,IO_T0U_N12_VRP_66,0U,66,HP,1,NA
BA27,IO_L1P_T0L_N0_DBC_66,0L,66,HP,1,NA
BB27,IO_L1N_T0L_N1_DBC_66,0L,66,HP,1,NA
AL27,VREF_66,NA,66,HP,1,NA
AP35,IO_L24P_T3U_N10_67,3U,67,HP,1,NA
AP36,IO_L24N_T3U_N11_67,3U,67,HP,1,NA
AN34,IO_T3U_N12_67,3U,67,HP,1,NA
AM36,IO_L23P_T3U_N8_67,3U,67,HP,1,NA
AN36,IO_L23N_T3U_N9_67,3U,67,HP,1,NA
AM34,IO_L22P_T3U_N6_DBC_AD0P_67,3U,67,HP,1,NA
AM35,IO_L22N_T3U_N7_DBC_AD0N_67,3U,67,HP,1,NA
AN32,IO_L21P_T3L_N4_AD8P_67,3L,67,HP,1,NA
AN33,IO_L21N_T3L_N5_AD8N_67,3L,67,HP,1,NA
AR32,IO_L20P_T3L_N2_AD1P_67,3L,67,HP,1,NA
AR33,IO_L20N_T3L_N3_AD1N_67,3L,67,HP,1,NA
AP33,IO_L19P_T3L_N0_DBC_AD9P_67,3L,67,HP,1,NA
AP34,IO_L19N_T3L_N1_DBC_AD9N_67,3L,67,HP,1,NA
AR35,IO_L18P_T2U_N10_AD2P_67,2U,67,HP,1,NA
AT35,IO_L18N_T2U_N11_AD2N_67,2U,67,HP,1,NA
AT33,IO_L17P_T2U_N8_AD10P_67,2U,67,HP,1,NA
AT34,IO_L17N_T2U_N9_AD10N_67,2U,67,HP,1,NA
AT32,IO_L16P_T2U_N6_QBC_AD3P_67,2U,67,HP,1,NA
AU32,IO_L16N_T2U_N7_QBC_AD3N_67,2U,67,HP,1,NA
AV32,IO_L15P_T2L_N4_AD11P_67,2L,67,HP,1,NA
AV33,IO_L15N_T2L_N5_AD11N_67,2L,67,HP,1,NA
AU34,IO_L14P_T2L_N2_GC_67,2L,67,HP,1,NA
AV34,IO_L14N_T2L_N3_GC_67,2L,67,HP,1,NA
AR36,IO_T2U_N12_67,2U,67,HP,1,NA
AU35,IO_L13P_T2L_N0_GC_QBC_67,2L,67,HP,1,NA
AU36,IO_L13N_T2L_N1_GC_QBC_67,2L,67,HP,1,NA
AW33,IO_L12P_T1U_N10_GC_67,1U,67,HP,1,NA
AW34,IO_L12N_T1U_N11_GC_67,1U,67,HP,1,NA
AW36,IO_T1U_N12_67,1U,67,HP,1,NA
AW35,IO_L11P_T1U_N8_GC_67,1U,67,HP,1,NA
AY35,IO_L11N_T1U_N9_GC_67,1U,67,HP,1,NA
AV36,IO_L10P_T1U_N6_QBC_AD4P_67,1U,67,HP,1,NA
AV37,IO_L10N_T1U_N7_QBC_AD4N_67,1U,67,HP,1,NA
AY36,IO_L9P_T1L_N4_AD12P_67,1L,67,HP,1,NA
AY37,IO_L9N_T1L_N5_AD12N_67,1L,67,HP,1,NA
AY33,IO_L8P_T1L_N2_AD5P_67,1L,67,HP,1,NA
BA33,IO_L8N_T1L_N3_AD5N_67,1L,67,HP,1,NA
AY32,IO_L7P_T1L_N0_QBC_AD13P_67,1L,67,HP,1,NA
BA32,IO_L7N_T1L_N1_QBC_AD13N_67,1L,67,HP,1,NA
BA34,IO_L6P_T0U_N10_AD6P_67,0U,67,HP,1,NA
BA35,IO_L6N_T0U_N11_AD6N_67,0U,67,HP,1,NA
BB35,IO_L5P_T0U_N8_AD14P_67,0U,67,HP,1,NA
BB36,IO_L5N_T0U_N9_AD14N_67,0U,67,HP,1,NA
BA37,IO_L4P_T0U_N6_DBC_AD7P_67,0U,67,HP,1,NA
BB37,IO_L4N_T0U_N7_DBC_AD7N_67,0U,67,HP,1,NA
BB34,IO_L3P_T0L_N4_AD15P_67,0L,67,HP,1,NA
BC34,IO_L3N_T0L_N5_AD15N_67,0L,67,HP,1,NA
BC36,IO_L2P_T0L_N2_67,0L,67,HP,1,NA
BC37,IO_L2N_T0L_N3_67,0L,67,HP,1,NA
BC33,IO_T0U_N12_VRP_67,0U,67,HP,1,NA
BD35,IO_L1P_T0L_N0_DBC_67,0L,67,HP,1,NA
BD36,IO_L1N_T0L_N1_DBC_67,0L,67,HP,1,NA
AM32,VREF_67,NA,67,HP,1,NA
AV41,IO_L24P_T3U_N10_68,3U,68,HP,1,NA
AV42,IO_L24N_T3U_N11_68,3U,68,HP,1,NA
AV39,IO_T3U_N12_68,3U,68,HP,1,NA
AV43,IO_L23P_T3U_N8_68,3U,68,HP,1,NA
AW43,IO_L23N_T3U_N9_68,3U,68,HP,1,NA
AW40,IO_L22P_T3U_N6_DBC_AD0P_68,3U,68,HP,1,NA
AW41,IO_L22N_T3U_N7_DBC_AD0N_68,3U,68,HP,1,NA
AY42,IO_L21P_T3L_N4_AD8P_68,3L,68,HP,1,NA
AY43,IO_L21N_T3L_N5_AD8N_68,3L,68,HP,1,NA
AY40,IO_L20P_T3L_N2_AD1P_68,3L,68,HP,1,NA
AY41,IO_L20N_T3L_N3_AD1N_68,3L,68,HP,1,NA
AW38,IO_L19P_T3L_N0_DBC_AD9P_68,3L,68,HP,1,NA
AW39,IO_L19N_T3L_N1_DBC_AD9N_68,3L,68,HP,1,NA
AY38,IO_L18P_T2U_N10_AD2P_68,2U,68,HP,1,NA
BA38,IO_L18N_T2U_N11_AD2N_68,2U,68,HP,1,NA
BA39,IO_L17P_T2U_N8_AD10P_68,2U,68,HP,1,NA
BB39,IO_L17N_T2U_N9_AD10N_68,2U,68,HP,1,NA
BA42,IO_L16P_T2U_N6_QBC_AD3P_68,2U,68,HP,1,NA
BB42,IO_L16N_T2U_N7_QBC_AD3N_68,2U,68,HP,1,NA
BC42,IO_L15P_T2L_N4_AD11P_68,2L,68,HP,1,NA
BC43,IO_L15N_T2L_N5_AD11N_68,2L,68,HP,1,NA
BA40,IO_L14P_T2L_N2_GC_68,2L,68,HP,1,NA
BB40,IO_L14N_T2L_N3_GC_68,2L,68,HP,1,NA
BA43,IO_T2U_N12_68,2U,68,HP,1,NA
BB41,IO_L13P_T2L_N0_GC_QBC_68,2L,68,HP,1,NA
BC41,IO_L13N_T2L_N1_GC_QBC_68,2L,68,HP,1,NA
BC39,IO_L12P_T1U_N10_GC_68,1U,68,HP,1,NA
BD39,IO_L12N_T1U_N11_GC_68,1U,68,HP,1,NA
BE40,IO_T1U_N12_68,1U,68,HP,1,NA
BD40,IO_L11P_T1U_N8_GC_68,1U,68,HP,1,NA
BD41,IO_L11N_T1U_N9_GC_68,1U,68,HP,1,NA
BC38,IO_L10P_T1U_N6_QBC_AD4P_68,1U,68,HP,1,NA
BD38,IO_L10N_T1U_N7_QBC_AD4N_68,1U,68,HP,1,NA
BE38,IO_L9P_T1L_N4_AD12P_68,1L,68,HP,1,NA
BF38,IO_L9N_T1L_N5_AD12N_68,1L,68,HP,1,NA
BF39,IO_L8P_T1L_N2_AD5P_68,1L,68,HP,1,NA
BF40,IO_L8N_T1L_N3_AD5N_68,1L,68,HP,1,NA
BE41,IO_L7P_T1L_N0_QBC_AD13P_68,1L,68,HP,1,NA
BE42,IO_L7N_T1L_N1_QBC_AD13N_68,1L,68,HP,1,NA
BG42,IO_L6P_T0U_N10_AD6P_68,0U,68,HP,1,NA
BH42,IO_L6N_T0U_N11_AD6N_68,0U,68,HP,1,NA
BG41,IO_L5P_T0U_N8_AD14P_68,0U,68,HP,1,NA
BH41,IO_L5N_T0U_N9_AD14N_68,0U,68,HP,1,NA
BG39,IO_L4P_T0U_N6_DBC_AD7P_68,0U,68,HP,1,NA
BG40,IO_L4N_T0U_N7_DBC_AD7N_68,0U,68,HP,1,NA
BH38,IO_L3P_T0L_N4_AD15P_68,0L,68,HP,1,NA
BJ38,IO_L3N_T0L_N5_AD15N_68,0L,68,HP,1,NA
BH39,IO_L2P_T0L_N2_68,0L,68,HP,1,NA
BJ39,IO_L2N_T0L_N3_68,0L,68,HP,1,NA
BF42,IO_T0U_N12_VRP_68,0U,68,HP,1,NA
BJ40,IO_L1P_T0L_N0_DBC_68,0L,68,HP,1,NA
BJ41,IO_L1N_T0L_N1_DBC_68,0L,68,HP,1,NA
AV38,VREF_68,NA,68,HP,1,NA
J14,IO_L24P_T3U_N10_70,3U,70,HP,2,NA
H14,IO_L24N_T3U_N11_70,3U,70,HP,2,NA
J15,IO_T3U_N12_70,3U,70,HP,2,NA
J13,IO_L23P_T3U_N8_70,3U,70,HP,2,NA
H13,IO_L23N_T3U_N9_70,3U,70,HP,2,NA
H12,IO_L22P_T3U_N6_DBC_AD0P_70,3U,70,HP,2,NA
H11,IO_L22N_T3U_N7_DBC_AD0N_70,3U,70,HP,2,NA
K11,IO_L21P_T3L_N4_AD8P_70,3L,70,HP,2,NA
J11,IO_L21N_T3L_N5_AD8N_70,3L,70,HP,2,NA
K10,IO_L20P_T3L_N2_AD1P_70,3L,70,HP,2,NA
J10,IO_L20N_T3L_N3_AD1N_70,3L,70,HP,2,NA
K13,IO_L19P_T3L_N0_DBC_AD9P_70,3L,70,HP,2,NA
K12,IO_L19N_T3L_N1_DBC_AD9N_70,3L,70,HP,2,NA
L13,IO_L18P_T2U_N10_AD2P_70,2U,70,HP,2,NA
L12,IO_L18N_T2U_N11_AD2N_70,2U,70,HP,2,NA
L15,IO_L17P_T2U_N8_AD10P_70,2U,70,HP,2,NA
L14,IO_L17N_T2U_N9_AD10N_70,2U,70,HP,2,NA
M10,IO_L16P_T2U_N6_QBC_AD3P_70,2U,70,HP,2,NA
L10,IO_L16N_T2U_N7_QBC_AD3N_70,2U,70,HP,2,NA
M12,IO_L15P_T2L_N4_AD11P_70,2L,70,HP,2,NA
M11,IO_L15N_T2L_N5_AD11N_70,2L,70,HP,2,NA
N14,IO_L14P_T2L_N2_GC_70,2L,70,HP,2,NA
M14,IO_L14N_T2L_N3_GC_70,2L,70,HP,2,NA
K15,IO_T2U_N12_70,2U,70,HP,2,NA
N13,IO_L13P_T2L_N0_GC_QBC_70,2L,70,HP,2,NA
N12,IO_L13N_T2L_N1_GC_QBC_70,2L,70,HP,2,NA
R13,IO_L12P_T1U_N10_GC_70,1U,70,HP,2,NA
P13,IO_L12N_T1U_N11_GC_70,1U,70,HP,2,NA
R15,IO_T1U_N12_70,1U,70,HP,2,NA
P15,IO_L11P_T1U_N8_GC_70,1U,70,HP,2,NA
P14,IO_L11N_T1U_N9_GC_70,1U,70,HP,2,NA
M16,IO_L10P_T1U_N6_QBC_AD4P_70,1U,70,HP,2,NA
M15,IO_L10N_T1U_N7_QBC_AD4N_70,1U,70,HP,2,NA
P16,IO_L9P_T1L_N4_AD12P_70,1L,70,HP,2,NA
N16,IO_L9N_T1L_N5_AD12N_70,1L,70,HP,2,NA
T14,IO_L8P_T1L_N2_AD5P_70,1L,70,HP,2,NA
T13,IO_L8N_T1L_N3_AD5N_70,1L,70,HP,2,NA
T12,IO_L7P_T1L_N0_QBC_AD13P_70,1L,70,HP,2,NA
R12,IO_L7N_T1L_N1_QBC_AD13N_70,1L,70,HP,2,NA
W16,IO_L6P_T0U_N10_AD6P_70,0U,70,HP,2,NA
V16,IO_L6N_T0U_N11_AD6N_70,0U,70,HP,2,NA
U16,IO_L5P_T0U_N8_AD14P_70,0U,70,HP,2,NA
T15,IO_L5N_T0U_N9_AD14N_70,0U,70,HP,2,NA
W14,IO_L4P_T0U_N6_DBC_AD7P_70,0U,70,HP,2,NA
V14,IO_L4N_T0U_N7_DBC_AD7N_70,0U,70,HP,2,NA
U15,IO_L3P_T0L_N4_AD15P_70,0L,70,HP,2,NA
U14,IO_L3N_T0L_N5_AD15N_70,0L,70,HP,2,NA
W13,IO_L2P_T0L_N2_70,0L,70,HP,2,NA
V13,IO_L2N_T0L_N3_70,0L,70,HP,2,NA
R16,IO_T0U_N12_VRP_70,0U,70,HP,2,NA
V12,IO_L1P_T0L_N0_DBC_70,0L,70,HP,2,NA
U12,IO_L1N_T0L_N1_DBC_70,0L,70,HP,2,NA
W15,VREF_70,NA,70,HP,2,NA
B5,IO_L24P_T3U_N10_71,3U,71,HP,2,NA
B4,IO_L24N_T3U_N11_71,3U,71,HP,2,NA
C4,IO_T3U_N12_71,3U,71,HP,2,NA
A5,IO_L23P_T3U_N8_71,3U,71,HP,2,NA
A4,IO_L23N_T3U_N9_71,3U,71,HP,2,NA
A8,IO_L22P_T3U_N6_DBC_AD0P_71,3U,71,HP,2,NA
A7,IO_L22N_T3U_N7_DBC_AD0N_71,3U,71,HP,2,NA
B7,IO_L21P_T3L_N4_AD8P_71,3L,71,HP,2,NA
B6,IO_L21N_T3L_N5_AD8N_71,3L,71,HP,2,NA
D6,IO_L20P_T3L_N2_AD1P_71,3L,71,HP,2,NA
C6,IO_L20N_T3L_N3_AD1N_71,3L,71,HP,2,NA
C8,IO_L19P_T3L_N0_DBC_AD9P_71,3L,71,HP,2,NA
C7,IO_L19N_T3L_N1_DBC_AD9N_71,3L,71,HP,2,NA
B9,IO_L18P_T2U_N10_AD2P_71,2U,71,HP,2,NA
A9,IO_L18N_T2U_N11_AD2N_71,2U,71,HP,2,NA
B10,IO_L17P_T2U_N8_AD10P_71,2U,71,HP,2,NA
A10,IO_L17N_T2U_N9_AD10N_71,2U,71,HP,2,NA
E8,IO_L16P_T2U_N6_QBC_AD3P_71,2U,71,HP,2,NA
D8,IO_L16N_T2U_N7_QBC_AD3N_71,2U,71,HP,2,NA
D9,IO_L15P_T2L_N4_AD11P_71,2L,71,HP,2,NA
C9,IO_L15N_T2L_N5_AD11N_71,2L,71,HP,2,NA
C11,IO_L14P_T2L_N2_GC_71,2L,71,HP,2,NA
B11,IO_L14N_T2L_N3_GC_71,2L,71,HP,2,NA
E10,IO_T2U_N12_71,2U,71,HP,2,NA
D11,IO_L13P_T2L_N0_GC_QBC_71,2L,71,HP,2,NA
D10,IO_L13N_T2L_N1_GC_QBC_71,2L,71,HP,2,NA
D13,IO_L12P_T1U_N10_GC_71,1U,71,HP,2,NA
C13,IO_L12N_T1U_N11_GC_71,1U,71,HP,2,NA
D15,IO_T1U_N12_71,1U,71,HP,2,NA
C12,IO_L11P_T1U_N8_GC_71,1U,71,HP,2,NA
B12,IO_L11N_T1U_N9_GC_71,1U,71,HP,2,NA
B15,IO_L10P_T1U_N6_QBC_AD4P_71,1U,71,HP,2,NA
A15,IO_L10N_T1U_N7_QBC_AD4N_71,1U,71,HP,2,NA
D14,IO_L9P_T1L_N4_AD12P_71,1L,71,HP,2,NA
C14,IO_L9N_T1L_N5_AD12N_71,1L,71,HP,2,NA
A13,IO_L8P_T1L_N2_AD5P_71,1L,71,HP,2,NA
A12,IO_L8N_T1L_N3_AD5N_71,1L,71,HP,2,NA
B14,IO_L7P_T1L_N0_QBC_AD13P_71,1L,71,HP,2,NA
A14,IO_L7N_T1L_N1_QBC_AD13N_71,1L,71,HP,2,NA
G10,IO_L6P_T0U_N10_AD6P_71,0U,71,HP,2,NA
F10,IO_L6N_T0U_N11_AD6N_71,0U,71,HP,2,NA
E12,IO_L5P_T0U_N8_AD14P_71,0U,71,HP,2,NA
E11,IO_L5N_T0U_N9_AD14N_71,0U,71,HP,2,NA
G12,IO_L4P_T0U_N6_DBC_AD7P_71,0U,71,HP,2,NA
F12,IO_L4N_T0U_N7_DBC_AD7N_71,0U,71,HP,2,NA
F15,IO_L3P_T0L_N4_AD15P_71,0L,71,HP,2,NA
E15,IO_L3N_T0L_N5_AD15N_71,0L,71,HP,2,NA
G14,IO_L2P_T0L_N2_71,0L,71,HP,2,NA
F14,IO_L2N_T0L_N3_71,0L,71,HP,2,NA
G11,IO_T0U_N12_VRP_71,0U,71,HP,2,NA
F13,IO_L1P_T0L_N0_DBC_71,0L,71,HP,2,NA
E13,IO_L1N_T0L_N1_DBC_71,0L,71,HP,2,NA
G15,VREF_71,NA,71,HP,2,NA
K17,IO_L24P_T3U_N10_72,3U,72,HP,2,NA
K16,IO_L24N_T3U_N11_72,3U,72,HP,2,NA
H19,IO_T3U_N12_72,3U,72,HP,2,NA
J16,IO_L23P_T3U_N8_72,3U,72,HP,2,NA
H16,IO_L23N_T3U_N9_72,3U,72,HP,2,NA
H18,IO_L22P_T3U_N6_DBC_AD0P_72,3U,72,HP,2,NA
H17,IO_L22N_T3U_N7_DBC_AD0N_72,3U,72,HP,2,NA
J21,IO_L21P_T3L_N4_AD8P_72,3L,72,HP,2,NA
H21,IO_L21N_T3L_N5_AD8N_72,3L,72,HP,2,NA
J20,IO_L20P_T3L_N2_AD1P_72,3L,72,HP,2,NA
J19,IO_L20N_T3L_N3_AD1N_72,3L,72,HP,2,NA
K18,IO_L19P_T3L_N0_DBC_AD9P_72,3L,72,HP,2,NA
J18,IO_L19N_T3L_N1_DBC_AD9N_72,3L,72,HP,2,NA
N17,IO_L18P_T2U_N10_AD2P_72,2U,72,HP,2,NA
M17,IO_L18N_T2U_N11_AD2N_72,2U,72,HP,2,NA
L18,IO_L17P_T2U_N8_AD10P_72,2U,72,HP,2,NA
L17,IO_L17N_T2U_N9_AD10N_72,2U,72,HP,2,NA
K21,IO_L16P_T2U_N6_QBC_AD3P_72,2U,72,HP,2,NA
K20,IO_L16N_T2U_N7_QBC_AD3N_72,2U,72,HP,2,NA
L20,IO_L15P_T2L_N4_AD11P_72,2L,72,HP,2,NA
L19,IO_L15N_T2L_N5_AD11N_72,2L,72,HP,2,NA
M20,IO_L14P_T2L_N2_GC_72,2L,72,HP,2,NA
M19,IO_L14N_T2L_N3_GC_72,2L,72,HP,2,NA
M21,IO_T2U_N12_72,2U,72,HP,2,NA
N19,IO_L13P_T2L_N0_GC_QBC_72,2L,72,HP,2,NA
N18,IO_L13N_T2L_N1_GC_QBC_72,2L,72,HP,2,NA
P19,IO_L12P_T1U_N10_GC_72,1U,72,HP,2,NA
P18,IO_L12N_T1U_N11_GC_72,1U,72,HP,2,NA
R21,IO_T1U_N12_72,1U,72,HP,2,NA
R20,IO_L11P_T1U_N8_GC_72,1U,72,HP,2,NA
P20,IO_L11N_T1U_N9_GC_72,1U,72,HP,2,NA
P21,IO_L10P_T1U_N6_QBC_AD4P_72,1U,72,HP,2,NA
N21,IO_L10N_T1U_N7_QBC_AD4N_72,1U,72,HP,2,NA
T19,IO_L9P_T1L_N4_AD12P_72,1L,72,HP,2,NA
T18,IO_L9N_T1L_N5_AD12N_72,1L,72,HP,2,NA
U17,IO_L8P_T1L_N2_AD5P_72,1L,72,HP,2,NA
T17,IO_L8N_T1L_N3_AD5N_72,1L,72,HP,2,NA
R18,IO_L7P_T1L_N0_QBC_AD13P_72,1L,72,HP,2,NA
R17,IO_L7N_T1L_N1_QBC_AD13N_72,1L,72,HP,2,NA
U22,IO_L6P_T0U_N10_AD6P_72,0U,72,HP,2,NA
U21,IO_L6N_T0U_N11_AD6N_72,0U,72,HP,2,NA
V22,IO_L5P_T0U_N8_AD14P_72,0U,72,HP,2,NA
V21,IO_L5N_T0U_N9_AD14N_72,0U,72,HP,2,NA
W20,IO_L4P_T0U_N6_DBC_AD7P_72,0U,72,HP,2,NA
V19,IO_L4N_T0U_N7_DBC_AD7N_72,0U,72,HP,2,NA
U20,IO_L3P_T0L_N4_AD15P_72,0L,72,HP,2,NA
U19,IO_L3N_T0L_N5_AD15N_72,0L,72,HP,2,NA
W19,IO_L2P_T0L_N2_72,0L,72,HP,2,NA
W18,IO_L2N_T0L_N3_72,0L,72,HP,2,NA
T20,IO_T0U_N12_VRP_72,0U,72,HP,2,NA
V18,IO_L1P_T0L_N0_DBC_72,0L,72,HP,2,NA
V17,IO_L1N_T0L_N1_DBC_72,0L,72,HP,2,NA
W21,VREF_72,NA,72,HP,2,NA
E25,IO_L24P_T3U_N10_73,3U,73,HP,2,NA
D25,IO_L24N_T3U_N11_73,3U,73,HP,2,NA
F24,IO_T3U_N12_73,3U,73,HP,2,NA
D24,IO_L23P_T3U_N8_73,3U,73,HP,2,NA
D23,IO_L23N_T3U_N9_73,3U,73,HP,2,NA
F23,IO_L22P_T3U_N6_DBC_AD0P_73,3U,73,HP,2,NA
E23,IO_L22N_T3U_N7_DBC_AD0N_73,3U,73,HP,2,NA
G22,IO_L21P_T3L_N4_AD8P_73,3L,73,HP,2,NA
G21,IO_L21N_T3L_N5_AD8N_73,3L,73,HP,2,NA
E21,IO_L20P_T3L_N2_AD1P_73,3L,73,HP,2,NA
E20,IO_L20N_T3L_N3_AD1N_73,3L,73,HP,2,NA
F22,IO_L19P_T3L_N0_DBC_AD9P_73,3L,73,HP,2,NA
E22,IO_L19N_T3L_N1_DBC_AD9N_73,3L,73,HP,2,NA
B25,IO_L18P_T2U_N10_AD2P_73,2U,73,HP,2,NA
A25,IO_L18N_T2U_N11_AD2N_73,2U,73,HP,2,NA
B24,IO_L17P_T2U_N8_AD10P_73,2U,73,HP,2,NA
A24,IO_L17N_T2U_N9_AD10N_73,2U,73,HP,2,NA
C24,IO_L16P_T2U_N6_QBC_AD3P_73,2U,73,HP,2,NA
C23,IO_L16N_T2U_N7_QBC_AD3N_73,2U,73,HP,2,NA
A23,IO_L15P_T2L_N4_AD11P_73,2L,73,HP,2,NA
A22,IO_L15N_T2L_N5_AD11N_73,2L,73,HP,2,NA
C22,IO_L14P_T2L_N2_GC_73,2L,73,HP,2,NA
B22,IO_L14N_T2L_N3_GC_73,2L,73,HP,2,NA
D21,IO_T2U_N12_73,2U,73,HP,2,NA
C21,IO_L13P_T2L_N0_GC_QBC_73,2L,73,HP,2,NA
B21,IO_L13N_T2L_N1_GC_QBC_73,2L,73,HP,2,NA
B20,IO_L12P_T1U_N10_GC_73,1U,73,HP,2,NA
B19,IO_L12N_T1U_N11_GC_73,1U,73,HP,2,NA
D20,IO_T1U_N12_73,1U,73,HP,2,NA
C19,IO_L11P_T1U_N8_GC_73,1U,73,HP,2,NA
C18,IO_L11N_T1U_N9_GC_73,1U,73,HP,2,NA
A20,IO_L10P_T1U_N6_QBC_AD4P_73,1U,73,HP,2,NA
A19,IO_L10N_T1U_N7_QBC_AD4N_73,1U,73,HP,2,NA
A18,IO_L9P_T1L_N4_AD12P_73,1L,73,HP,2,NA
A17,IO_L9N_T1L_N5_AD12N_73,1L,73,HP,2,NA
C17,IO_L8P_T1L_N2_AD5P_73,1L,73,HP,2,NA
B17,IO_L8N_T1L_N3_AD5N_73,1L,73,HP,2,NA
C16,IO_L7P_T1L_N0_QBC_AD13P_73,1L,73,HP,2,NA
B16,IO_L7N_T1L_N1_QBC_AD13N_73,1L,73,HP,2,NA
D19,IO_L6P_T0U_N10_AD6P_73,0U,73,HP,2,NA
D18,IO_L6N_T0U_N11_AD6N_73,0U,73,HP,2,NA
F18,IO_L5P_T0U_N8_AD14P_73,0U,73,HP,2,NA
E18,IO_L5N_T0U_N9_AD14N_73,0U,73,HP,2,NA
G19,IO_L4P_T0U_N6_DBC_AD7P_73,0U,73,HP,2,NA
F19,IO_L4N_T0U_N7_DBC_AD7N_73,0U,73,HP,2,NA
F17,IO_L3P_T0L_N4_AD15P_73,0L,73,HP,2,NA
E17,IO_L3N_T0L_N5_AD15N_73,0L,73,HP,2,NA
G17,IO_L2P_T0L_N2_73,0L,73,HP,2,NA
G16,IO_L2N_T0L_N3_73,0L,73,HP,2,NA
F20,IO_T0U_N12_VRP_73,0U,73,HP,2,NA
E16,IO_L1P_T0L_N0_DBC_73,0L,73,HP,2,NA
D16,IO_L1N_T0L_N1_DBC_73,0L,73,HP,2,NA
G20,VREF_73,NA,73,HP,2,NA
AL24,IO_L24P_T3U_N10_84,3U,84,HR,1,NA
AL23,IO_L24N_T3U_N11_84,3U,84,HR,1,NA
AL25,IO_T3U_N12_84,3U,84,HR,1,NA
AM26,IO_L23P_T3U_N8_84,3U,84,HR,1,NA
AM25,IO_L23N_T3U_N9_84,3U,84,HR,1,NA
AM24,IO_L22P_T3U_N6_DBC_AD0P_84,3U,84,HR,1,NA
AN24,IO_L22N_T3U_N7_DBC_AD0N_84,3U,84,HR,1,NA
AM22,IO_L21P_T3L_N4_AD8P_84,3L,84,HR,1,NA
AN22,IO_L21N_T3L_N5_AD8N_84,3L,84,HR,1,NA
AN23,IO_L20P_T3L_N2_AD1P_84,3L,84,HR,1,NA
AP23,IO_L20N_T3L_N3_AD1N_84,3L,84,HR,1,NA
AP25,IO_L19P_T3L_N0_DBC_AD9P_84,3L,84,HR,1,NA
AP24,IO_L19N_T3L_N1_DBC_AD9N_84,3L,84,HR,1,NA
AR23,IO_L18P_T2U_N10_AD2P_84,2U,84,HR,1,NA
AR22,IO_L18N_T2U_N11_AD2N_84,2U,84,HR,1,NA
AT23,IO_L17P_T2U_N8_AD10P_84,2U,84,HR,1,NA
AT22,IO_L17N_T2U_N9_AD10N_84,2U,84,HR,1,NA
AT25,IO_L16P_T2U_N6_QBC_AD3P_84,2U,84,HR,1,NA
AT24,IO_L16N_T2U_N7_QBC_AD3N_84,2U,84,HR,1,NA
AU25,IO_L15P_T2L_N4_AD11P_84,2L,84,HR,1,NA
AU24,IO_L15N_T2L_N5_AD11N_84,2L,84,HR,1,NA
AU22,IO_L14P_T2L_N2_GC_84,2L,84,HR,1,NA
AV22,IO_L14N_T2L_N3_GC_84,2L,84,HR,1,NA
AR25,IO_T2U_N12_84,2U,84,HR,1,NA
AV24,IO_L13P_T2L_N0_GC_QBC_84,2L,84,HR,1,NA
AV23,IO_L13N_T2L_N1_GC_QBC_84,2L,84,HR,1,NA
AL22,VREF_84,NA,84,HR,1,NA
AW25,IO_L12P_T1U_N10_GC_94,1U,94,HR,1,NA
AW24,IO_L12N_T1U_N11_GC_94,1U,94,HR,1,NA
AV26,IO_T1U_N12_94,1U,94,HR,1,NA
AW23,IO_L11P_T1U_N8_GC_94,1U,94,HR,1,NA
AY23,IO_L11N_T1U_N9_GC_94,1U,94,HR,1,NA
AW26,IO_L10P_T1U_N6_QBC_AD4P_94,1U,94,HR,1,NA
AY26,IO_L10N_T1U_N7_QBC_AD4N_94,1U,94,HR,1,NA
AY25,IO_L9P_T1L_N4_AD12P_94,1L,94,HR,1,NA
BA25,IO_L9N_T1L_N5_AD12N_94,1L,94,HR,1,NA
BA24,IO_L8P_T1L_N2_AD5P_94,1L,94,HR,1,NA
BA23,IO_L8N_T1L_N3_AD5N_94,1L,94,HR,1,NA
BA22,IO_L7P_T1L_N0_QBC_AD13P_94,1L,94,HR,1,NA
BB22,IO_L7N_T1L_N1_QBC_AD13N_94,1L,94,HR,1,NA
BB26,IO_L6P_T0U_N10_AD6P_94,0U,94,HR,1,NA
BC26,IO_L6N_T0U_N11_AD6N_94,0U,94,HR,1,NA
BB25,IO_L5P_T0U_N8_AD14P_94,0U,94,HR,1,NA
BB24,IO_L5N_T0U_N9_AD14N_94,0U,94,HR,1,NA
BD26,IO_L4P_T0U_N6_DBC_AD7P_94,0U,94,HR,1,NA
BD25,IO_L4N_T0U_N7_DBC_AD7N_94,0U,94,HR,1,NA
BC24,IO_L3P_T0L_N4_AD15P_94,0L,94,HR,1,NA
BD24,IO_L3N_T0L_N5_AD15N_94,0L,94,HR,1,NA
BC23,IO_L2P_T0L_N2_94,0L,94,HR,1,NA
BC22,IO_L2N_T0L_N3_94,0L,94,HR,1,NA
BE25,IO_T0U_N12_94,0U,94,HR,1,NA
BD23,IO_L1P_T0L_N0_DBC_94,0L,94,HR,1,NA
BE23,IO_L1N_T0L_N1_DBC_94,0L,94,HR,1,NA
AY22,VREF_94,NA,94,HR,1,NA
BB6,MGTHTXP3_221,NA,221,GTH,0,NA
BA4,MGTHRXP3_221,NA,221,GTH,0,NA
BA3,MGTHRXN3_221,NA,221,GTH,0,NA
BB5,MGTHTXN3_221,NA,221,GTH,0,NA
AW8,MGTREFCLK1P_221,NA,221,GTH,0,NA
AW7,MGTREFCLK1N_221,NA,221,GTH,0,NA
BC4,MGTHTXP2_221,NA,221,GTH,0,NA
BB2,MGTHRXP2_221,NA,221,GTH,0,NA
BB1,MGTHRXN2_221,NA,221,GTH,0,NA
BC3,MGTHTXN2_221,NA,221,GTH,0,NA
BC7,MGTRREF_RS,NA,NA,NA,NA,NA
BC8,MGTAVTTRCAL_RS,NA,NA,NA,NA,NA
BD6,MGTHTXP1_221,NA,221,GTH,0,NA
BD2,MGTHRXP1_221,NA,221,GTH,0,NA
BD1,MGTHRXN1_221,NA,221,GTH,0,NA
BD5,MGTHTXN1_221,NA,221,GTH,0,NA
BA8,MGTREFCLK0P_221,NA,221,GTH,0,NA
BA7,MGTREFCLK0N_221,NA,221,GTH,0,NA
BE4,MGTHTXP0_221,NA,221,GTH,0,NA
BF2,MGTHRXP0_221,NA,221,GTH,0,NA
BF1,MGTHRXN0_221,NA,221,GTH,0,NA
BE3,MGTHTXN0_221,NA,221,GTH,0,NA
AT6,MGTHTXP3_222,NA,222,GTH,0,NA
AT2,MGTHRXP3_222,NA,222,GTH,0,NA
AT1,MGTHRXN3_222,NA,222,GTH,0,NA
AT5,MGTHTXN3_222,NA,222,GTH,0,NA
AR8,MGTREFCLK1P_222,NA,222,GTH,0,NA
AR7,MGTREFCLK1N_222,NA,222,GTH,0,NA
AV6,MGTHTXP2_222,NA,222,GTH,0,NA
AU4,MGTHRXP2_222,NA,222,GTH,0,NA
AU3,MGTHRXN2_222,NA,222,GTH,0,NA
AV5,MGTHTXN2_222,NA,222,GTH,0,NA
AW4,MGTHTXP1_222,NA,222,GTH,0,NA
AV2,MGTHRXP1_222,NA,222,GTH,0,NA
AV1,MGTHRXN1_222,NA,222,GTH,0,NA
AW3,MGTHTXN1_222,NA,222,GTH,0,NA
AU8,MGTREFCLK0P_222,NA,222,GTH,0,NA
AU7,MGTREFCLK0N_222,NA,222,GTH,0,NA
AY6,MGTHTXP0_222,NA,222,GTH,0,NA
AY2,MGTHRXP0_222,NA,222,GTH,0,NA
AY1,MGTHRXN0_222,NA,222,GTH,0,NA
AY5,MGTHTXN0_222,NA,222,GTH,0,NA
AL8,MGTHTXP3_223,NA,223,GTH,0,NA
AL4,MGTHRXP3_223,NA,223,GTH,0,NA
AL3,MGTHRXN3_223,NA,223,GTH,0,NA
AL7,MGTHTXN3_223,NA,223,GTH,0,NA
AN8,MGTREFCLK1P_223,NA,223,GTH,0,NA
AN7,MGTREFCLK1N_223,NA,223,GTH,0,NA
AM6,MGTHTXP2_223,NA,223,GTH,0,NA
AM2,MGTHRXP2_223,NA,223,GTH,0,NA
AM1,MGTHRXN2_223,NA,223,GTH,0,NA
AM5,MGTHTXN2_223,NA,223,GTH,0,NA
AP6,MGTHTXP1_223,NA,223,GTH,0,NA
AN4,MGTHRXP1_223,NA,223,GTH,0,NA
AN3,MGTHRXN1_223,NA,223,GTH,0,NA
AP5,MGTHTXN1_223,NA,223,GTH,0,NA
AP10,MGTREFCLK0P_223,NA,223,GTH,0,NA
AP9,MGTREFCLK0N_223,NA,223,GTH,0,NA
AR4,MGTHTXP0_223,NA,223,GTH,0,NA
AP2,MGTHRXP0_223,NA,223,GTH,0,NA
AP1,MGTHRXN0_223,NA,223,GTH,0,NA
AR3,MGTHTXN0_223,NA,223,GTH,0,NA
AG8,MGTHTXP3_224,NA,224,GTH,1,NA
AG4,MGTHRXP3_224,NA,224,GTH,1,NA
AG3,MGTHRXN3_224,NA,224,GTH,1,NA
AG7,MGTHTXN3_224,NA,224,GTH,1,NA
AH10,MGTREFCLK1P_224,NA,224,GTH,1,NA
AH9,MGTREFCLK1N_224,NA,224,GTH,1,NA
AH6,MGTHTXP2_224,NA,224,GTH,1,NA
AH2,MGTHRXP2_224,NA,224,GTH,1,NA
AH1,MGTHRXN2_224,NA,224,GTH,1,NA
AH5,MGTHTXN2_224,NA,224,GTH,1,NA
AJ8,MGTHTXP1_224,NA,224,GTH,1,NA
AJ4,MGTHRXP1_224,NA,224,GTH,1,NA
AJ3,MGTHRXN1_224,NA,224,GTH,1,NA
AJ7,MGTHTXN1_224,NA,224,GTH,1,NA
AK10,MGTREFCLK0P_224,NA,224,GTH,1,NA
AK9,MGTREFCLK0N_224,NA,224,GTH,1,NA
AK6,MGTHTXP0_224,NA,224,GTH,1,NA
AK2,MGTHRXP0_224,NA,224,GTH,1,NA
AK1,MGTHRXN0_224,NA,224,GTH,1,NA
AK5,MGTHTXN0_224,NA,224,GTH,1,NA
AC8,MGTHTXP3_225,NA,225,GTH,1,NA
AC4,MGTHRXP3_225,NA,225,GTH,1,NA
AC3,MGTHRXN3_225,NA,225,GTH,1,NA
AC7,MGTHTXN3_225,NA,225,GTH,1,NA
AD10,MGTREFCLK1P_225,NA,225,GTH,1,NA
AD9,MGTREFCLK1N_225,NA,225,GTH,1,NA
AD6,MGTHTXP2_225,NA,225,GTH,1,NA
AD2,MGTHRXP2_225,NA,225,GTH,1,NA
AD1,MGTHRXN2_225,NA,225,GTH,1,NA
AD5,MGTHTXN2_225,NA,225,GTH,1,NA
AE8,MGTHTXP1_225,NA,225,GTH,1,NA
AE4,MGTHRXP1_225,NA,225,GTH,1,NA
AE3,MGTHRXN1_225,NA,225,GTH,1,NA
AE7,MGTHTXN1_225,NA,225,GTH,1,NA
AF10,MGTREFCLK0P_225,NA,225,GTH,1,NA
AF9,MGTREFCLK0N_225,NA,225,GTH,1,NA
AF6,MGTHTXP0_225,NA,225,GTH,1,NA
AF2,MGTHRXP0_225,NA,225,GTH,1,NA
AF1,MGTHRXN0_225,NA,225,GTH,1,NA
AF5,MGTHTXN0_225,NA,225,GTH,1,NA
W8,MGTHTXP3_226,NA,226,GTH,1,NA
W4,MGTHRXP3_226,NA,226,GTH,1,NA
W3,MGTHRXN3_226,NA,226,GTH,1,NA
W7,MGTHTXN3_226,NA,226,GTH,1,NA
Y10,MGTREFCLK1P_226,NA,226,GTH,1,NA
Y9,MGTREFCLK1N_226,NA,226,GTH,1,NA
Y6,MGTHTXP2_226,NA,226,GTH,1,NA
Y2,MGTHRXP2_226,NA,226,GTH,1,NA
Y1,MGTHRXN2_226,NA,226,GTH,1,NA
Y5,MGTHTXN2_226,NA,226,GTH,1,NA
AM9,MGTRREF_RC,NA,NA,NA,NA,NA
AM10,MGTAVTTRCAL_RC,NA,NA,NA,NA,NA
AA8,MGTHTXP1_226,NA,226,GTH,1,NA
AA4,MGTHRXP1_226,NA,226,GTH,1,NA
AA3,MGTHRXN1_226,NA,226,GTH,1,NA
AA7,MGTHTXN1_226,NA,226,GTH,1,NA
AB10,MGTREFCLK0P_226,NA,226,GTH,1,NA
AB9,MGTREFCLK0N_226,NA,226,GTH,1,NA
AB6,MGTHTXP0_226,NA,226,GTH,1,NA
AB2,MGTHRXP0_226,NA,226,GTH,1,NA
AB1,MGTHRXN0_226,NA,226,GTH,1,NA
AB5,MGTHTXN0_226,NA,226,GTH,1,NA
R8,MGTHTXP3_231,NA,231,GTH,2,NA
R4,MGTHRXP3_231,NA,231,GTH,2,NA
R3,MGTHRXN3_231,NA,231,GTH,2,NA
R7,MGTHTXN3_231,NA,231,GTH,2,NA
T10,MGTREFCLK1P_231,NA,231,GTH,2,NA
T9,MGTREFCLK1N_231,NA,231,GTH,2,NA
T6,MGTHTXP2_231,NA,231,GTH,2,NA
T2,MGTHRXP2_231,NA,231,GTH,2,NA
T1,MGTHRXN2_231,NA,231,GTH,2,NA
T5,MGTHTXN2_231,NA,231,GTH,2,NA
G7,MGTRREF_RN,NA,NA,NA,NA,NA
G8,MGTAVTTRCAL_RN,NA,NA,NA,NA,NA
U8,MGTHTXP1_231,NA,231,GTH,2,NA
U4,MGTHRXP1_231,NA,231,GTH,2,NA
U3,MGTHRXN1_231,NA,231,GTH,2,NA
U7,MGTHTXN1_231,NA,231,GTH,2,NA
V10,MGTREFCLK0P_231,NA,231,GTH,2,NA
V9,MGTREFCLK0N_231,NA,231,GTH,2,NA
V6,MGTHTXP0_231,NA,231,GTH,2,NA
V2,MGTHRXP0_231,NA,231,GTH,2,NA
V1,MGTHRXN0_231,NA,231,GTH,2,NA
V5,MGTHTXN0_231,NA,231,GTH,2,NA
K6,MGTHTXP3_232,NA,232,GTH,2,NA
K2,MGTHRXP3_232,NA,232,GTH,2,NA
K1,MGTHRXN3_232,NA,232,GTH,2,NA
K5,MGTHTXN3_232,NA,232,GTH,2,NA
N8,MGTREFCLK1P_232,NA,232,GTH,2,NA
N7,MGTREFCLK1N_232,NA,232,GTH,2,NA
L4,MGTHTXP2_232,NA,232,GTH,2,NA
M2,MGTHRXP2_232,NA,232,GTH,2,NA
M1,MGTHRXN2_232,NA,232,GTH,2,NA
L3,MGTHTXN2_232,NA,232,GTH,2,NA
M6,MGTHTXP1_232,NA,232,GTH,2,NA
N4,MGTHRXP1_232,NA,232,GTH,2,NA
N3,MGTHRXN1_232,NA,232,GTH,2,NA
M5,MGTHTXN1_232,NA,232,GTH,2,NA
P10,MGTREFCLK0P_232,NA,232,GTH,2,NA
P9,MGTREFCLK0N_232,NA,232,GTH,2,NA
P6,MGTHTXP0_232,NA,232,GTH,2,NA
P2,MGTHRXP0_232,NA,232,GTH,2,NA
P1,MGTHRXN0_232,NA,232,GTH,2,NA
P5,MGTHTXN0_232,NA,232,GTH,2,NA
E4,MGTHTXP3_233,NA,233,GTH,2,NA
D2,MGTHRXP3_233,NA,233,GTH,2,NA
D1,MGTHRXN3_233,NA,233,GTH,2,NA
E3,MGTHTXN3_233,NA,233,GTH,2,NA
J8,MGTREFCLK1P_233,NA,233,GTH,2,NA
J7,MGTREFCLK1N_233,NA,233,GTH,2,NA
F6,MGTHTXP2_233,NA,233,GTH,2,NA
F2,MGTHRXP2_233,NA,233,GTH,2,NA
F1,MGTHRXN2_233,NA,233,GTH,2,NA
F5,MGTHTXN2_233,NA,233,GTH,2,NA
G4,MGTHTXP1_233,NA,233,GTH,2,NA
H2,MGTHRXP1_233,NA,233,GTH,2,NA
H1,MGTHRXN1_233,NA,233,GTH,2,NA
G3,MGTHTXN1_233,NA,233,GTH,2,NA
L8,MGTREFCLK0P_233,NA,233,GTH,2,NA
L7,MGTREFCLK0N_233,NA,233,GTH,2,NA
H6,MGTHTXP0_233,NA,233,GTH,2,NA
J4,MGTHRXP0_233,NA,233,GTH,2,NA
J3,MGTHRXN0_233,NA,233,GTH,2,NA
H5,MGTHTXN0_233,NA,233,GTH,2,NA
AA10,MGTAVCC_RC,NA,NA,NA,NA,NA
AB8,MGTAVCC_RC,NA,NA,NA,NA,NA
AC6,MGTAVCC_RC,NA,NA,NA,NA,NA
AC9,MGTAVCC_RC,NA,NA,NA,NA,NA
AD8,MGTAVCC_RC,NA,NA,NA,NA,NA
AE6,MGTAVCC_RC,NA,NA,NA,NA,NA
AF8,MGTAVCC_RC,NA,NA,NA,NA,NA
AH8,MGTAVCC_RC,NA,NA,NA,NA,NA
AJ10,MGTAVCC_RC,NA,NA,NA,NA,NA
AK8,MGTAVCC_RC,NA,NA,NA,NA,NA
AL9,MGTAVCC_RC,NA,NA,NA,NA,NA
W9,MGTAVCC_RC,NA,NA,NA,NA,NA
Y8,MGTAVCC_RC,NA,NA,NA,NA,NA
G6,MGTAVCC_RN,NA,NA,NA,NA,NA
H8,MGTAVCC_RN,NA,NA,NA,NA,NA
J6,MGTAVCC_RN,NA,NA,NA,NA,NA
K8,MGTAVCC_RN,NA,NA,NA,NA,NA
L6,MGTAVCC_RN,NA,NA,NA,NA,NA
M8,MGTAVCC_RN,NA,NA,NA,NA,NA
N6,MGTAVCC_RN,NA,NA,NA,NA,NA
P8,MGTAVCC_RN,NA,NA,NA,NA,NA
R6,MGTAVCC_RN,NA,NA,NA,NA,NA
T8,MGTAVCC_RN,NA,NA,NA,NA,NA
U6,MGTAVCC_RN,NA,NA,NA,NA,NA
V8,MGTAVCC_RN,NA,NA,NA,NA,NA
AL6,MGTAVCC_RS,NA,NA,NA,NA,NA
AM8,MGTAVCC_RS,NA,NA,NA,NA,NA
AN6,MGTAVCC_RS,NA,NA,NA,NA,NA
AR6,MGTAVCC_RS,NA,NA,NA,NA,NA
AT8,MGTAVCC_RS,NA,NA,NA,NA,NA
AU6,MGTAVCC_RS,NA,NA,NA,NA,NA
AV8,MGTAVCC_RS,NA,NA,NA,NA,NA
AW6,MGTAVCC_RS,NA,NA,NA,NA,NA
AY8,MGTAVCC_RS,NA,NA,NA,NA,NA
BA6,MGTAVCC_RS,NA,NA,NA,NA,NA
BB8,MGTAVCC_RS,NA,NA,NA,NA,NA
BC6,MGTAVCC_RS,NA,NA,NA,NA,NA
BE5,MGTAVCC_RS,NA,NA,NA,NA,NA
AA2,MGTAVTT_RC,NA,NA,NA,NA,NA
AA6,MGTAVTT_RC,NA,NA,NA,NA,NA
AB4,MGTAVTT_RC,NA,NA,NA,NA,NA
AC2,MGTAVTT_RC,NA,NA,NA,NA,NA
AD4,MGTAVTT_RC,NA,NA,NA,NA,NA
AE2,MGTAVTT_RC,NA,NA,NA,NA,NA
AF4,MGTAVTT_RC,NA,NA,NA,NA,NA
AG2,MGTAVTT_RC,NA,NA,NA,NA,NA
AG6,MGTAVTT_RC,NA,NA,NA,NA,NA
AH4,MGTAVTT_RC,NA,NA,NA,NA,NA
AJ2,MGTAVTT_RC,NA,NA,NA,NA,NA
AJ6,MGTAVTT_RC,NA,NA,NA,NA,NA
AK4,MGTAVTT_RC,NA,NA,NA,NA,NA
W6,MGTAVTT_RC,NA,NA,NA,NA,NA
Y4,MGTAVTT_RC,NA,NA,NA,NA,NA
E2,MGTAVTT_RN,NA,NA,NA,NA,NA
F4,MGTAVTT_RN,NA,NA,NA,NA,NA
G2,MGTAVTT_RN,NA,NA,NA,NA,NA
H4,MGTAVTT_RN,NA,NA,NA,NA,NA
J2,MGTAVTT_RN,NA,NA,NA,NA,NA
K4,MGTAVTT_RN,NA,NA,NA,NA,NA
L2,MGTAVTT_RN,NA,NA,NA,NA,NA
M4,MGTAVTT_RN,NA,NA,NA,NA,NA
N2,MGTAVTT_RN,NA,NA,NA,NA,NA
P4,MGTAVTT_RN,NA,NA,NA,NA,NA
R2,MGTAVTT_RN,NA,NA,NA,NA,NA
T4,MGTAVTT_RN,NA,NA,NA,NA,NA
U2,MGTAVTT_RN,NA,NA,NA,NA,NA
V4,MGTAVTT_RN,NA,NA,NA,NA,NA
W2,MGTAVTT_RN,NA,NA,NA,NA,NA
AL2,MGTAVTT_RS,NA,NA,NA,NA,NA
AM4,MGTAVTT_RS,NA,NA,NA,NA,NA
AN2,MGTAVTT_RS,NA,NA,NA,NA,NA
AP4,MGTAVTT_RS,NA,NA,NA,NA,NA
AR2,MGTAVTT_RS,NA,NA,NA,NA,NA
AT4,MGTAVTT_RS,NA,NA,NA,NA,NA
AU2,MGTAVTT_RS,NA,NA,NA,NA,NA
AV4,MGTAVTT_RS,NA,NA,NA,NA,NA
AW2,MGTAVTT_RS,NA,NA,NA,NA,NA
AY4,MGTAVTT_RS,NA,NA,NA,NA,NA
BA2,MGTAVTT_RS,NA,NA,NA,NA,NA
BB4,MGTAVTT_RS,NA,NA,NA,NA,NA
BC2,MGTAVTT_RS,NA,NA,NA,NA,NA
BD4,MGTAVTT_RS,NA,NA,NA,NA,NA
BE2,MGTAVTT_RS,NA,NA,NA,NA,NA
AE10,MGTVCCAUX_RC,NA,NA,NA,NA,NA
AG9,MGTVCCAUX_RC,NA,NA,NA,NA,NA
R9,MGTVCCAUX_RN,NA,NA,NA,NA,NA
U10,MGTVCCAUX_RN,NA,NA,NA,NA,NA
AN10,MGTVCCAUX_RS,NA,NA,NA,NA,NA
AP8,MGTVCCAUX_RS,NA,NA,NA,NA,NA
A11,GND,NA,NA,NA,NA,NA
A21,GND,NA,NA,NA,NA,NA
A31,GND,NA,NA,NA,NA,NA
A41,GND,NA,NA,NA,NA,NA
AA1,GND,NA,NA,NA,NA,NA
AA5,GND,NA,NA,NA,NA,NA
AA9,GND,NA,NA,NA,NA,NA
AA11,GND,NA,NA,NA,NA,NA
AA13,GND,NA,NA,NA,NA,NA
AA15,GND,NA,NA,NA,NA,NA
AA17,GND,NA,NA,NA,NA,NA
AA19,GND,NA,NA,NA,NA,NA
AA21,GND,NA,NA,NA,NA,NA
AA23,GND,NA,NA,NA,NA,NA
AA25,GND,NA,NA,NA,NA,NA
AA27,GND,NA,NA,NA,NA,NA
AA29,GND,NA,NA,NA,NA,NA
AA31,GND,NA,NA,NA,NA,NA
AA33,GND,NA,NA,NA,NA,NA
AA35,GND,NA,NA,NA,NA,NA
AA41,GND,NA,NA,NA,NA,NA
AB3,GND,NA,NA,NA,NA,NA
AB7,GND,NA,NA,NA,NA,NA
AB14,GND,NA,NA,NA,NA,NA
AB16,GND,NA,NA,NA,NA,NA
AB18,GND,NA,NA,NA,NA,NA
AB20,GND,NA,NA,NA,NA,NA
AB22,GND,NA,NA,NA,NA,NA
AB24,GND,NA,NA,NA,NA,NA
AB26,GND,NA,NA,NA,NA,NA
AB28,GND,NA,NA,NA,NA,NA
AB30,GND,NA,NA,NA,NA,NA
AB32,GND,NA,NA,NA,NA,NA
AB34,GND,NA,NA,NA,NA,NA
AB36,GND,NA,NA,NA,NA,NA
AB38,GND,NA,NA,NA,NA,NA
AB48,GND,NA,NA,NA,NA,NA
AC1,GND,NA,NA,NA,NA,NA
AC5,GND,NA,NA,NA,NA,NA
AC10,GND,NA,NA,NA,NA,NA
AC13,GND,NA,NA,NA,NA,NA
AC17,GND,NA,NA,NA,NA,NA
AC19,GND,NA,NA,NA,NA,NA
AC21,GND,NA,NA,NA,NA,NA
AC23,GND,NA,NA,NA,NA,NA
AC25,GND,NA,NA,NA,NA,NA
AC27,GND,NA,NA,NA,NA,NA
AC29,GND,NA,NA,NA,NA,NA
AC31,GND,NA,NA,NA,NA,NA
AC33,GND,NA,NA,NA,NA,NA
AC35,GND,NA,NA,NA,NA,NA
AC45,GND,NA,NA,NA,NA,NA
AD3,GND,NA,NA,NA,NA,NA
AD7,GND,NA,NA,NA,NA,NA
AD11,GND,NA,NA,NA,NA,NA
AD14,GND,NA,NA,NA,NA,NA
AD18,GND,NA,NA,NA,NA,NA
AD20,GND,NA,NA,NA,NA,NA
AD22,GND,NA,NA,NA,NA,NA
AD24,GND,NA,NA,NA,NA,NA
AD26,GND,NA,NA,NA,NA,NA
AD28,GND,NA,NA,NA,NA,NA
AD30,GND,NA,NA,NA,NA,NA
AD32,GND,NA,NA,NA,NA,NA
AD34,GND,NA,NA,NA,NA,NA
AD36,GND,NA,NA,NA,NA,NA
AD42,GND,NA,NA,NA,NA,NA
AE1,GND,NA,NA,NA,NA,NA
AE5,GND,NA,NA,NA,NA,NA
AE9,GND,NA,NA,NA,NA,NA
AE13,GND,NA,NA,NA,NA,NA
AE17,GND,NA,NA,NA,NA,NA
AE19,GND,NA,NA,NA,NA,NA
AE21,GND,NA,NA,NA,NA,NA
AE23,GND,NA,NA,NA,NA,NA
AE25,GND,NA,NA,NA,NA,NA
AE27,GND,NA,NA,NA,NA,NA
AE29,GND,NA,NA,NA,NA,NA
AE31,GND,NA,NA,NA,NA,NA
AE33,GND,NA,NA,NA,NA,NA
AE35,GND,NA,NA,NA,NA,NA
AE39,GND,NA,NA,NA,NA,NA
AE49,GND,NA,NA,NA,NA,NA
AF3,GND,NA,NA,NA,NA,NA
AF7,GND,NA,NA,NA,NA,NA
AF11,GND,NA,NA,NA,NA,NA
AF14,GND,NA,NA,NA,NA,NA
AF18,GND,NA,NA,NA,NA,NA
AF20,GND,NA,NA,NA,NA,NA
AF22,GND,NA,NA,NA,NA,NA
AF24,GND,NA,NA,NA,NA,NA
AF26,GND,NA,NA,NA,NA,NA
AF28,GND,NA,NA,NA,NA,NA
AF30,GND,NA,NA,NA,NA,NA
AF32,GND,NA,NA,NA,NA,NA
AF34,GND,NA,NA,NA,NA,NA
AF36,GND,NA,NA,NA,NA,NA
AF46,GND,NA,NA,NA,NA,NA
AG1,GND,NA,NA,NA,NA,NA
AG5,GND,NA,NA,NA,NA,NA
AG10,GND,NA,NA,NA,NA,NA
AG13,GND,NA,NA,NA,NA,NA
AG15,GND,NA,NA,NA,NA,NA
AG17,GND,NA,NA,NA,NA,NA
AG19,GND,NA,NA,NA,NA,NA
AG21,GND,NA,NA,NA,NA,NA
AG23,GND,NA,NA,NA,NA,NA
AG25,GND,NA,NA,NA,NA,NA
AG27,GND,NA,NA,NA,NA,NA
AG29,GND,NA,NA,NA,NA,NA
AG31,GND,NA,NA,NA,NA,NA
AG33,GND,NA,NA,NA,NA,NA
AG35,GND,NA,NA,NA,NA,NA
AG43,GND,NA,NA,NA,NA,NA
AH3,GND,NA,NA,NA,NA,NA
AH7,GND,NA,NA,NA,NA,NA
AH14,GND,NA,NA,NA,NA,NA
AH16,GND,NA,NA,NA,NA,NA
AH18,GND,NA,NA,NA,NA,NA
AH20,GND,NA,NA,NA,NA,NA
AH22,GND,NA,NA,NA,NA,NA
AH24,GND,NA,NA,NA,NA,NA
AH26,GND,NA,NA,NA,NA,NA
AH28,GND,NA,NA,NA,NA,NA
AH30,GND,NA,NA,NA,NA,NA
AH32,GND,NA,NA,NA,NA,NA
AH34,GND,NA,NA,NA,NA,NA
AH36,GND,NA,NA,NA,NA,NA
AH40,GND,NA,NA,NA,NA,NA
AJ1,GND,NA,NA,NA,NA,NA
AJ5,GND,NA,NA,NA,NA,NA
AJ9,GND,NA,NA,NA,NA,NA
AJ11,GND,NA,NA,NA,NA,NA
AJ13,GND,NA,NA,NA,NA,NA
AJ15,GND,NA,NA,NA,NA,NA
AJ17,GND,NA,NA,NA,NA,NA
AJ19,GND,NA,NA,NA,NA,NA
AJ21,GND,NA,NA,NA,NA,NA
AJ23,GND,NA,NA,NA,NA,NA
AJ25,GND,NA,NA,NA,NA,NA
AJ27,GND,NA,NA,NA,NA,NA
AJ29,GND,NA,NA,NA,NA,NA
AJ31,GND,NA,NA,NA,NA,NA
AJ33,GND,NA,NA,NA,NA,NA
AJ35,GND,NA,NA,NA,NA,NA
AJ37,GND,NA,NA,NA,NA,NA
AJ47,GND,NA,NA,NA,NA,NA
AK3,GND,NA,NA,NA,NA,NA
AK7,GND,NA,NA,NA,NA,NA
AK14,GND,NA,NA,NA,NA,NA
AK16,GND,NA,NA,NA,NA,NA
AK18,GND,NA,NA,NA,NA,NA
AK20,GND,NA,NA,NA,NA,NA
AK22,GND,NA,NA,NA,NA,NA
AK24,GND,NA,NA,NA,NA,NA
AK26,GND,NA,NA,NA,NA,NA
AK28,GND,NA,NA,NA,NA,NA
AK30,GND,NA,NA,NA,NA,NA
AK32,GND,NA,NA,NA,NA,NA
AK34,GND,NA,NA,NA,NA,NA
AK36,GND,NA,NA,NA,NA,NA
AK44,GND,NA,NA,NA,NA,NA
AL1,GND,NA,NA,NA,NA,NA
AL5,GND,NA,NA,NA,NA,NA
AL10,GND,NA,NA,NA,NA,NA
AL21,GND,NA,NA,NA,NA,NA
AL31,GND,NA,NA,NA,NA,NA
AL33,GND,NA,NA,NA,NA,NA
AL35,GND,NA,NA,NA,NA,NA
AL41,GND,NA,NA,NA,NA,NA
AM3,GND,NA,NA,NA,NA,NA
AM7,GND,NA,NA,NA,NA,NA
AM11,GND,NA,NA,NA,NA,NA
AM18,GND,NA,NA,NA,NA,NA
AM28,GND,NA,NA,NA,NA,NA
AM38,GND,NA,NA,NA,NA,NA
AM48,GND,NA,NA,NA,NA,NA
AN1,GND,NA,NA,NA,NA,NA
AN5,GND,NA,NA,NA,NA,NA
AN9,GND,NA,NA,NA,NA,NA
AN15,GND,NA,NA,NA,NA,NA
AN25,GND,NA,NA,NA,NA,NA
AN35,GND,NA,NA,NA,NA,NA
AN45,GND,NA,NA,NA,NA,NA
AP3,GND,NA,NA,NA,NA,NA
AP7,GND,NA,NA,NA,NA,NA
AP12,GND,NA,NA,NA,NA,NA
AP22,GND,NA,NA,NA,NA,NA
AP32,GND,NA,NA,NA,NA,NA
AP42,GND,NA,NA,NA,NA,NA
AR1,GND,NA,NA,NA,NA,NA
AR5,GND,NA,NA,NA,NA,NA
AR9,GND,NA,NA,NA,NA,NA
AR10,GND,NA,NA,NA,NA,NA
AR11,GND,NA,NA,NA,NA,NA
AR19,GND,NA,NA,NA,NA,NA
AR29,GND,NA,NA,NA,NA,NA
AR39,GND,NA,NA,NA,NA,NA
AR49,GND,NA,NA,NA,NA,NA
AT3,GND,NA,NA,NA,NA,NA
AT7,GND,NA,NA,NA,NA,NA
AT9,GND,NA,NA,NA,NA,NA
AT16,GND,NA,NA,NA,NA,NA
AT26,GND,NA,NA,NA,NA,NA
AT36,GND,NA,NA,NA,NA,NA
AT46,GND,NA,NA,NA,NA,NA
AU1,GND,NA,NA,NA,NA,NA
AU5,GND,NA,NA,NA,NA,NA
AU9,GND,NA,NA,NA,NA,NA
AU13,GND,NA,NA,NA,NA,NA
AU23,GND,NA,NA,NA,NA,NA
AU33,GND,NA,NA,NA,NA,NA
AU43,GND,NA,NA,NA,NA,NA
AV3,GND,NA,NA,NA,NA,NA
AV7,GND,NA,NA,NA,NA,NA
AV9,GND,NA,NA,NA,NA,NA
AV10,GND,NA,NA,NA,NA,NA
AV20,GND,NA,NA,NA,NA,NA
AV30,GND,NA,NA,NA,NA,NA
AV40,GND,NA,NA,NA,NA,NA
AW1,GND,NA,NA,NA,NA,NA
AW5,GND,NA,NA,NA,NA,NA
AW9,GND,NA,NA,NA,NA,NA
AW17,GND,NA,NA,NA,NA,NA
AW27,GND,NA,NA,NA,NA,NA
AW37,GND,NA,NA,NA,NA,NA
AW47,GND,NA,NA,NA,NA,NA
AY3,GND,NA,NA,NA,NA,NA
AY7,GND,NA,NA,NA,NA,NA
AY9,GND,NA,NA,NA,NA,NA
AY14,GND,NA,NA,NA,NA,NA
AY24,GND,NA,NA,NA,NA,NA
AY34,GND,NA,NA,NA,NA,NA
AY44,GND,NA,NA,NA,NA,NA
B8,GND,NA,NA,NA,NA,NA
B18,GND,NA,NA,NA,NA,NA
B28,GND,NA,NA,NA,NA,NA
B38,GND,NA,NA,NA,NA,NA
BA1,GND,NA,NA,NA,NA,NA
BA5,GND,NA,NA,NA,NA,NA
BA9,GND,NA,NA,NA,NA,NA
BA11,GND,NA,NA,NA,NA,NA
BA21,GND,NA,NA,NA,NA,NA
BA31,GND,NA,NA,NA,NA,NA
BA41,GND,NA,NA,NA,NA,NA
BB3,GND,NA,NA,NA,NA,NA
BB7,GND,NA,NA,NA,NA,NA
BB9,GND,NA,NA,NA,NA,NA
BB18,GND,NA,NA,NA,NA,NA
BB28,GND,NA,NA,NA,NA,NA
BB38,GND,NA,NA,NA,NA,NA
BB48,GND,NA,NA,NA,NA,NA
BC1,GND,NA,NA,NA,NA,NA
BC5,GND,NA,NA,NA,NA,NA
BC9,GND,NA,NA,NA,NA,NA
BC15,GND,NA,NA,NA,NA,NA
BC25,GND,NA,NA,NA,NA,NA
BC35,GND,NA,NA,NA,NA,NA
BC45,GND,NA,NA,NA,NA,NA
BD3,GND,NA,NA,NA,NA,NA
BD7,GND,NA,NA,NA,NA,NA
BD8,GND,NA,NA,NA,NA,NA
BD9,GND,NA,NA,NA,NA,NA
BD12,GND,NA,NA,NA,NA,NA
BD22,GND,NA,NA,NA,NA,NA
BD32,GND,NA,NA,NA,NA,NA
BD42,GND,NA,NA,NA,NA,NA
BE1,GND,NA,NA,NA,NA,NA
BE6,GND,NA,NA,NA,NA,NA
BE7,GND,NA,NA,NA,NA,NA
BE9,GND,NA,NA,NA,NA,NA
BE19,GND,NA,NA,NA,NA,NA
BE29,GND,NA,NA,NA,NA,NA
BE39,GND,NA,NA,NA,NA,NA
BE49,GND,NA,NA,NA,NA,NA
BF3,GND,NA,NA,NA,NA,NA
BF4,GND,NA,NA,NA,NA,NA
BF5,GND,NA,NA,NA,NA,NA
BF6,GND,NA,NA,NA,NA,NA
BF16,GND,NA,NA,NA,NA,NA
BF26,GND,NA,NA,NA,NA,NA
BF36,GND,NA,NA,NA,NA,NA
BF46,GND,NA,NA,NA,NA,NA
BG2,GND,NA,NA,NA,NA,NA
BG3,GND,NA,NA,NA,NA,NA
BG13,GND,NA,NA,NA,NA,NA
BG23,GND,NA,NA,NA,NA,NA
BG33,GND,NA,NA,NA,NA,NA
BG43,GND,NA,NA,NA,NA,NA
BH10,GND,NA,NA,NA,NA,NA
BH20,GND,NA,NA,NA,NA,NA
BH30,GND,NA,NA,NA,NA,NA
BH40,GND,NA,NA,NA,NA,NA
BJ7,GND,NA,NA,NA,NA,NA
BJ17,GND,NA,NA,NA,NA,NA
BJ27,GND,NA,NA,NA,NA,NA
BJ37,GND,NA,NA,NA,NA,NA
C2,GND,NA,NA,NA,NA,NA
C3,GND,NA,NA,NA,NA,NA
C5,GND,NA,NA,NA,NA,NA
C15,GND,NA,NA,NA,NA,NA
C25,GND,NA,NA,NA,NA,NA
C35,GND,NA,NA,NA,NA,NA
C45,GND,NA,NA,NA,NA,NA
D3,GND,NA,NA,NA,NA,NA
D4,GND,NA,NA,NA,NA,NA
D5,GND,NA,NA,NA,NA,NA
D12,GND,NA,NA,NA,NA,NA
D22,GND,NA,NA,NA,NA,NA
D32,GND,NA,NA,NA,NA,NA
D42,GND,NA,NA,NA,NA,NA
E1,GND,NA,NA,NA,NA,NA
E5,GND,NA,NA,NA,NA,NA
E6,GND,NA,NA,NA,NA,NA
E7,GND,NA,NA,NA,NA,NA
E9,GND,NA,NA,NA,NA,NA
E19,GND,NA,NA,NA,NA,NA
E29,GND,NA,NA,NA,NA,NA
E39,GND,NA,NA,NA,NA,NA
E49,GND,NA,NA,NA,NA,NA
F3,GND,NA,NA,NA,NA,NA
F7,GND,NA,NA,NA,NA,NA
F8,GND,NA,NA,NA,NA,NA
F9,GND,NA,NA,NA,NA,NA
F16,GND,NA,NA,NA,NA,NA
F26,GND,NA,NA,NA,NA,NA
F36,GND,NA,NA,NA,NA,NA
F46,GND,NA,NA,NA,NA,NA
G1,GND,NA,NA,NA,NA,NA
G5,GND,NA,NA,NA,NA,NA
G9,GND,NA,NA,NA,NA,NA
G13,GND,NA,NA,NA,NA,NA
G23,GND,NA,NA,NA,NA,NA
G33,GND,NA,NA,NA,NA,NA
G43,GND,NA,NA,NA,NA,NA
H3,GND,NA,NA,NA,NA,NA
H7,GND,NA,NA,NA,NA,NA
H9,GND,NA,NA,NA,NA,NA
H10,GND,NA,NA,NA,NA,NA
H20,GND,NA,NA,NA,NA,NA
H30,GND,NA,NA,NA,NA,NA
H40,GND,NA,NA,NA,NA,NA
J1,GND,NA,NA,NA,NA,NA
J5,GND,NA,NA,NA,NA,NA
J9,GND,NA,NA,NA,NA,NA
J17,GND,NA,NA,NA,NA,NA
J27,GND,NA,NA,NA,NA,NA
J37,GND,NA,NA,NA,NA,NA
J47,GND,NA,NA,NA,NA,NA
K3,GND,NA,NA,NA,NA,NA
K7,GND,NA,NA,NA,NA,NA
K9,GND,NA,NA,NA,NA,NA
K14,GND,NA,NA,NA,NA,NA
K24,GND,NA,NA,NA,NA,NA
K34,GND,NA,NA,NA,NA,NA
K44,GND,NA,NA,NA,NA,NA
L1,GND,NA,NA,NA,NA,NA
L5,GND,NA,NA,NA,NA,NA
L9,GND,NA,NA,NA,NA,NA
L11,GND,NA,NA,NA,NA,NA
L21,GND,NA,NA,NA,NA,NA
L31,GND,NA,NA,NA,NA,NA
L41,GND,NA,NA,NA,NA,NA
M3,GND,NA,NA,NA,NA,NA
M7,GND,NA,NA,NA,NA,NA
M9,GND,NA,NA,NA,NA,NA
M18,GND,NA,NA,NA,NA,NA
M28,GND,NA,NA,NA,NA,NA
M38,GND,NA,NA,NA,NA,NA
M48,GND,NA,NA,NA,NA,NA
N1,GND,NA,NA,NA,NA,NA
N5,GND,NA,NA,NA,NA,NA
N9,GND,NA,NA,NA,NA,NA
N10,GND,NA,NA,NA,NA,NA
N11,GND,NA,NA,NA,NA,NA
N15,GND,NA,NA,NA,NA,NA
N25,GND,NA,NA,NA,NA,NA
N35,GND,NA,NA,NA,NA,NA
N45,GND,NA,NA,NA,NA,NA
P3,GND,NA,NA,NA,NA,NA
P7,GND,NA,NA,NA,NA,NA
P12,GND,NA,NA,NA,NA,NA
P22,GND,NA,NA,NA,NA,NA
P32,GND,NA,NA,NA,NA,NA
P42,GND,NA,NA,NA,NA,NA
R1,GND,NA,NA,NA,NA,NA
R5,GND,NA,NA,NA,NA,NA
R10,GND,NA,NA,NA,NA,NA
R19,GND,NA,NA,NA,NA,NA
R29,GND,NA,NA,NA,NA,NA
R39,GND,NA,NA,NA,NA,NA
R49,GND,NA,NA,NA,NA,NA
T3,GND,NA,NA,NA,NA,NA
T7,GND,NA,NA,NA,NA,NA
T11,GND,NA,NA,NA,NA,NA
T16,GND,NA,NA,NA,NA,NA
T26,GND,NA,NA,NA,NA,NA
T36,GND,NA,NA,NA,NA,NA
T46,GND,NA,NA,NA,NA,NA
U1,GND,NA,NA,NA,NA,NA
U5,GND,NA,NA,NA,NA,NA
U9,GND,NA,NA,NA,NA,NA
U13,GND,NA,NA,NA,NA,NA
U23,GND,NA,NA,NA,NA,NA
U33,GND,NA,NA,NA,NA,NA
U43,GND,NA,NA,NA,NA,NA
V3,GND,NA,NA,NA,NA,NA
V7,GND,NA,NA,NA,NA,NA
V11,GND,NA,NA,NA,NA,NA
V20,GND,NA,NA,NA,NA,NA
V30,GND,NA,NA,NA,NA,NA
V40,GND,NA,NA,NA,NA,NA
W1,GND,NA,NA,NA,NA,NA
W5,GND,NA,NA,NA,NA,NA
W10,GND,NA,NA,NA,NA,NA
W17,GND,NA,NA,NA,NA,NA
W27,GND,NA,NA,NA,NA,NA
W31,GND,NA,NA,NA,NA,NA
W33,GND,NA,NA,NA,NA,NA
W35,GND,NA,NA,NA,NA,NA
W37,GND,NA,NA,NA,NA,NA
W47,GND,NA,NA,NA,NA,NA
Y3,GND,NA,NA,NA,NA,NA
Y7,GND,NA,NA,NA,NA,NA
Y14,GND,NA,NA,NA,NA,NA
Y16,GND,NA,NA,NA,NA,NA
Y18,GND,NA,NA,NA,NA,NA
Y20,GND,NA,NA,NA,NA,NA
Y22,GND,NA,NA,NA,NA,NA
Y24,GND,NA,NA,NA,NA,NA
Y26,GND,NA,NA,NA,NA,NA
Y28,GND,NA,NA,NA,NA,NA
Y30,GND,NA,NA,NA,NA,NA
Y32,GND,NA,NA,NA,NA,NA
Y34,GND,NA,NA,NA,NA,NA
Y36,GND,NA,NA,NA,NA,NA
Y44,GND,NA,NA,NA,NA,NA
AA14,VCCINT,NA,NA,NA,NA,NA
AA16,VCCINT,NA,NA,NA,NA,NA
AA18,VCCINT,NA,NA,NA,NA,NA
AA20,VCCINT,NA,NA,NA,NA,NA
AA22,VCCINT,NA,NA,NA,NA,NA
AA24,VCCINT,NA,NA,NA,NA,NA
AA26,VCCINT,NA,NA,NA,NA,NA
AA28,VCCINT,NA,NA,NA,NA,NA
AB15,VCCINT,NA,NA,NA,NA,NA
AB17,VCCINT,NA,NA,NA,NA,NA
AB19,VCCINT,NA,NA,NA,NA,NA
AB21,VCCINT,NA,NA,NA,NA,NA
AB23,VCCINT,NA,NA,NA,NA,NA
AB25,VCCINT,NA,NA,NA,NA,NA
AB27,VCCINT,NA,NA,NA,NA,NA
AB29,VCCINT,NA,NA,NA,NA,NA
AC14,VCCINT,NA,NA,NA,NA,NA
AC18,VCCINT,NA,NA,NA,NA,NA
AC20,VCCINT,NA,NA,NA,NA,NA
AC22,VCCINT,NA,NA,NA,NA,NA
AC24,VCCINT,NA,NA,NA,NA,NA
AC26,VCCINT,NA,NA,NA,NA,NA
AC28,VCCINT,NA,NA,NA,NA,NA
AC30,VCCINT,NA,NA,NA,NA,NA
AD13,VCCINT,NA,NA,NA,NA,NA
AD17,VCCINT,NA,NA,NA,NA,NA
AD19,VCCINT,NA,NA,NA,NA,NA
AD21,VCCINT,NA,NA,NA,NA,NA
AD23,VCCINT,NA,NA,NA,NA,NA
AD25,VCCINT,NA,NA,NA,NA,NA
AD27,VCCINT,NA,NA,NA,NA,NA
AD29,VCCINT,NA,NA,NA,NA,NA
AE14,VCCINT,NA,NA,NA,NA,NA
AE18,VCCINT,NA,NA,NA,NA,NA
AE20,VCCINT,NA,NA,NA,NA,NA
AE22,VCCINT,NA,NA,NA,NA,NA
AE24,VCCINT,NA,NA,NA,NA,NA
AE26,VCCINT,NA,NA,NA,NA,NA
AE28,VCCINT,NA,NA,NA,NA,NA
AE30,VCCINT,NA,NA,NA,NA,NA
AF13,VCCINT,NA,NA,NA,NA,NA
AF17,VCCINT,NA,NA,NA,NA,NA
AF19,VCCINT,NA,NA,NA,NA,NA
AF21,VCCINT,NA,NA,NA,NA,NA
AF23,VCCINT,NA,NA,NA,NA,NA
AF25,VCCINT,NA,NA,NA,NA,NA
AF27,VCCINT,NA,NA,NA,NA,NA
AF29,VCCINT,NA,NA,NA,NA,NA
AG14,VCCINT,NA,NA,NA,NA,NA
AG16,VCCINT,NA,NA,NA,NA,NA
AG18,VCCINT,NA,NA,NA,NA,NA
AG20,VCCINT,NA,NA,NA,NA,NA
AG22,VCCINT,NA,NA,NA,NA,NA
AG24,VCCINT,NA,NA,NA,NA,NA
AG26,VCCINT,NA,NA,NA,NA,NA
AG28,VCCINT,NA,NA,NA,NA,NA
AG30,VCCINT,NA,NA,NA,NA,NA
AH15,VCCINT,NA,NA,NA,NA,NA
AH17,VCCINT,NA,NA,NA,NA,NA
AH19,VCCINT,NA,NA,NA,NA,NA
AH21,VCCINT,NA,NA,NA,NA,NA
AH23,VCCINT,NA,NA,NA,NA,NA
AH25,VCCINT,NA,NA,NA,NA,NA
AH27,VCCINT,NA,NA,NA,NA,NA
AH29,VCCINT,NA,NA,NA,NA,NA
AJ14,VCCINT,NA,NA,NA,NA,NA
AJ16,VCCINT,NA,NA,NA,NA,NA
AJ18,VCCINT,NA,NA,NA,NA,NA
AJ20,VCCINT,NA,NA,NA,NA,NA
AJ22,VCCINT,NA,NA,NA,NA,NA
AJ24,VCCINT,NA,NA,NA,NA,NA
AJ26,VCCINT,NA,NA,NA,NA,NA
AJ28,VCCINT,NA,NA,NA,NA,NA
AK15,VCCINT,NA,NA,NA,NA,NA
AK17,VCCINT,NA,NA,NA,NA,NA
AK19,VCCINT,NA,NA,NA,NA,NA
AK21,VCCINT,NA,NA,NA,NA,NA
AK23,VCCINT,NA,NA,NA,NA,NA
AK25,VCCINT,NA,NA,NA,NA,NA
AK27,VCCINT,NA,NA,NA,NA,NA
AK29,VCCINT,NA,NA,NA,NA,NA
AL28,VCCINT,NA,NA,NA,NA,NA
W26,VCCINT,NA,NA,NA,NA,NA
W28,VCCINT,NA,NA,NA,NA,NA
Y15,VCCINT,NA,NA,NA,NA,NA
Y17,VCCINT,NA,NA,NA,NA,NA
Y19,VCCINT,NA,NA,NA,NA,NA
Y21,VCCINT,NA,NA,NA,NA,NA
Y23,VCCINT,NA,NA,NA,NA,NA
Y25,VCCINT,NA,NA,NA,NA,NA
Y27,VCCINT,NA,NA,NA,NA,NA
Y29,VCCINT,NA,NA,NA,NA,NA
AA30,VCCINT_IO,NA,NA,NA,NA,NA
AB31,VCCINT_IO,NA,NA,NA,NA,NA
AD31,VCCINT_IO,NA,NA,NA,NA,NA
AE32,VCCINT_IO,NA,NA,NA,NA,NA
AF31,VCCINT_IO,NA,NA,NA,NA,NA
AG32,VCCINT_IO,NA,NA,NA,NA,NA
AH31,VCCINT_IO,NA,NA,NA,NA,NA
AJ30,VCCINT_IO,NA,NA,NA,NA,NA
AK31,VCCINT_IO,NA,NA,NA,NA,NA
AL30,VCCINT_IO,NA,NA,NA,NA,NA
W30,VCCINT_IO,NA,NA,NA,NA,NA
Y31,VCCINT_IO,NA,NA,NA,NA,NA
AA36,VCCAUX,NA,NA,NA,NA,NA
AC36,VCCAUX,NA,NA,NA,NA,NA
AE36,VCCAUX,NA,NA,NA,NA,NA
AG36,VCCAUX,NA,NA,NA,NA,NA
AH35,VCCAUX,NA,NA,NA,NA,NA
AJ36,VCCAUX,NA,NA,NA,NA,NA
AK35,VCCAUX,NA,NA,NA,NA,NA
AL36,VCCAUX,NA,NA,NA,NA,NA
W36,VCCAUX,NA,NA,NA,NA,NA
Y35,VCCAUX,NA,NA,NA,NA,NA
AA32,VCCAUX_IO,NA,NA,NA,NA,NA
AA34,VCCAUX_IO,NA,NA,NA,NA,NA
AB33,VCCAUX_IO,NA,NA,NA,NA,NA
AB35,VCCAUX_IO,NA,NA,NA,NA,NA
AC32,VCCAUX_IO,NA,NA,NA,NA,NA
AC34,VCCAUX_IO,NA,NA,NA,NA,NA
AD33,VCCAUX_IO,NA,NA,NA,NA,NA
AD35,VCCAUX_IO,NA,NA,NA,NA,NA
AE34,VCCAUX_IO,NA,NA,NA,NA,NA
AF33,VCCAUX_IO,NA,NA,NA,NA,NA
AF35,VCCAUX_IO,NA,NA,NA,NA,NA
AG34,VCCAUX_IO,NA,NA,NA,NA,NA
AH33,VCCAUX_IO,NA,NA,NA,NA,NA
AJ32,VCCAUX_IO,NA,NA,NA,NA,NA
AJ34,VCCAUX_IO,NA,NA,NA,NA,NA
AK33,VCCAUX_IO,NA,NA,NA,NA,NA
AL32,VCCAUX_IO,NA,NA,NA,NA,NA
AL34,VCCAUX_IO,NA,NA,NA,NA,NA
W32,VCCAUX_IO,NA,NA,NA,NA,NA
W34,VCCAUX_IO,NA,NA,NA,NA,NA
Y33,VCCAUX_IO,NA,NA,NA,NA,NA
AA12,VCCO_0,NA,0,NA,NA,NA
AJ12,VCCO_0,NA,0,NA,NA,NA
AV45,VCCO_40,NA,40,NA,NA,NA
AY49,VCCO_40,NA,40,NA,NA,NA
BA46,VCCO_40,NA,40,NA,NA,NA
BD47,VCCO_40,NA,40,NA,NA,NA
BE44,VCCO_40,NA,40,NA,NA,NA
BG48,VCCO_40,NA,40,NA,NA,NA
BH45,VCCO_40,NA,40,NA,NA,NA
AN40,VCCO_41,NA,41,NA,NA,NA
AP37,VCCO_41,NA,41,NA,NA,NA
AP47,VCCO_41,NA,41,NA,NA,NA
AR44,VCCO_41,NA,41,NA,NA,NA
AT41,VCCO_41,NA,41,NA,NA,NA
AU38,VCCO_41,NA,41,NA,NA,NA
AU48,VCCO_41,NA,41,NA,NA,NA
AH45,VCCO_42,NA,42,NA,NA,NA
AJ42,VCCO_42,NA,42,NA,NA,NA
AK39,VCCO_42,NA,42,NA,NA,NA
AK49,VCCO_42,NA,42,NA,NA,NA
AL46,VCCO_42,NA,42,NA,NA,NA
AM43,VCCO_42,NA,42,NA,NA,NA
AC40,VCCO_43,NA,43,NA,NA,NA
AD37,VCCO_43,NA,43,NA,NA,NA
AD47,VCCO_43,NA,43,NA,NA,NA
AE44,VCCO_43,NA,43,NA,NA,NA
AF41,VCCO_43,NA,43,NA,NA,NA
AG38,VCCO_43,NA,43,NA,NA,NA
AG48,VCCO_43,NA,43,NA,NA,NA
AA46,VCCO_45,NA,45,NA,NA,NA
AB43,VCCO_45,NA,45,NA,NA,NA
V45,VCCO_45,NA,45,NA,NA,NA
W42,VCCO_45,NA,45,NA,NA,NA
Y39,VCCO_45,NA,45,NA,NA,NA
Y49,VCCO_45,NA,45,NA,NA,NA
A46,VCCO_46,NA,46,NA,NA,NA
D47,VCCO_46,NA,46,NA,NA,NA
G48,VCCO_46,NA,46,NA,NA,NA
K49,VCCO_46,NA,46,NA,NA,NA
L46,VCCO_46,NA,46,NA,NA,NA
P47,VCCO_46,NA,46,NA,NA,NA
U48,VCCO_46,NA,46,NA,NA,NA
B43,VCCO_47,NA,47,NA,NA,NA
E44,VCCO_47,NA,47,NA,NA,NA
H45,VCCO_47,NA,47,NA,NA,NA
J42,VCCO_47,NA,47,NA,NA,NA
M43,VCCO_47,NA,47,NA,NA,NA
R44,VCCO_47,NA,47,NA,NA,NA
C40,VCCO_48,NA,48,NA,NA,NA
F41,VCCO_48,NA,48,NA,NA,NA
G38,VCCO_48,NA,48,NA,NA,NA
K39,VCCO_48,NA,48,NA,NA,NA
N40,VCCO_48,NA,48,NA,NA,NA
T41,VCCO_48,NA,48,NA,NA,NA
U38,VCCO_48,NA,48,NA,NA,NA
H25,VCCO_50,NA,50,NA,NA,NA
J22,VCCO_50,NA,50,NA,NA,NA
L26,VCCO_50,NA,50,NA,NA,NA
M23,VCCO_50,NA,50,NA,NA,NA
R24,VCCO_50,NA,50,NA,NA,NA
V25,VCCO_50,NA,50,NA,NA,NA
F31,VCCO_51,NA,51,NA,NA,NA
G28,VCCO_51,NA,51,NA,NA,NA
K29,VCCO_51,NA,51,NA,NA,NA
N30,VCCO_51,NA,51,NA,NA,NA
P27,VCCO_51,NA,51,NA,NA,NA
T31,VCCO_51,NA,51,NA,NA,NA
U28,VCCO_51,NA,51,NA,NA,NA
H35,VCCO_52,NA,52,NA,NA,NA
J32,VCCO_52,NA,52,NA,NA,NA
L36,VCCO_52,NA,52,NA,NA,NA
M33,VCCO_52,NA,52,NA,NA,NA
P37,VCCO_52,NA,52,NA,NA,NA
R34,VCCO_52,NA,52,NA,NA,NA
V35,VCCO_52,NA,52,NA,NA,NA
A26,VCCO_53,NA,53,NA,NA,NA
A36,VCCO_53,NA,53,NA,NA,NA
B33,VCCO_53,NA,53,NA,NA,NA
C30,VCCO_53,NA,53,NA,NA,NA
D27,VCCO_53,NA,53,NA,NA,NA
D37,VCCO_53,NA,53,NA,NA,NA
E34,VCCO_53,NA,53,NA,NA,NA
BC20,VCCO_60,NA,60,NA,NA,NA
BD17,VCCO_60,NA,60,NA,NA,NA
BF21,VCCO_60,NA,60,NA,NA,NA
BG18,VCCO_60,NA,60,NA,NA,NA
BH25,VCCO_60,NA,60,NA,NA,NA
BJ22,VCCO_60,NA,60,NA,NA,NA
AL16,VCCO_61,NA,61,NA,NA,NA
AN20,VCCO_61,NA,61,NA,NA,NA
AP17,VCCO_61,NA,61,NA,NA,NA
AT21,VCCO_61,NA,61,NA,NA,NA
AU18,VCCO_61,NA,61,NA,NA,NA
AY19,VCCO_61,NA,61,NA,NA,NA
BC10,VCCO_62,NA,62,NA,NA,NA
BE14,VCCO_62,NA,62,NA,NA,NA
BF11,VCCO_62,NA,62,NA,NA,NA
BG8,VCCO_62,NA,62,NA,NA,NA
BH5,VCCO_62,NA,62,NA,NA,NA
BH15,VCCO_62,NA,62,NA,NA,NA
BJ12,VCCO_62,NA,62,NA,NA,NA
AM13,VCCO_63,NA,63,NA,NA,NA
AR14,VCCO_63,NA,63,NA,NA,NA
AT11,VCCO_63,NA,63,NA,NA,NA
AV15,VCCO_63,NA,63,NA,NA,NA
AW12,VCCO_63,NA,63,NA,NA,NA
BA16,VCCO_63,NA,63,NA,NA,NA
BB13,VCCO_63,NA,63,NA,NA,NA
BD27,VCCO_65,NA,65,NA,NA,NA
BE34,VCCO_65,NA,65,NA,NA,NA
BF31,VCCO_65,NA,65,NA,NA,NA
BG28,VCCO_65,NA,65,NA,NA,NA
BH35,VCCO_65,NA,65,NA,NA,NA
BJ32,VCCO_65,NA,65,NA,NA,NA
AN30,VCCO_66,NA,66,NA,NA,NA
AP27,VCCO_66,NA,66,NA,NA,NA
AT31,VCCO_66,NA,66,NA,NA,NA
AU28,VCCO_66,NA,66,NA,NA,NA
AY29,VCCO_66,NA,66,NA,NA,NA
BC30,VCCO_66,NA,66,NA,NA,NA
AM33,VCCO_67,NA,67,NA,NA,NA
AR34,VCCO_67,NA,67,NA,NA,NA
AV35,VCCO_67,NA,67,NA,NA,NA
AW32,VCCO_67,NA,67,NA,NA,NA
BA36,VCCO_67,NA,67,NA,NA,NA
BB33,VCCO_67,NA,67,NA,NA,NA
BD37,VCCO_67,NA,67,NA,NA,NA
AW42,VCCO_68,NA,68,NA,NA,NA
AY39,VCCO_68,NA,68,NA,NA,NA
BB43,VCCO_68,NA,68,NA,NA,NA
BC40,VCCO_68,NA,68,NA,NA,NA
BF41,VCCO_68,NA,68,NA,NA,NA
BG38,VCCO_68,NA,68,NA,NA,NA
BJ42,VCCO_68,NA,68,NA,NA,NA
H15,VCCO_70,NA,70,NA,NA,NA
J12,VCCO_70,NA,70,NA,NA,NA
M13,VCCO_70,NA,70,NA,NA,NA
R14,VCCO_70,NA,70,NA,NA,NA
V15,VCCO_70,NA,70,NA,NA,NA
W12,VCCO_70,NA,70,NA,NA,NA
A6,VCCO_71,NA,71,NA,NA,NA
B3,VCCO_71,NA,71,NA,NA,NA
B13,VCCO_71,NA,71,NA,NA,NA
C10,VCCO_71,NA,71,NA,NA,NA
D7,VCCO_71,NA,71,NA,NA,NA
E14,VCCO_71,NA,71,NA,NA,NA
F11,VCCO_71,NA,71,NA,NA,NA
K19,VCCO_72,NA,72,NA,NA,NA
L16,VCCO_72,NA,72,NA,NA,NA
N20,VCCO_72,NA,72,NA,NA,NA
P17,VCCO_72,NA,72,NA,NA,NA
T21,VCCO_72,NA,72,NA,NA,NA
U18,VCCO_72,NA,72,NA,NA,NA
W22,VCCO_72,NA,72,NA,NA,NA
A16,VCCO_73,NA,73,NA,NA,NA
B23,VCCO_73,NA,73,NA,NA,NA
C20,VCCO_73,NA,73,NA,NA,NA
D17,VCCO_73,NA,73,NA,NA,NA
E24,VCCO_73,NA,73,NA,NA,NA
F21,VCCO_73,NA,73,NA,NA,NA
G18,VCCO_73,NA,73,NA,NA,NA
AL26,VCCO_84,NA,84,NA,NA,NA
AM23,VCCO_84,NA,84,NA,NA,NA
AR24,VCCO_84,NA,84,NA,NA,NA
AV25,VCCO_84,NA,84,NA,NA,NA
AW22,VCCO_94,NA,94,NA,NA,NA
BA26,VCCO_94,NA,94,NA,NA,NA
BB23,VCCO_94,NA,94,NA,NA,NA
BE24,VCCO_94,NA,94,NA,NA,NA
AB13,VCCBRAM,NA,NA,NA,NA,NA
AC12,VCCBRAM,NA,NA,NA,NA,NA
AE12,VCCBRAM,NA,NA,NA,NA,NA
AG12,VCCBRAM,NA,NA,NA,NA,NA
AH13,VCCBRAM,NA,NA,NA,NA,NA
AK13,VCCBRAM,NA,NA,NA,NA,NA
Y13,VCCBRAM,NA,NA,NA,NA,NA
AC16,VCCADC,NA,NA,NA,NA,NA
AC15,GNDADC,NA,NA,NA,NA,NA
,,,,,,
Total Number of Pins, 2377,,,,,,
