Device/Package xcvu095ffva2104 10/31/2014 13:47:40,,,,,,
,,,,,,
Pin,Pin Name,Memory Byte Group,Bank,I/O Type,Super Logic Region,No-Connect
AE17,DXN,NA,NA,NA,NA,NA
AB18,VCCADC,NA,NA,NA,NA,NA
AB17,GNDADC,NA,NA,NA,NA,NA
AE18,DXP,NA,NA,NA,NA,NA
AD18,VREFP,NA,NA,NA,NA,NA
AC17,VREFN,NA,NA,NA,NA,NA
AC18,VP,NA,NA,NA,NA,NA
AD17,VN,NA,NA,NA,NA,NA
U10,M0_0,NA,0,CONFIG,NA,NA
Y11,M1_0,NA,0,CONFIG,NA,NA
AC12,INIT_B_0,NA,0,CONFIG,NA,NA
W11,M2_0,NA,0,CONFIG,NA,NA
AB11,CFGBVS_0,NA,0,CONFIG,NA,NA
AD12,PUDC_B_0,NA,0,CONFIG,NA,NA
AG12,POR_OVERRIDE,NA,NA,NA,NA,NA
AE12,DONE_0,NA,0,CONFIG,NA,NA
AH11,PROGRAM_B_0,NA,0,CONFIG,NA,NA
AD13,TDO_0,NA,0,CONFIG,NA,NA
AD15,TDI_0,NA,0,CONFIG,NA,NA
AJ11,RDWR_FCS_B_0,NA,0,CONFIG,NA,NA
AM11,D02_0,NA,0,CONFIG,NA,NA
AP11,D00_MOSI_0,NA,0,CONFIG,NA,NA
AL11,D03_0,NA,0,CONFIG,NA,NA
AN11,D01_DIN_0,NA,0,CONFIG,NA,NA
AF15,TMS_0,NA,0,CONFIG,NA,NA
AF13,CCLK_0,NA,0,CONFIG,NA,NA
AE13,TCK_0,NA,0,CONFIG,NA,NA
AT11,VBATT,NA,NA,NA,NA,NA
AN30,IO_L24P_T3U_N10_44,3U,44,HP,NA,NA
AN31,IO_L24N_T3U_N11_44,3U,44,HP,NA,NA
AR29,IO_T3U_N12_44,3U,44,HP,NA,NA
AP30,IO_L23P_T3U_N8_44,3U,44,HP,NA,NA
AR30,IO_L23N_T3U_N9_44,3U,44,HP,NA,NA
AP31,IO_L22P_T3U_N6_DBC_AD0P_44,3U,44,HP,NA,NA
AP32,IO_L22N_T3U_N7_DBC_AD0N_44,3U,44,HP,NA,NA
AT29,IO_L21P_T3L_N4_AD8P_44,3L,44,HP,NA,NA
AT30,IO_L21N_T3L_N5_AD8N_44,3L,44,HP,NA,NA
AR33,IO_L20P_T3L_N2_AD1P_44,3L,44,HP,NA,NA
AT34,IO_L20N_T3L_N3_AD1N_44,3L,44,HP,NA,NA
AR32,IO_L19P_T3L_N0_DBC_AD9P_44,3L,44,HP,NA,NA
AT32,IO_L19N_T3L_N1_DBC_AD9N_44,3L,44,HP,NA,NA
AU31,IO_L18P_T2U_N10_AD2P_44,2U,44,HP,NA,NA
AV31,IO_L18N_T2U_N11_AD2N_44,2U,44,HP,NA,NA
AT31,IO_L17P_T2U_N8_AD10P_44,2U,44,HP,NA,NA
AU32,IO_L17N_T2U_N9_AD10N_44,2U,44,HP,NA,NA
AU29,IO_L16P_T2U_N6_QBC_AD3P_44,2U,44,HP,NA,NA
AV29,IO_L16N_T2U_N7_QBC_AD3N_44,2U,44,HP,NA,NA
AU33,IO_L15P_T2L_N4_AD11P_44,2L,44,HP,NA,NA
AU34,IO_L15N_T2L_N5_AD11N_44,2L,44,HP,NA,NA
AV30,IO_L14P_T2L_N2_GC_44,2L,44,HP,NA,NA
AW30,IO_L14N_T2L_N3_GC_44,2L,44,HP,NA,NA
AV34,IO_T2U_N12_44,2U,44,HP,NA,NA
AV33,IO_L13P_T2L_N0_GC_QBC_44,2L,44,HP,NA,NA
AW33,IO_L13N_T2L_N1_GC_QBC_44,2L,44,HP,NA,NA
AY32,IO_L12P_T1U_N10_GC_44,1U,44,HP,NA,NA
AY33,IO_L12N_T1U_N11_GC_44,1U,44,HP,NA,NA
AY30,IO_T1U_N12_44,1U,44,HP,NA,NA
AW31,IO_L11P_T1U_N8_GC_44,1U,44,HP,NA,NA
AW32,IO_L11N_T1U_N9_GC_44,1U,44,HP,NA,NA
AY34,IO_L10P_T1U_N6_QBC_AD4P_44,1U,44,HP,NA,NA
BA34,IO_L10N_T1U_N7_QBC_AD4N_44,1U,44,HP,NA,NA
BA30,IO_L9P_T1L_N4_AD12P_44,1L,44,HP,NA,NA
BA31,IO_L9N_T1L_N5_AD12N_44,1L,44,HP,NA,NA
BA32,IO_L8P_T1L_N2_AD5P_44,1L,44,HP,NA,NA
BB33,IO_L8N_T1L_N3_AD5N_44,1L,44,HP,NA,NA
BB31,IO_L7P_T1L_N0_QBC_AD13P_44,1L,44,HP,NA,NA
BB32,IO_L7N_T1L_N1_QBC_AD13N_44,1L,44,HP,NA,NA
BC31,IO_L6P_T0U_N10_AD6P_44,0U,44,HP,NA,NA
BD31,IO_L6N_T0U_N11_AD6N_44,0U,44,HP,NA,NA
BC33,IO_L5P_T0U_N8_AD14P_44,0U,44,HP,NA,NA
BD33,IO_L5N_T0U_N9_AD14N_44,0U,44,HP,NA,NA
BF30,IO_L4P_T0U_N6_DBC_AD7P_44,0U,44,HP,NA,NA
BF31,IO_L4N_T0U_N7_DBC_AD7N_44,0U,44,HP,NA,NA
BD32,IO_L3P_T0L_N4_AD15P_44,0L,44,HP,NA,NA
BE33,IO_L3N_T0L_N5_AD15N_44,0L,44,HP,NA,NA
BD30,IO_L2P_T0L_N2_44,0L,44,HP,NA,NA
BE30,IO_L2N_T0L_N3_44,0L,44,HP,NA,NA
BC30,IO_T0U_N12_VRP_44,0U,44,HP,NA,NA
BE32,IO_L1P_T0L_N0_DBC_44,0L,44,HP,NA,NA
BF32,IO_L1N_T0L_N1_DBC_44,0L,44,HP,NA,NA
AN29,VREF_44,NA,44,HP,NA,NA
AL27,IO_L24P_T3U_N10_45,3U,45,HP,NA,NA
AM27,IO_L24N_T3U_N11_45,3U,45,HP,NA,NA
AN25,IO_T3U_N12_45,3U,45,HP,NA,NA
AP25,IO_L23P_T3U_N8_45,3U,45,HP,NA,NA
AP26,IO_L23N_T3U_N9_45,3U,45,HP,NA,NA
AM28,IO_L22P_T3U_N6_DBC_AD0P_45,3U,45,HP,NA,NA
AN28,IO_L22N_T3U_N7_DBC_AD0N_45,3U,45,HP,NA,NA
AP27,IO_L21P_T3L_N4_AD8P_45,3L,45,HP,NA,NA
AP28,IO_L21N_T3L_N5_AD8N_45,3L,45,HP,NA,NA
AM26,IO_L20P_T3L_N2_AD1P_45,3L,45,HP,NA,NA
AN26,IO_L20N_T3L_N3_AD1N_45,3L,45,HP,NA,NA
AR27,IO_L19P_T3L_N0_DBC_AD9P_45,3L,45,HP,NA,NA
AR28,IO_L19N_T3L_N1_DBC_AD9N_45,3L,45,HP,NA,NA
AR25,IO_L18P_T2U_N10_AD2P_45,2U,45,HP,NA,NA
AT25,IO_L18N_T2U_N11_AD2N_45,2U,45,HP,NA,NA
AU27,IO_L17P_T2U_N8_AD10P_45,2U,45,HP,NA,NA
AU28,IO_L17N_T2U_N9_AD10N_45,2U,45,HP,NA,NA
AT26,IO_L16P_T2U_N6_QBC_AD3P_45,2U,45,HP,NA,NA
AT27,IO_L16N_T2U_N7_QBC_AD3N_45,2U,45,HP,NA,NA
AV28,IO_L15P_T2L_N4_AD11P_45,2L,45,HP,NA,NA
AW28,IO_L15N_T2L_N5_AD11N_45,2L,45,HP,NA,NA
AU26,IO_L14P_T2L_N2_GC_45,2L,45,HP,NA,NA
AV26,IO_L14N_T2L_N3_GC_45,2L,45,HP,NA,NA
AV25,IO_T2U_N12_45,2U,45,HP,NA,NA
AW26,IO_L13P_T2L_N0_GC_QBC_45,2L,45,HP,NA,NA
AW27,IO_L13N_T2L_N1_GC_QBC_45,2L,45,HP,NA,NA
BA27,IO_L12P_T1U_N10_GC_45,1U,45,HP,NA,NA
BB27,IO_L12N_T1U_N11_GC_45,1U,45,HP,NA,NA
AY29,IO_T1U_N12_45,1U,45,HP,NA,NA
AY27,IO_L11P_T1U_N8_GC_45,1U,45,HP,NA,NA
AY28,IO_L11N_T1U_N9_GC_45,1U,45,HP,NA,NA
BA26,IO_L10P_T1U_N6_QBC_AD4P_45,1U,45,HP,NA,NA
BB26,IO_L10N_T1U_N7_QBC_AD4N_45,1U,45,HP,NA,NA
BB28,IO_L9P_T1L_N4_AD12P_45,1L,45,HP,NA,NA
BC28,IO_L9N_T1L_N5_AD12N_45,1L,45,HP,NA,NA
BC25,IO_L8P_T1L_N2_AD5P_45,1L,45,HP,NA,NA
BC26,IO_L8N_T1L_N3_AD5N_45,1L,45,HP,NA,NA
BA29,IO_L7P_T1L_N0_QBC_AD13P_45,1L,45,HP,NA,NA
BB29,IO_L7N_T1L_N1_QBC_AD13N_45,1L,45,HP,NA,NA
BD25,IO_L6P_T0U_N10_AD6P_45,0U,45,HP,NA,NA
BD26,IO_L6N_T0U_N11_AD6N_45,0U,45,HP,NA,NA
BD27,IO_L5P_T0U_N8_AD14P_45,0U,45,HP,NA,NA
BE27,IO_L5N_T0U_N9_AD14N_45,0U,45,HP,NA,NA
BE25,IO_L4P_T0U_N6_DBC_AD7P_45,0U,45,HP,NA,NA
BF25,IO_L4N_T0U_N7_DBC_AD7N_45,0U,45,HP,NA,NA
BD28,IO_L3P_T0L_N4_AD15P_45,0L,45,HP,NA,NA
BE28,IO_L3N_T0L_N5_AD15N_45,0L,45,HP,NA,NA
BF26,IO_L2P_T0L_N2_45,0L,45,HP,NA,NA
BF27,IO_L2N_T0L_N3_45,0L,45,HP,NA,NA
BC29,IO_T0U_N12_VRP_45,0U,45,HP,NA,NA
BE29,IO_L1P_T0L_N0_DBC_45,0L,45,HP,NA,NA
BF29,IO_L1N_T0L_N1_DBC_45,0L,45,HP,NA,NA
AL26,VREF_45,NA,45,HP,NA,NA
AV38,IO_L24P_T3U_N10_46,3U,46,HP,NA,NA
AV39,IO_L24N_T3U_N11_46,3U,46,HP,NA,NA
AU37,IO_T3U_N12_46,3U,46,HP,NA,NA
AU38,IO_L23P_T3U_N8_46,3U,46,HP,NA,NA
AU39,IO_L23N_T3U_N9_46,3U,46,HP,NA,NA
AW37,IO_L22P_T3U_N6_DBC_AD0P_46,3U,46,HP,NA,NA
AW38,IO_L22N_T3U_N7_DBC_AD0N_46,3U,46,HP,NA,NA
AU40,IO_L21P_T3L_N4_AD8P_46,3L,46,HP,NA,NA
AV40,IO_L21N_T3L_N5_AD8N_46,3L,46,HP,NA,NA
AW35,IO_L20P_T3L_N2_AD1P_46,3L,46,HP,NA,NA
AW36,IO_L20N_T3L_N3_AD1N_46,3L,46,HP,NA,NA
AV35,IO_L19P_T3L_N0_DBC_AD9P_46,3L,46,HP,NA,NA
AV36,IO_L19N_T3L_N1_DBC_AD9N_46,3L,46,HP,NA,NA
AY38,IO_L18P_T2U_N10_AD2P_46,2U,46,HP,NA,NA
AY39,IO_L18N_T2U_N11_AD2N_46,2U,46,HP,NA,NA
AW40,IO_L17P_T2U_N8_AD10P_46,2U,46,HP,NA,NA
AY40,IO_L17N_T2U_N9_AD10N_46,2U,46,HP,NA,NA
BA35,IO_L16P_T2U_N6_QBC_AD3P_46,2U,46,HP,NA,NA
BA36,IO_L16N_T2U_N7_QBC_AD3N_46,2U,46,HP,NA,NA
BA39,IO_L15P_T2L_N4_AD11P_46,2L,46,HP,NA,NA
BA40,IO_L15N_T2L_N5_AD11N_46,2L,46,HP,NA,NA
BB36,IO_L14P_T2L_N2_GC_46,2L,46,HP,NA,NA
BB37,IO_L14N_T2L_N3_GC_46,2L,46,HP,NA,NA
AY35,IO_T2U_N12_46,2U,46,HP,NA,NA
AY37,IO_L13P_T2L_N0_GC_QBC_46,2L,46,HP,NA,NA
BA37,IO_L13N_T2L_N1_GC_QBC_46,2L,46,HP,NA,NA
BC38,IO_L12P_T1U_N10_GC_46,1U,46,HP,NA,NA
BD38,IO_L12N_T1U_N11_GC_46,1U,46,HP,NA,NA
BC40,IO_T1U_N12_46,1U,46,HP,NA,NA
BB38,IO_L11P_T1U_N8_GC_46,1U,46,HP,NA,NA
BB39,IO_L11N_T1U_N9_GC_46,1U,46,HP,NA,NA
BE39,IO_L10P_T1U_N6_QBC_AD4P_46,1U,46,HP,NA,NA
BF39,IO_L10N_T1U_N7_QBC_AD4N_46,1U,46,HP,NA,NA
BC39,IO_L9P_T1L_N4_AD12P_46,1L,46,HP,NA,NA
BD40,IO_L9N_T1L_N5_AD12N_46,1L,46,HP,NA,NA
BD37,IO_L8P_T1L_N2_AD5P_46,1L,46,HP,NA,NA
BE38,IO_L8N_T1L_N3_AD5N_46,1L,46,HP,NA,NA
BE40,IO_L7P_T1L_N0_QBC_AD13P_46,1L,46,HP,NA,NA
BF40,IO_L7N_T1L_N1_QBC_AD13N_46,1L,46,HP,NA,NA
BF36,IO_L6P_T0U_N10_AD6P_46,0U,46,HP,NA,NA
BF37,IO_L6N_T0U_N11_AD6N_46,0U,46,HP,NA,NA
BD36,IO_L5P_T0U_N8_AD14P_46,0U,46,HP,NA,NA
BE37,IO_L5N_T0U_N9_AD14N_46,0U,46,HP,NA,NA
BE35,IO_L4P_T0U_N6_DBC_AD7P_46,0U,46,HP,NA,NA
BF35,IO_L4N_T0U_N7_DBC_AD7N_46,0U,46,HP,NA,NA
BC35,IO_L3P_T0L_N4_AD15P_46,0L,46,HP,NA,NA
BC36,IO_L3N_T0L_N5_AD15N_46,0L,46,HP,NA,NA
BE34,IO_L2P_T0L_N2_46,0L,46,HP,NA,NA
BF34,IO_L2N_T0L_N3_46,0L,46,HP,NA,NA
BB34,IO_T0U_N12_VRP_46,0U,46,HP,NA,NA
BC34,IO_L1P_T0L_N0_DBC_46,0L,46,HP,NA,NA
BD35,IO_L1N_T0L_N1_DBC_46,0L,46,HP,NA,NA
AU36,VREF_46,NA,46,HP,NA,NA
AG32,IO_L24P_T3U_N10_47,3U,47,HP,NA,NA
AG33,IO_L24N_T3U_N11_47,3U,47,HP,NA,NA
AH30,IO_T3U_N12_47,3U,47,HP,NA,NA
AG31,IO_L23P_T3U_N8_47,3U,47,HP,NA,NA
AH31,IO_L23N_T3U_N9_47,3U,47,HP,NA,NA
AG34,IO_L22P_T3U_N6_DBC_AD0P_47,3U,47,HP,NA,NA
AH35,IO_L22N_T3U_N7_DBC_AD0N_47,3U,47,HP,NA,NA
AH33,IO_L21P_T3L_N4_AD8P_47,3L,47,HP,NA,NA
AH34,IO_L21N_T3L_N5_AD8N_47,3L,47,HP,NA,NA
AJ35,IO_L20P_T3L_N2_AD1P_47,3L,47,HP,NA,NA
AJ36,IO_L20N_T3L_N3_AD1N_47,3L,47,HP,NA,NA
AJ33,IO_L19P_T3L_N0_DBC_AD9P_47,3L,47,HP,NA,NA
AK33,IO_L19N_T3L_N1_DBC_AD9N_47,3L,47,HP,NA,NA
AK29,IO_L18P_T2U_N10_AD2P_47,2U,47,HP,NA,NA
AK30,IO_L18N_T2U_N11_AD2N_47,2U,47,HP,NA,NA
AJ30,IO_L17P_T2U_N8_AD10P_47,2U,47,HP,NA,NA
AJ31,IO_L17N_T2U_N9_AD10N_47,2U,47,HP,NA,NA
AL30,IO_L16P_T2U_N6_QBC_AD3P_47,2U,47,HP,NA,NA
AL31,IO_L16N_T2U_N7_QBC_AD3N_47,2U,47,HP,NA,NA
AL29,IO_L15P_T2L_N4_AD11P_47,2L,47,HP,NA,NA
AM29,IO_L15N_T2L_N5_AD11N_47,2L,47,HP,NA,NA
AJ32,IO_L14P_T2L_N2_GC_47,2L,47,HP,NA,NA
AK32,IO_L14N_T2L_N3_GC_47,2L,47,HP,NA,NA
AM31,IO_T2U_N12_47,2U,47,HP,NA,NA
AL32,IO_L13P_T2L_N0_GC_QBC_47,2L,47,HP,NA,NA
AM32,IO_L13N_T2L_N1_GC_QBC_47,2L,47,HP,NA,NA
AM33,IO_L12P_T1U_N10_GC_47,1U,47,HP,NA,NA
AM34,IO_L12N_T1U_N11_GC_47,1U,47,HP,NA,NA
AK35,IO_T1U_N12_47,1U,47,HP,NA,NA
AK34,IO_L11P_T1U_N8_GC_47,1U,47,HP,NA,NA
AL34,IO_L11N_T1U_N9_GC_47,1U,47,HP,NA,NA
AN33,IO_L10P_T1U_N6_QBC_AD4P_47,1U,47,HP,NA,NA
AP33,IO_L10N_T1U_N7_QBC_AD4N_47,1U,47,HP,NA,NA
AM36,IO_L9P_T1L_N4_AD12P_47,1L,47,HP,NA,NA
AN36,IO_L9N_T1L_N5_AD12N_47,1L,47,HP,NA,NA
AN34,IO_L8P_T1L_N2_AD5P_47,1L,47,HP,NA,NA
AN35,IO_L8N_T1L_N3_AD5N_47,1L,47,HP,NA,NA
AL35,IO_L7P_T1L_N0_QBC_AD13P_47,1L,47,HP,NA,NA
AL36,IO_L7N_T1L_N1_QBC_AD13N_47,1L,47,HP,NA,NA
AR37,IO_L6P_T0U_N10_AD6P_47,0U,47,HP,NA,NA
AT37,IO_L6N_T0U_N11_AD6N_47,0U,47,HP,NA,NA
AP36,IO_L5P_T0U_N8_AD14P_47,0U,47,HP,NA,NA
AP37,IO_L5N_T0U_N9_AD14N_47,0U,47,HP,NA,NA
AT39,IO_L4P_T0U_N6_DBC_AD7P_47,0U,47,HP,NA,NA
AT40,IO_L4N_T0U_N7_DBC_AD7N_47,0U,47,HP,NA,NA
AP35,IO_L3P_T0L_N4_AD15P_47,0L,47,HP,NA,NA
AR35,IO_L3N_T0L_N5_AD15N_47,0L,47,HP,NA,NA
AT35,IO_L2P_T0L_N2_47,0L,47,HP,NA,NA
AT36,IO_L2N_T0L_N3_47,0L,47,HP,NA,NA
AR34,IO_T0U_N12_VRP_47,0U,47,HP,NA,NA
AP38,IO_L1P_T0L_N0_DBC_47,0L,47,HP,NA,NA
AR38,IO_L1N_T0L_N1_DBC_47,0L,47,HP,NA,NA
AJ29,VREF_47,NA,47,HP,NA,NA
M35,IO_L24P_T3U_N10_48,3U,48,HP,NA,NA
L35,IO_L24N_T3U_N11_48,3U,48,HP,NA,NA
K36,IO_T3U_N12_48,3U,48,HP,NA,NA
N32,IO_L23P_T3U_N8_48,3U,48,HP,NA,NA
M32,IO_L23N_T3U_N9_48,3U,48,HP,NA,NA
N33,IO_L22P_T3U_N6_DBC_AD0P_48,3U,48,HP,NA,NA
M33,IO_L22N_T3U_N7_DBC_AD0N_48,3U,48,HP,NA,NA
L33,IO_L21P_T3L_N4_AD8P_48,3L,48,HP,NA,NA
K33,IO_L21N_T3L_N5_AD8N_48,3L,48,HP,NA,NA
N34,IO_L20P_T3L_N2_AD1P_48,3L,48,HP,NA,NA
N35,IO_L20N_T3L_N3_AD1N_48,3L,48,HP,NA,NA
L34,IO_L19P_T3L_N0_DBC_AD9P_48,3L,48,HP,NA,NA
K34,IO_L19N_T3L_N1_DBC_AD9N_48,3L,48,HP,NA,NA
N38,IO_L18P_T2U_N10_AD2P_48,2U,48,HP,NA,NA
M38,IO_L18N_T2U_N11_AD2N_48,2U,48,HP,NA,NA
M36,IO_L17P_T2U_N8_AD10P_48,2U,48,HP,NA,NA
L36,IO_L17N_T2U_N9_AD10N_48,2U,48,HP,NA,NA
P37,IO_L16P_T2U_N6_QBC_AD3P_48,2U,48,HP,NA,NA
N37,IO_L16N_T2U_N7_QBC_AD3N_48,2U,48,HP,NA,NA
M37,IO_L15P_T2L_N4_AD11P_48,2L,48,HP,NA,NA
L38,IO_L15N_T2L_N5_AD11N_48,2L,48,HP,NA,NA
P35,IO_L14P_T2L_N2_GC_48,2L,48,HP,NA,NA
P36,IO_L14N_T2L_N3_GC_48,2L,48,HP,NA,NA
R36,IO_T2U_N12_48,2U,48,HP,NA,NA
R34,IO_L13P_T2L_N0_GC_QBC_48,2L,48,HP,NA,NA
P34,IO_L13N_T2L_N1_GC_QBC_48,2L,48,HP,NA,NA
T33,IO_L12P_T1U_N10_GC_48,1U,48,HP,NA,NA
R33,IO_L12N_T1U_N11_GC_48,1U,48,HP,NA,NA
V30,IO_T1U_N12_48,1U,48,HP,NA,NA
R32,IO_L11P_T1U_N8_GC_48,1U,48,HP,NA,NA
P32,IO_L11N_T1U_N9_GC_48,1U,48,HP,NA,NA
R31,IO_L10P_T1U_N6_QBC_AD4P_48,1U,48,HP,NA,NA
P31,IO_L10N_T1U_N7_QBC_AD4N_48,1U,48,HP,NA,NA
Y31,IO_L9P_T1L_N4_AD12P_48,1L,48,HP,NA,NA
W31,IO_L9N_T1L_N5_AD12N_48,1L,48,HP,NA,NA
U31,IO_L8P_T1L_N2_AD5P_48,1L,48,HP,NA,NA
U32,IO_L8N_T1L_N3_AD5N_48,1L,48,HP,NA,NA
T30,IO_L7P_T1L_N0_QBC_AD13P_48,1L,48,HP,NA,NA
T31,IO_L7N_T1L_N1_QBC_AD13N_48,1L,48,HP,NA,NA
T34,IO_L6P_T0U_N10_AD6P_48,0U,48,HP,NA,NA
T35,IO_L6N_T0U_N11_AD6N_48,0U,48,HP,NA,NA
V33,IO_L5P_T0U_N8_AD14P_48,0U,48,HP,NA,NA
V34,IO_L5N_T0U_N9_AD14N_48,0U,48,HP,NA,NA
U35,IO_L4P_T0U_N6_DBC_AD7P_48,0U,48,HP,NA,NA
T36,IO_L4N_T0U_N7_DBC_AD7N_48,0U,48,HP,NA,NA
Y34,IO_L3P_T0L_N4_AD15P_48,0L,48,HP,NA,NA
W34,IO_L3N_T0L_N5_AD15N_48,0L,48,HP,NA,NA
V32,IO_L2P_T0L_N2_48,0L,48,HP,NA,NA
U33,IO_L2N_T0L_N3_48,0L,48,HP,NA,NA
Y33,IO_T0U_N12_VRP_48,0U,48,HP,NA,NA
Y32,IO_L1P_T0L_N0_DBC_48,0L,48,HP,NA,NA
W32,IO_L1N_T0L_N1_DBC_48,0L,48,HP,NA,NA
U30,VREF_48,NA,48,HP,NA,NA
A34,IO_L24P_T3U_N10_49,3U,49,HP,NA,NA
A35,IO_L24N_T3U_N11_49,3U,49,HP,NA,NA
D36,IO_T3U_N12_49,3U,49,HP,NA,NA
B35,IO_L23P_T3U_N8_49,3U,49,HP,NA,NA
A36,IO_L23N_T3U_N9_49,3U,49,HP,NA,NA
B36,IO_L22P_T3U_N6_DBC_AD0P_49,3U,49,HP,NA,NA
B37,IO_L22N_T3U_N7_DBC_AD0N_49,3U,49,HP,NA,NA
D34,IO_L21P_T3L_N4_AD8P_49,3L,49,HP,NA,NA
C34,IO_L21N_T3L_N5_AD8N_49,3L,49,HP,NA,NA
D35,IO_L20P_T3L_N2_AD1P_49,3L,49,HP,NA,NA
C35,IO_L20N_T3L_N3_AD1N_49,3L,49,HP,NA,NA
D37,IO_L19P_T3L_N0_DBC_AD9P_49,3L,49,HP,NA,NA
C37,IO_L19N_T3L_N1_DBC_AD9N_49,3L,49,HP,NA,NA
B38,IO_L18P_T2U_N10_AD2P_49,2U,49,HP,NA,NA
A38,IO_L18N_T2U_N11_AD2N_49,2U,49,HP,NA,NA
D40,IO_L17P_T2U_N8_AD10P_49,2U,49,HP,NA,NA
C40,IO_L17N_T2U_N9_AD10N_49,2U,49,HP,NA,NA
A39,IO_L16P_T2U_N6_QBC_AD3P_49,2U,49,HP,NA,NA
A40,IO_L16N_T2U_N7_QBC_AD3N_49,2U,49,HP,NA,NA
C39,IO_L15P_T2L_N4_AD11P_49,2L,49,HP,NA,NA
B40,IO_L15N_T2L_N5_AD11N_49,2L,49,HP,NA,NA
E37,IO_L14P_T2L_N2_GC_49,2L,49,HP,NA,NA
E38,IO_L14N_T2L_N3_GC_49,2L,49,HP,NA,NA
C38,IO_T2U_N12_49,2U,49,HP,NA,NA
E39,IO_L13P_T2L_N0_GC_QBC_49,2L,49,HP,NA,NA
D39,IO_L13N_T2L_N1_GC_QBC_49,2L,49,HP,NA,NA
G36,IO_L12P_T1U_N10_GC_49,1U,49,HP,NA,NA
G37,IO_L12N_T1U_N11_GC_49,1U,49,HP,NA,NA
E36,IO_T1U_N12_49,1U,49,HP,NA,NA
F35,IO_L11P_T1U_N8_GC_49,1U,49,HP,NA,NA
F36,IO_L11N_T1U_N9_GC_49,1U,49,HP,NA,NA
H34,IO_L10P_T1U_N6_QBC_AD4P_49,1U,49,HP,NA,NA
G35,IO_L10N_T1U_N7_QBC_AD4N_49,1U,49,HP,NA,NA
J36,IO_L9P_T1L_N4_AD12P_49,1L,49,HP,NA,NA
H37,IO_L9N_T1L_N5_AD12N_49,1L,49,HP,NA,NA
J35,IO_L8P_T1L_N2_AD5P_49,1L,49,HP,NA,NA
H35,IO_L8N_T1L_N3_AD5N_49,1L,49,HP,NA,NA
F34,IO_L7P_T1L_N0_QBC_AD13P_49,1L,49,HP,NA,NA
E34,IO_L7N_T1L_N1_QBC_AD13N_49,1L,49,HP,NA,NA
F38,IO_L6P_T0U_N10_AD6P_49,0U,49,HP,NA,NA
F39,IO_L6N_T0U_N11_AD6N_49,0U,49,HP,NA,NA
K37,IO_L5P_T0U_N8_AD14P_49,0U,49,HP,NA,NA
J37,IO_L5N_T0U_N9_AD14N_49,0U,49,HP,NA,NA
H38,IO_L4P_T0U_N6_DBC_AD7P_49,0U,49,HP,NA,NA
G38,IO_L4N_T0U_N7_DBC_AD7N_49,0U,49,HP,NA,NA
G40,IO_L3P_T0L_N4_AD15P_49,0L,49,HP,NA,NA
F40,IO_L3N_T0L_N5_AD15N_49,0L,49,HP,NA,NA
H39,IO_L2P_T0L_N2_49,0L,49,HP,NA,NA
H40,IO_L2N_T0L_N3_49,0L,49,HP,NA,NA
K38,IO_T0U_N12_VRP_49,0U,49,HP,NA,NA
J39,IO_L1P_T0L_N0_DBC_49,0L,49,HP,NA,NA
J40,IO_L1N_T0L_N1_DBC_49,0L,49,HP,NA,NA
J34,VREF_49,NA,49,HP,NA,NA
D29,IO_L24P_T3U_N10_50,3U,50,HP,NA,NA
C29,IO_L24N_T3U_N11_50,3U,50,HP,NA,NA
A29,IO_T3U_N12_50,3U,50,HP,NA,NA
C30,IO_L23P_T3U_N8_50,3U,50,HP,NA,NA
B30,IO_L23N_T3U_N9_50,3U,50,HP,NA,NA
A30,IO_L22P_T3U_N6_DBC_AD0P_50,3U,50,HP,NA,NA
A31,IO_L22N_T3U_N7_DBC_AD0N_50,3U,50,HP,NA,NA
B33,IO_L21P_T3L_N4_AD8P_50,3L,50,HP,NA,NA
A33,IO_L21N_T3L_N5_AD8N_50,3L,50,HP,NA,NA
B31,IO_L20P_T3L_N2_AD1P_50,3L,50,HP,NA,NA
B32,IO_L20N_T3L_N3_AD1N_50,3L,50,HP,NA,NA
C32,IO_L19P_T3L_N0_DBC_AD9P_50,3L,50,HP,NA,NA
C33,IO_L19N_T3L_N1_DBC_AD9N_50,3L,50,HP,NA,NA
F29,IO_L18P_T2U_N10_AD2P_50,2U,50,HP,NA,NA
E29,IO_L18N_T2U_N11_AD2N_50,2U,50,HP,NA,NA
E32,IO_L17P_T2U_N8_AD10P_50,2U,50,HP,NA,NA
D32,IO_L17N_T2U_N9_AD10N_50,2U,50,HP,NA,NA
E31,IO_L16P_T2U_N6_QBC_AD3P_50,2U,50,HP,NA,NA
D31,IO_L16N_T2U_N7_QBC_AD3N_50,2U,50,HP,NA,NA
F33,IO_L15P_T2L_N4_AD11P_50,2L,50,HP,NA,NA
E33,IO_L15N_T2L_N5_AD11N_50,2L,50,HP,NA,NA
G30,IO_L14P_T2L_N2_GC_50,2L,50,HP,NA,NA
F30,IO_L14N_T2L_N3_GC_50,2L,50,HP,NA,NA
D30,IO_T2U_N12_50,2U,50,HP,NA,NA
G31,IO_L13P_T2L_N0_GC_QBC_50,2L,50,HP,NA,NA
F31,IO_L13N_T2L_N1_GC_QBC_50,2L,50,HP,NA,NA
H32,IO_L12P_T1U_N10_GC_50,1U,50,HP,NA,NA
G32,IO_L12N_T1U_N11_GC_50,1U,50,HP,NA,NA
K29,IO_T1U_N12_50,1U,50,HP,NA,NA
H29,IO_L11P_T1U_N8_GC_50,1U,50,HP,NA,NA
H30,IO_L11N_T1U_N9_GC_50,1U,50,HP,NA,NA
H33,IO_L10P_T1U_N6_QBC_AD4P_50,1U,50,HP,NA,NA
G33,IO_L10N_T1U_N7_QBC_AD4N_50,1U,50,HP,NA,NA
J29,IO_L9P_T1L_N4_AD12P_50,1L,50,HP,NA,NA
J30,IO_L9N_T1L_N5_AD12N_50,1L,50,HP,NA,NA
K32,IO_L8P_T1L_N2_AD5P_50,1L,50,HP,NA,NA
J32,IO_L8N_T1L_N3_AD5N_50,1L,50,HP,NA,NA
K31,IO_L7P_T1L_N0_QBC_AD13P_50,1L,50,HP,NA,NA
J31,IO_L7N_T1L_N1_QBC_AD13N_50,1L,50,HP,NA,NA
L29,IO_L6P_T0U_N10_AD6P_50,0U,50,HP,NA,NA
L30,IO_L6N_T0U_N11_AD6N_50,0U,50,HP,NA,NA
N28,IO_L5P_T0U_N8_AD14P_50,0U,50,HP,NA,NA
N29,IO_L5N_T0U_N9_AD14N_50,0U,50,HP,NA,NA
N30,IO_L4P_T0U_N6_DBC_AD7P_50,0U,50,HP,NA,NA
M30,IO_L4N_T0U_N7_DBC_AD7N_50,0U,50,HP,NA,NA
P29,IO_L3P_T0L_N4_AD15P_50,0L,50,HP,NA,NA
P30,IO_L3N_T0L_N5_AD15N_50,0L,50,HP,NA,NA
M31,IO_L2P_T0L_N2_50,0L,50,HP,NA,NA
L31,IO_L2N_T0L_N3_50,0L,50,HP,NA,NA
T29,IO_T0U_N12_VRP_50,0U,50,HP,NA,NA
R28,IO_L1P_T0L_N0_DBC_50,0L,50,HP,NA,NA
R29,IO_L1N_T0L_N1_DBC_50,0L,50,HP,NA,NA
T28,VREF_50,NA,50,HP,NA,NA
C25,IO_L24P_T3U_N10_51,3U,51,HP,NA,NA
B25,IO_L24N_T3U_N11_51,3U,51,HP,NA,NA
A25,IO_T3U_N12_51,3U,51,HP,NA,NA
D25,IO_L23P_T3U_N8_51,3U,51,HP,NA,NA
D26,IO_L23N_T3U_N9_51,3U,51,HP,NA,NA
B26,IO_L22P_T3U_N6_DBC_AD0P_51,3U,51,HP,NA,NA
A26,IO_L22N_T3U_N7_DBC_AD0N_51,3U,51,HP,NA,NA
C27,IO_L21P_T3L_N4_AD8P_51,3L,51,HP,NA,NA
B27,IO_L21N_T3L_N5_AD8N_51,3L,51,HP,NA,NA
B28,IO_L20P_T3L_N2_AD1P_51,3L,51,HP,NA,NA
A28,IO_L20N_T3L_N3_AD1N_51,3L,51,HP,NA,NA
D27,IO_L19P_T3L_N0_DBC_AD9P_51,3L,51,HP,NA,NA
C28,IO_L19N_T3L_N1_DBC_AD9N_51,3L,51,HP,NA,NA
G25,IO_L18P_T2U_N10_AD2P_51,2U,51,HP,NA,NA
F25,IO_L18N_T2U_N11_AD2N_51,2U,51,HP,NA,NA
E26,IO_L17P_T2U_N8_AD10P_51,2U,51,HP,NA,NA
E27,IO_L17N_T2U_N9_AD10N_51,2U,51,HP,NA,NA
H28,IO_L16P_T2U_N6_QBC_AD3P_51,2U,51,HP,NA,NA
G28,IO_L16N_T2U_N7_QBC_AD3N_51,2U,51,HP,NA,NA
F28,IO_L15P_T2L_N4_AD11P_51,2L,51,HP,NA,NA
E28,IO_L15N_T2L_N5_AD11N_51,2L,51,HP,NA,NA
H27,IO_L14P_T2L_N2_GC_51,2L,51,HP,NA,NA
G27,IO_L14N_T2L_N3_GC_51,2L,51,HP,NA,NA
H25,IO_T2U_N12_51,2U,51,HP,NA,NA
G26,IO_L13P_T2L_N0_GC_QBC_51,2L,51,HP,NA,NA
F26,IO_L13N_T2L_N1_GC_QBC_51,2L,51,HP,NA,NA
K27,IO_L12P_T1U_N10_GC_51,1U,51,HP,NA,NA
J27,IO_L12N_T1U_N11_GC_51,1U,51,HP,NA,NA
J25,IO_T1U_N12_51,1U,51,HP,NA,NA
K26,IO_L11P_T1U_N8_GC_51,1U,51,HP,NA,NA
J26,IO_L11N_T1U_N9_GC_51,1U,51,HP,NA,NA
L24,IO_L10P_T1U_N6_QBC_AD4P_51,1U,51,HP,NA,NA
L25,IO_L10N_T1U_N7_QBC_AD4N_51,1U,51,HP,NA,NA
L28,IO_L9P_T1L_N4_AD12P_51,1L,51,HP,NA,NA
K28,IO_L9N_T1L_N5_AD12N_51,1L,51,HP,NA,NA
M25,IO_L8P_T1L_N2_AD5P_51,1L,51,HP,NA,NA
L26,IO_L8N_T1L_N3_AD5N_51,1L,51,HP,NA,NA
M27,IO_L7P_T1L_N0_QBC_AD13P_51,1L,51,HP,NA,NA
M28,IO_L7N_T1L_N1_QBC_AD13N_51,1L,51,HP,NA,NA
P24,IO_L6P_T0U_N10_AD6P_51,0U,51,HP,NA,NA
N24,IO_L6N_T0U_N11_AD6N_51,0U,51,HP,NA,NA
P26,IO_L5P_T0U_N8_AD14P_51,0U,51,HP,NA,NA
N27,IO_L5N_T0U_N9_AD14N_51,0U,51,HP,NA,NA
P25,IO_L4P_T0U_N6_DBC_AD7P_51,0U,51,HP,NA,NA
N25,IO_L4N_T0U_N7_DBC_AD7N_51,0U,51,HP,NA,NA
R27,IO_L3P_T0L_N4_AD15P_51,0L,51,HP,NA,NA
P27,IO_L3N_T0L_N5_AD15N_51,0L,51,HP,NA,NA
T24,IO_L2P_T0L_N2_51,0L,51,HP,NA,NA
R24,IO_L2N_T0L_N3_51,0L,51,HP,NA,NA
M26,IO_T0U_N12_VRP_51,0U,51,HP,NA,NA
T26,IO_L1P_T0L_N0_DBC_51,0L,51,HP,NA,NA
R26,IO_L1N_T0L_N1_DBC_51,0L,51,HP,NA,NA
T25,VREF_51,NA,51,HP,NA,NA
AL20,IO_L24P_T3U_N10_EMCCLK_65,3U,65,HP,NA,NA
AL19,IO_L24N_T3U_N11_DOUT_CSO_B_65,3U,65,HP,NA,NA
AM17,IO_T3U_N12_PERSTN0_65,3U,65,HP,NA,NA
AP18,IO_L23P_T3U_N8_I2C_SCLK_65,3U,65,HP,NA,NA
AP17,IO_L23N_T3U_N9_I2C_SDA_65,3U,65,HP,NA,NA
AM19,IO_L22P_T3U_N6_DBC_AD0P_D04_65,3U,65,HP,NA,NA
AM18,IO_L22N_T3U_N7_DBC_AD0N_D05_65,3U,65,HP,NA,NA
AN20,IO_L21P_T3L_N4_AD8P_D06_65,3L,65,HP,NA,NA
AP20,IO_L21N_T3L_N5_AD8N_D07_65,3L,65,HP,NA,NA
AN19,IO_L20P_T3L_N2_AD1P_D08_65,3L,65,HP,NA,NA
AN18,IO_L20N_T3L_N3_AD1N_D09_65,3L,65,HP,NA,NA
AR18,IO_L19P_T3L_N0_DBC_AD9P_D10_65,3L,65,HP,NA,NA
AR17,IO_L19N_T3L_N1_DBC_AD9N_D11_65,3L,65,HP,NA,NA
AT20,IO_L18P_T2U_N10_AD2P_D12_65,2U,65,HP,NA,NA
AT19,IO_L18N_T2U_N11_AD2N_D13_65,2U,65,HP,NA,NA
AT17,IO_L17P_T2U_N8_AD10P_D14_65,2U,65,HP,NA,NA
AU17,IO_L17N_T2U_N9_AD10N_D15_65,2U,65,HP,NA,NA
AR20,IO_L16P_T2U_N6_QBC_AD3P_A00_D16_65,2U,65,HP,NA,NA
AR19,IO_L16N_T2U_N7_QBC_AD3N_A01_D17_65,2U,65,HP,NA,NA
AV20,IO_L15P_T2L_N4_AD11P_A02_D18_65,2L,65,HP,NA,NA
AW20,IO_L15N_T2L_N5_AD11N_A03_D19_65,2L,65,HP,NA,NA
AU19,IO_L14P_T2L_N2_GC_A04_D20_65,2L,65,HP,NA,NA
AU18,IO_L14N_T2L_N3_GC_A05_D21_65,2L,65,HP,NA,NA
AW17,IO_T2U_N12_CSI_ADV_B_65,2U,65,HP,NA,NA
AV19,IO_L13P_T2L_N0_GC_QBC_A06_D22_65,2L,65,HP,NA,NA
AV18,IO_L13N_T2L_N1_GC_QBC_A07_D23_65,2L,65,HP,NA,NA
AW18,IO_L12P_T1U_N10_GC_A08_D24_65,1U,65,HP,NA,NA
AY18,IO_L12N_T1U_N11_GC_A09_D25_65,1U,65,HP,NA,NA
AY17,IO_T1U_N12_PERSTN1_65,1U,65,HP,NA,NA
AY19,IO_L11P_T1U_N8_GC_A10_D26_65,1U,65,HP,NA,NA
BA19,IO_L11N_T1U_N9_GC_A11_D27_65,1U,65,HP,NA,NA
BA17,IO_L10P_T1U_N6_QBC_AD4P_A12_D28_65,1U,65,HP,NA,NA
BB17,IO_L10N_T1U_N7_QBC_AD4N_A13_D29_65,1U,65,HP,NA,NA
BB19,IO_L9P_T1L_N4_AD12P_A14_D30_65,1L,65,HP,NA,NA
BC19,IO_L9N_T1L_N5_AD12N_A15_D31_65,1L,65,HP,NA,NA
BB18,IO_L8P_T1L_N2_AD5P_A16_65,1L,65,HP,NA,NA
BC18,IO_L8N_T1L_N3_AD5N_A17_65,1L,65,HP,NA,NA
AY20,IO_L7P_T1L_N0_QBC_AD13P_A18_65,1L,65,HP,NA,NA
BA20,IO_L7N_T1L_N1_QBC_AD13N_A19_65,1L,65,HP,NA,NA
BD18,IO_L6P_T0U_N10_AD6P_A20_65,0U,65,HP,NA,NA
BD17,IO_L6N_T0U_N11_AD6N_A21_65,0U,65,HP,NA,NA
BC20,IO_L5P_T0U_N8_AD14P_A22_65,0U,65,HP,NA,NA
BD20,IO_L5N_T0U_N9_AD14N_A23_65,0U,65,HP,NA,NA
BE18,IO_L4P_T0U_N6_DBC_AD7P_A24_65,0U,65,HP,NA,NA
BE17,IO_L4N_T0U_N7_DBC_AD7N_A25_65,0U,65,HP,NA,NA
BE19,IO_L3P_T0L_N4_AD15P_A26_65,0L,65,HP,NA,NA
BF19,IO_L3N_T0L_N5_AD15N_A27_65,0L,65,HP,NA,NA
BF17,IO_L2P_T0L_N2_FOE_B_65,0L,65,HP,NA,NA
BF16,IO_L2N_T0L_N3_FWE_FCS2_B_65,0L,65,HP,NA,NA
BF21,IO_T0U_N12_VRP_A28_65,0U,65,HP,NA,NA
BE20,IO_L1P_T0L_N0_DBC_RS0_65,0L,65,HP,NA,NA
BF20,IO_L1N_T0L_N1_DBC_RS1_65,0L,65,HP,NA,NA
AL17,VREF_65,NA,65,HP,NA,NA
BB13,IO_L24P_T3U_N10_66,3U,66,HP,NA,NA
BB12,IO_L24N_T3U_N11_66,3U,66,HP,NA,NA
BB11,IO_T3U_N12_66,3U,66,HP,NA,NA
BA14,IO_L23P_T3U_N8_66,3U,66,HP,NA,NA
BB14,IO_L23N_T3U_N9_66,3U,66,HP,NA,NA
BA16,IO_L22P_T3U_N6_DBC_AD0P_66,3U,66,HP,NA,NA
BA15,IO_L22N_T3U_N7_DBC_AD0N_66,3U,66,HP,NA,NA
BC15,IO_L21P_T3L_N4_AD8P_66,3L,66,HP,NA,NA
BD15,IO_L21N_T3L_N5_AD8N_66,3L,66,HP,NA,NA
BB16,IO_L20P_T3L_N2_AD1P_66,3L,66,HP,NA,NA
BC16,IO_L20N_T3L_N3_AD1N_66,3L,66,HP,NA,NA
BC14,IO_L19P_T3L_N0_DBC_AD9P_66,3L,66,HP,NA,NA
BC13,IO_L19N_T3L_N1_DBC_AD9N_66,3L,66,HP,NA,NA
AW8,IO_L18P_T2U_N10_AD2P_66,2U,66,HP,NA,NA
AW7,IO_L18N_T2U_N11_AD2N_66,2U,66,HP,NA,NA
AY8,IO_L17P_T2U_N8_AD10P_66,2U,66,HP,NA,NA
AY7,IO_L17N_T2U_N9_AD10N_66,2U,66,HP,NA,NA
AV9,IO_L16P_T2U_N6_QBC_AD3P_66,2U,66,HP,NA,NA
AV8,IO_L16N_T2U_N7_QBC_AD3N_66,2U,66,HP,NA,NA
BA7,IO_L15P_T2L_N4_AD11P_66,2L,66,HP,NA,NA
BB7,IO_L15N_T2L_N5_AD11N_66,2L,66,HP,NA,NA
BB9,IO_L14P_T2L_N2_GC_66,2L,66,HP,NA,NA
BB8,IO_L14N_T2L_N3_GC_66,2L,66,HP,NA,NA
BA10,IO_T2U_N12_66,2U,66,HP,NA,NA
AY9,IO_L13P_T2L_N0_GC_QBC_66,2L,66,HP,NA,NA
BA9,IO_L13N_T2L_N1_GC_QBC_66,2L,66,HP,NA,NA
BC9,IO_L12P_T1U_N10_GC_66,1U,66,HP,NA,NA
BC8,IO_L12N_T1U_N11_GC_66,1U,66,HP,NA,NA
BF7,IO_T1U_N12_66,1U,66,HP,NA,NA
BC10,IO_L11P_T1U_N8_GC_66,1U,66,HP,NA,NA
BD10,IO_L11N_T1U_N9_GC_66,1U,66,HP,NA,NA
BF10,IO_L10P_T1U_N6_QBC_AD4P_66,1U,66,HP,NA,NA
BF9,IO_L10N_T1U_N7_QBC_AD4N_66,1U,66,HP,NA,NA
BE10,IO_L9P_T1L_N4_AD12P_66,1L,66,HP,NA,NA
BE9,IO_L9N_T1L_N5_AD12N_66,1L,66,HP,NA,NA
BE8,IO_L8P_T1L_N2_AD5P_66,1L,66,HP,NA,NA
BE7,IO_L8N_T1L_N3_AD5N_66,1L,66,HP,NA,NA
BD8,IO_L7P_T1L_N0_QBC_AD13P_66,1L,66,HP,NA,NA
BD7,IO_L7N_T1L_N1_QBC_AD13N_66,1L,66,HP,NA,NA
BE15,IO_L6P_T0U_N10_AD6P_66,0U,66,HP,NA,NA
BF15,IO_L6N_T0U_N11_AD6N_66,0U,66,HP,NA,NA
BE14,IO_L5P_T0U_N8_AD14P_66,0U,66,HP,NA,NA
BF14,IO_L5N_T0U_N9_AD14N_66,0U,66,HP,NA,NA
BD13,IO_L4P_T0U_N6_DBC_AD7P_66,0U,66,HP,NA,NA
BE13,IO_L4N_T0U_N7_DBC_AD7N_66,0U,66,HP,NA,NA
BC11,IO_L3P_T0L_N4_AD15P_66,0L,66,HP,NA,NA
BD11,IO_L3N_T0L_N5_AD15N_66,0L,66,HP,NA,NA
BF12,IO_L2P_T0L_N2_66,0L,66,HP,NA,NA
BF11,IO_L2N_T0L_N3_66,0L,66,HP,NA,NA
BD16,IO_T0U_N12_VRP_66,0U,66,HP,NA,NA
BD12,IO_L1P_T0L_N0_DBC_66,0L,66,HP,NA,NA
BE12,IO_L1N_T0L_N1_DBC_66,0L,66,HP,NA,NA
BA11,VREF_66,NA,66,HP,NA,NA
AK14,IO_L24P_T3U_N10_67,3U,67,HP,NA,NA
AK13,IO_L24N_T3U_N11_67,3U,67,HP,NA,NA
AM16,IO_T3U_N12_67,3U,67,HP,NA,NA
AM13,IO_L23P_T3U_N8_67,3U,67,HP,NA,NA
AM12,IO_L23N_T3U_N9_67,3U,67,HP,NA,NA
AJ13,IO_L22P_T3U_N6_DBC_AD0P_67,3U,67,HP,NA,NA
AJ12,IO_L22N_T3U_N7_DBC_AD0N_67,3U,67,HP,NA,NA
AK12,IO_L21P_T3L_N4_AD8P_67,3L,67,HP,NA,NA
AL12,IO_L21N_T3L_N5_AD8N_67,3L,67,HP,NA,NA
AK15,IO_L20P_T3L_N2_AD1P_67,3L,67,HP,NA,NA
AL15,IO_L20N_T3L_N3_AD1N_67,3L,67,HP,NA,NA
AL14,IO_L19P_T3L_N0_DBC_AD9P_67,3L,67,HP,NA,NA
AM14,IO_L19N_T3L_N1_DBC_AD9N_67,3L,67,HP,NA,NA
AN15,IO_L18P_T2U_N10_AD2P_67,2U,67,HP,NA,NA
AP15,IO_L18N_T2U_N11_AD2N_67,2U,67,HP,NA,NA
AN16,IO_L17P_T2U_N8_AD10P_67,2U,67,HP,NA,NA
AP16,IO_L17N_T2U_N9_AD10N_67,2U,67,HP,NA,NA
AP12,IO_L16P_T2U_N6_QBC_AD3P_67,2U,67,HP,NA,NA
AR12,IO_L16N_T2U_N7_QBC_AD3N_67,2U,67,HP,NA,NA
AN14,IO_L15P_T2L_N4_AD11P_67,2L,67,HP,NA,NA
AN13,IO_L15N_T2L_N5_AD11N_67,2L,67,HP,NA,NA
AP13,IO_L14P_T2L_N2_GC_67,2L,67,HP,NA,NA
AR13,IO_L14N_T2L_N3_GC_67,2L,67,HP,NA,NA
AR15,IO_T2U_N12_67,2U,67,HP,NA,NA
AR14,IO_L13P_T2L_N0_GC_QBC_67,2L,67,HP,NA,NA
AT14,IO_L13N_T2L_N1_GC_QBC_67,2L,67,HP,NA,NA
AV14,IO_L12P_T1U_N10_GC_67,1U,67,HP,NA,NA
AV13,IO_L12N_T1U_N11_GC_67,1U,67,HP,NA,NA
AW16,IO_T1U_N12_67,1U,67,HP,NA,NA
AU14,IO_L11P_T1U_N8_GC_67,1U,67,HP,NA,NA
AU13,IO_L11N_T1U_N9_GC_67,1U,67,HP,NA,NA
AY15,IO_L10P_T1U_N6_QBC_AD4P_67,1U,67,HP,NA,NA
AY14,IO_L10N_T1U_N7_QBC_AD4N_67,1U,67,HP,NA,NA
AV15,IO_L9P_T1L_N4_AD12P_67,1L,67,HP,NA,NA
AW15,IO_L9N_T1L_N5_AD12N_67,1L,67,HP,NA,NA
AU16,IO_L8P_T1L_N2_AD5P_67,1L,67,HP,NA,NA
AV16,IO_L8N_T1L_N3_AD5N_67,1L,67,HP,NA,NA
AT16,IO_L7P_T1L_N0_QBC_AD13P_67,1L,67,HP,NA,NA
AT15,IO_L7N_T1L_N1_QBC_AD13N_67,1L,67,HP,NA,NA
AU11,IO_L6P_T0U_N10_AD6P_67,0U,67,HP,NA,NA
AV11,IO_L6N_T0U_N11_AD6N_67,0U,67,HP,NA,NA
AW13,IO_L5P_T0U_N8_AD14P_67,0U,67,HP,NA,NA
AY13,IO_L5N_T0U_N9_AD14N_67,0U,67,HP,NA,NA
AV10,IO_L4P_T0U_N6_DBC_AD7P_67,0U,67,HP,NA,NA
AW10,IO_L4N_T0U_N7_DBC_AD7N_67,0U,67,HP,NA,NA
AW11,IO_L3P_T0L_N4_AD15P_67,0L,67,HP,NA,NA
AY10,IO_L3N_T0L_N5_AD15N_67,0L,67,HP,NA,NA
AW12,IO_L2P_T0L_N2_67,0L,67,HP,NA,NA
AY12,IO_L2N_T0L_N3_67,0L,67,HP,NA,NA
BA12,IO_T0U_N12_VRP_67,0U,67,HP,NA,NA
AT12,IO_L1P_T0L_N0_DBC_67,0L,67,HP,NA,NA
AU12,IO_L1N_T0L_N1_DBC_67,0L,67,HP,NA,NA
AL16,VREF_67,NA,67,HP,NA,NA
K12,IO_L24P_T3U_N10_68,3U,68,HP,NA,NA
J12,IO_L24N_T3U_N11_68,3U,68,HP,NA,NA
J14,IO_T3U_N12_68,3U,68,HP,NA,NA
K14,IO_L23P_T3U_N8_68,3U,68,HP,NA,NA
K13,IO_L23N_T3U_N9_68,3U,68,HP,NA,NA
M11,IO_L22P_T3U_N6_DBC_AD0P_68,3U,68,HP,NA,NA
L11,IO_L22N_T3U_N7_DBC_AD0N_68,3U,68,HP,NA,NA
K11,IO_L21P_T3L_N4_AD8P_68,3L,68,HP,NA,NA
J11,IO_L21N_T3L_N5_AD8N_68,3L,68,HP,NA,NA
L14,IO_L20P_T3L_N2_AD1P_68,3L,68,HP,NA,NA
L13,IO_L20N_T3L_N3_AD1N_68,3L,68,HP,NA,NA
M13,IO_L19P_T3L_N0_DBC_AD9P_68,3L,68,HP,NA,NA
M12,IO_L19N_T3L_N1_DBC_AD9N_68,3L,68,HP,NA,NA
R12,IO_L18P_T2U_N10_AD2P_68,2U,68,HP,NA,NA
P12,IO_L18N_T2U_N11_AD2N_68,2U,68,HP,NA,NA
M15,IO_L17P_T2U_N8_AD10P_68,2U,68,HP,NA,NA
L15,IO_L17N_T2U_N9_AD10N_68,2U,68,HP,NA,NA
R11,IO_L16P_T2U_N6_QBC_AD3P_68,2U,68,HP,NA,NA
P11,IO_L16N_T2U_N7_QBC_AD3N_68,2U,68,HP,NA,NA
P15,IO_L15P_T2L_N4_AD11P_68,2L,68,HP,NA,NA
N15,IO_L15N_T2L_N5_AD11N_68,2L,68,HP,NA,NA
R14,IO_L14P_T2L_N2_GC_68,2L,68,HP,NA,NA
P14,IO_L14N_T2L_N3_GC_68,2L,68,HP,NA,NA
N12,IO_T2U_N12_68,2U,68,HP,NA,NA
N14,IO_L13P_T2L_N0_GC_QBC_68,2L,68,HP,NA,NA
N13,IO_L13N_T2L_N1_GC_QBC_68,2L,68,HP,NA,NA
U13,IO_L12P_T1U_N10_GC_68,1U,68,HP,NA,NA
T13,IO_L12N_T1U_N11_GC_68,1U,68,HP,NA,NA
R16,IO_T1U_N12_68,1U,68,HP,NA,NA
T14,IO_L11P_T1U_N8_GC_68,1U,68,HP,NA,NA
R13,IO_L11N_T1U_N9_GC_68,1U,68,HP,NA,NA
U11,IO_L10P_T1U_N6_QBC_AD4P_68,1U,68,HP,NA,NA
T11,IO_L10N_T1U_N7_QBC_AD4N_68,1U,68,HP,NA,NA
T16,IO_L9P_T1L_N4_AD12P_68,1L,68,HP,NA,NA
T15,IO_L9N_T1L_N5_AD12N_68,1L,68,HP,NA,NA
V16,IO_L8P_T1L_N2_AD5P_68,1L,68,HP,NA,NA
U16,IO_L8N_T1L_N3_AD5N_68,1L,68,HP,NA,NA
V15,IO_L7P_T1L_N0_QBC_AD13P_68,1L,68,HP,NA,NA
U15,IO_L7N_T1L_N1_QBC_AD13N_68,1L,68,HP,NA,NA
W14,IO_L6P_T0U_N10_AD6P_68,0U,68,HP,NA,NA
V14,IO_L6N_T0U_N11_AD6N_68,0U,68,HP,NA,NA
AA12,IO_L5P_T0U_N8_AD14P_68,0U,68,HP,NA,NA
Y12,IO_L5N_T0U_N9_AD14N_68,0U,68,HP,NA,NA
V13,IO_L4P_T0U_N6_DBC_AD7P_68,0U,68,HP,NA,NA
U12,IO_L4N_T0U_N7_DBC_AD7N_68,0U,68,HP,NA,NA
W12,IO_L3P_T0L_N4_AD15P_68,0L,68,HP,NA,NA
V12,IO_L3N_T0L_N5_AD15N_68,0L,68,HP,NA,NA
AA14,IO_L2P_T0L_N2_68,0L,68,HP,NA,NA
Y14,IO_L2N_T0L_N3_68,0L,68,HP,NA,NA
W15,IO_T0U_N12_VRP_68,0U,68,HP,NA,NA
AA13,IO_L1P_T0L_N0_DBC_68,0L,68,HP,NA,NA
Y13,IO_L1N_T0L_N1_DBC_68,0L,68,HP,NA,NA
AB13,VREF_68,NA,68,HP,NA,NA
B16,IO_L24P_T3U_N10_69,3U,69,HP,NA,NA
B15,IO_L24N_T3U_N11_69,3U,69,HP,NA,NA
D14,IO_T3U_N12_69,3U,69,HP,NA,NA
C15,IO_L23P_T3U_N8_69,3U,69,HP,NA,NA
C14,IO_L23N_T3U_N9_69,3U,69,HP,NA,NA
A14,IO_L22P_T3U_N6_DBC_AD0P_69,3U,69,HP,NA,NA
A13,IO_L22N_T3U_N7_DBC_AD0N_69,3U,69,HP,NA,NA
A16,IO_L21P_T3L_N4_AD8P_69,3L,69,HP,NA,NA
A15,IO_L21N_T3L_N5_AD8N_69,3L,69,HP,NA,NA
C12,IO_L20P_T3L_N2_AD1P_69,3L,69,HP,NA,NA
B12,IO_L20N_T3L_N3_AD1N_69,3L,69,HP,NA,NA
C13,IO_L19P_T3L_N0_DBC_AD9P_69,3L,69,HP,NA,NA
B13,IO_L19N_T3L_N1_DBC_AD9N_69,3L,69,HP,NA,NA
H15,IO_L18P_T2U_N10_AD2P_69,2U,69,HP,NA,NA
H14,IO_L18N_T2U_N11_AD2N_69,2U,69,HP,NA,NA
G15,IO_L17P_T2U_N8_AD10P_69,2U,69,HP,NA,NA
F15,IO_L17N_T2U_N9_AD10N_69,2U,69,HP,NA,NA
F14,IO_L16P_T2U_N6_QBC_AD3P_69,2U,69,HP,NA,NA
E14,IO_L16N_T2U_N7_QBC_AD3N_69,2U,69,HP,NA,NA
H13,IO_L15P_T2L_N4_AD11P_69,2L,69,HP,NA,NA
G13,IO_L15N_T2L_N5_AD11N_69,2L,69,HP,NA,NA
F13,IO_L14P_T2L_N2_GC_69,2L,69,HP,NA,NA
E13,IO_L14N_T2L_N3_GC_69,2L,69,HP,NA,NA
D15,IO_T2U_N12_69,2U,69,HP,NA,NA
E12,IO_L13P_T2L_N0_GC_QBC_69,2L,69,HP,NA,NA
D12,IO_L13N_T2L_N1_GC_QBC_69,2L,69,HP,NA,NA
B11,IO_L12P_T1U_N10_GC_69,1U,69,HP,NA,NA
A11,IO_L12N_T1U_N11_GC_69,1U,69,HP,NA,NA
A10,IO_T1U_N12_69,1U,69,HP,NA,NA
C10,IO_L11P_T1U_N8_GC_69,1U,69,HP,NA,NA
B10,IO_L11N_T1U_N9_GC_69,1U,69,HP,NA,NA
A9,IO_L10P_T1U_N6_QBC_AD4P_69,1U,69,HP,NA,NA
A8,IO_L10N_T1U_N7_QBC_AD4N_69,1U,69,HP,NA,NA
B8,IO_L9P_T1L_N4_AD12P_69,1L,69,HP,NA,NA
B7,IO_L9N_T1L_N5_AD12N_69,1L,69,HP,NA,NA
D7,IO_L8P_T1L_N2_AD5P_69,1L,69,HP,NA,NA
C7,IO_L8N_T1L_N3_AD5N_69,1L,69,HP,NA,NA
C9,IO_L7P_T1L_N0_QBC_AD13P_69,1L,69,HP,NA,NA
C8,IO_L7N_T1L_N1_QBC_AD13N_69,1L,69,HP,NA,NA
E9,IO_L6P_T0U_N10_AD6P_69,0U,69,HP,NA,NA
D9,IO_L6N_T0U_N11_AD6N_69,0U,69,HP,NA,NA
H12,IO_L5P_T0U_N8_AD14P_69,0U,69,HP,NA,NA
G12,IO_L5N_T0U_N9_AD14N_69,0U,69,HP,NA,NA
D11,IO_L4P_T0U_N6_DBC_AD7P_69,0U,69,HP,NA,NA
D10,IO_L4N_T0U_N7_DBC_AD7N_69,0U,69,HP,NA,NA
F10,IO_L3P_T0L_N4_AD15P_69,0L,69,HP,NA,NA
F9,IO_L3N_T0L_N5_AD15N_69,0L,69,HP,NA,NA
F11,IO_L2P_T0L_N2_69,0L,69,HP,NA,NA
E11,IO_L2N_T0L_N3_69,0L,69,HP,NA,NA
D8,IO_T0U_N12_VRP_69,0U,69,HP,NA,NA
G11,IO_L1P_T0L_N0_DBC_69,0L,69,HP,NA,NA
G10,IO_L1N_T0L_N1_DBC_69,0L,69,HP,NA,NA
J15,VREF_69,NA,69,HP,NA,NA
B21,IO_L24P_T3U_N10_70,3U,70,HP,NA,NA
A21,IO_L24N_T3U_N11_70,3U,70,HP,NA,NA
D21,IO_T3U_N12_70,3U,70,HP,NA,NA
B23,IO_L23P_T3U_N8_70,3U,70,HP,NA,NA
B22,IO_L23N_T3U_N9_70,3U,70,HP,NA,NA
D22,IO_L22P_T3U_N6_DBC_AD0P_70,3U,70,HP,NA,NA
C22,IO_L22N_T3U_N7_DBC_AD0N_70,3U,70,HP,NA,NA
C24,IO_L21P_T3L_N4_AD8P_70,3L,70,HP,NA,NA
C23,IO_L21N_T3L_N5_AD8N_70,3L,70,HP,NA,NA
A24,IO_L20P_T3L_N2_AD1P_70,3L,70,HP,NA,NA
A23,IO_L20N_T3L_N3_AD1N_70,3L,70,HP,NA,NA
E24,IO_L19P_T3L_N0_DBC_AD9P_70,3L,70,HP,NA,NA
D24,IO_L19N_T3L_N1_DBC_AD9N_70,3L,70,HP,NA,NA
F24,IO_L18P_T2U_N10_AD2P_70,2U,70,HP,NA,NA
F23,IO_L18N_T2U_N11_AD2N_70,2U,70,HP,NA,NA
F21,IO_L17P_T2U_N8_AD10P_70,2U,70,HP,NA,NA
E21,IO_L17N_T2U_N9_AD10N_70,2U,70,HP,NA,NA
H24,IO_L16P_T2U_N6_QBC_AD3P_70,2U,70,HP,NA,NA
G23,IO_L16N_T2U_N7_QBC_AD3N_70,2U,70,HP,NA,NA
E23,IO_L15P_T2L_N4_AD11P_70,2L,70,HP,NA,NA
E22,IO_L15N_T2L_N5_AD11N_70,2L,70,HP,NA,NA
H23,IO_L14P_T2L_N2_GC_70,2L,70,HP,NA,NA
H22,IO_L14N_T2L_N3_GC_70,2L,70,HP,NA,NA
H20,IO_T2U_N12_70,2U,70,HP,NA,NA
G22,IO_L13P_T2L_N0_GC_QBC_70,2L,70,HP,NA,NA
G21,IO_L13N_T2L_N1_GC_QBC_70,2L,70,HP,NA,NA
K22,IO_L12P_T1U_N10_GC_70,1U,70,HP,NA,NA
J22,IO_L12N_T1U_N11_GC_70,1U,70,HP,NA,NA
J20,IO_T1U_N12_70,1U,70,HP,NA,NA
K21,IO_L11P_T1U_N8_GC_70,1U,70,HP,NA,NA
J21,IO_L11N_T1U_N9_GC_70,1U,70,HP,NA,NA
M20,IO_L10P_T1U_N6_QBC_AD4P_70,1U,70,HP,NA,NA
L20,IO_L10N_T1U_N7_QBC_AD4N_70,1U,70,HP,NA,NA
M21,IO_L9P_T1L_N4_AD12P_70,1L,70,HP,NA,NA
L21,IO_L9N_T1L_N5_AD12N_70,1L,70,HP,NA,NA
K24,IO_L8P_T1L_N2_AD5P_70,1L,70,HP,NA,NA
J24,IO_L8N_T1L_N3_AD5N_70,1L,70,HP,NA,NA
L23,IO_L7P_T1L_N0_QBC_AD13P_70,1L,70,HP,NA,NA
K23,IO_L7N_T1L_N1_QBC_AD13N_70,1L,70,HP,NA,NA
T23,IO_L6P_T0U_N10_AD6P_70,0U,70,HP,NA,NA
R23,IO_L6N_T0U_N11_AD6N_70,0U,70,HP,NA,NA
R22,IO_L5P_T0U_N8_AD14P_70,0U,70,HP,NA,NA
P22,IO_L5N_T0U_N9_AD14N_70,0U,70,HP,NA,NA
N22,IO_L4P_T0U_N6_DBC_AD7P_70,0U,70,HP,NA,NA
M22,IO_L4N_T0U_N7_DBC_AD7N_70,0U,70,HP,NA,NA
R21,IO_L3P_T0L_N4_AD15P_70,0L,70,HP,NA,NA
P21,IO_L3N_T0L_N5_AD15N_70,0L,70,HP,NA,NA
N23,IO_L2P_T0L_N2_70,0L,70,HP,NA,NA
M23,IO_L2N_T0L_N3_70,0L,70,HP,NA,NA
T21,IO_T0U_N12_VRP_70,0U,70,HP,NA,NA
P20,IO_L1P_T0L_N0_DBC_70,0L,70,HP,NA,NA
N20,IO_L1N_T0L_N1_DBC_70,0L,70,HP,NA,NA
T20,VREF_70,NA,70,HP,NA,NA
C20,IO_L24P_T3U_N10_71,3U,71,HP,NA,NA
B20,IO_L24N_T3U_N11_71,3U,71,HP,NA,NA
A20,IO_T3U_N12_71,3U,71,HP,NA,NA
D20,IO_L23P_T3U_N8_71,3U,71,HP,NA,NA
D19,IO_L23N_T3U_N9_71,3U,71,HP,NA,NA
A19,IO_L22P_T3U_N6_DBC_AD0P_71,3U,71,HP,NA,NA
A18,IO_L22N_T3U_N7_DBC_AD0N_71,3U,71,HP,NA,NA
C19,IO_L21P_T3L_N4_AD8P_71,3L,71,HP,NA,NA
C18,IO_L21N_T3L_N5_AD8N_71,3L,71,HP,NA,NA
D17,IO_L20P_T3L_N2_AD1P_71,3L,71,HP,NA,NA
C17,IO_L20N_T3L_N3_AD1N_71,3L,71,HP,NA,NA
B18,IO_L19P_T3L_N0_DBC_AD9P_71,3L,71,HP,NA,NA
B17,IO_L19N_T3L_N1_DBC_AD9N_71,3L,71,HP,NA,NA
E17,IO_L18P_T2U_N10_AD2P_71,2U,71,HP,NA,NA
D16,IO_L18N_T2U_N11_AD2N_71,2U,71,HP,NA,NA
G20,IO_L17P_T2U_N8_AD10P_71,2U,71,HP,NA,NA
F20,IO_L17N_T2U_N9_AD10N_71,2U,71,HP,NA,NA
F16,IO_L16P_T2U_N6_QBC_AD3P_71,2U,71,HP,NA,NA
E16,IO_L16N_T2U_N7_QBC_AD3N_71,2U,71,HP,NA,NA
E19,IO_L15P_T2L_N4_AD11P_71,2L,71,HP,NA,NA
E18,IO_L15N_T2L_N5_AD11N_71,2L,71,HP,NA,NA
F19,IO_L14P_T2L_N2_GC_71,2L,71,HP,NA,NA
F18,IO_L14N_T2L_N3_GC_71,2L,71,HP,NA,NA
G16,IO_T2U_N12_71,2U,71,HP,NA,NA
G18,IO_L13P_T2L_N0_GC_QBC_71,2L,71,HP,NA,NA
G17,IO_L13N_T2L_N1_GC_QBC_71,2L,71,HP,NA,NA
H19,IO_L12P_T1U_N10_GC_71,1U,71,HP,NA,NA
H18,IO_L12N_T1U_N11_GC_71,1U,71,HP,NA,NA
L19,IO_T1U_N12_71,1U,71,HP,NA,NA
J17,IO_L11P_T1U_N8_GC_71,1U,71,HP,NA,NA
H17,IO_L11N_T1U_N9_GC_71,1U,71,HP,NA,NA
K19,IO_L10P_T1U_N6_QBC_AD4P_71,1U,71,HP,NA,NA
J19,IO_L10N_T1U_N7_QBC_AD4N_71,1U,71,HP,NA,NA
L18,IO_L9P_T1L_N4_AD12P_71,1L,71,HP,NA,NA
K18,IO_L9N_T1L_N5_AD12N_71,1L,71,HP,NA,NA
L16,IO_L8P_T1L_N2_AD5P_71,1L,71,HP,NA,NA
K16,IO_L8N_T1L_N3_AD5N_71,1L,71,HP,NA,NA
K17,IO_L7P_T1L_N0_QBC_AD13P_71,1L,71,HP,NA,NA
J16,IO_L7N_T1L_N1_QBC_AD13N_71,1L,71,HP,NA,NA
N17,IO_L6P_T0U_N10_AD6P_71,0U,71,HP,NA,NA
M16,IO_L6N_T0U_N11_AD6N_71,0U,71,HP,NA,NA
N19,IO_L5P_T0U_N8_AD14P_71,0U,71,HP,NA,NA
N18,IO_L5N_T0U_N9_AD14N_71,0U,71,HP,NA,NA
P17,IO_L4P_T0U_N6_DBC_AD7P_71,0U,71,HP,NA,NA
P16,IO_L4N_T0U_N7_DBC_AD7N_71,0U,71,HP,NA,NA
M18,IO_L3P_T0L_N4_AD15P_71,0L,71,HP,NA,NA
M17,IO_L3N_T0L_N5_AD15N_71,0L,71,HP,NA,NA
R19,IO_L2P_T0L_N2_71,0L,71,HP,NA,NA
P19,IO_L2N_T0L_N3_71,0L,71,HP,NA,NA
T18,IO_T0U_N12_VRP_71,0U,71,HP,NA,NA
R18,IO_L1P_T0L_N0_DBC_71,0L,71,HP,NA,NA
R17,IO_L1N_T0L_N1_DBC_71,0L,71,HP,NA,NA
T19,VREF_71,NA,71,HP,NA,NA
AL24,IO_L24P_T3U_N10_84,3U,84,HR,NA,NA
AM24,IO_L24N_T3U_N11_84,3U,84,HR,NA,NA
AL25,IO_T3U_N12_84,3U,84,HR,NA,NA
AL21,IO_L23P_T3U_N8_84,3U,84,HR,NA,NA
AM21,IO_L23N_T3U_N9_84,3U,84,HR,NA,NA
AM23,IO_L22P_T3U_N6_DBC_AD0P_84,3U,84,HR,NA,NA
AM22,IO_L22N_T3U_N7_DBC_AD0N_84,3U,84,HR,NA,NA
AN21,IO_L21P_T3L_N4_AD8P_84,3L,84,HR,NA,NA
AP21,IO_L21N_T3L_N5_AD8N_84,3L,84,HR,NA,NA
AN24,IO_L20P_T3L_N2_AD1P_84,3L,84,HR,NA,NA
AN23,IO_L20N_T3L_N3_AD1N_84,3L,84,HR,NA,NA
AP23,IO_L19P_T3L_N0_DBC_AD9P_84,3L,84,HR,NA,NA
AP22,IO_L19N_T3L_N1_DBC_AD9N_84,3L,84,HR,NA,NA
AR24,IO_L18P_T2U_N10_AD2P_84,2U,84,HR,NA,NA
AT24,IO_L18N_T2U_N11_AD2N_84,2U,84,HR,NA,NA
AR23,IO_L17P_T2U_N8_AD10P_84,2U,84,HR,NA,NA
AR22,IO_L17N_T2U_N9_AD10N_84,2U,84,HR,NA,NA
AU24,IO_L16P_T2U_N6_QBC_AD3P_84,2U,84,HR,NA,NA
AV24,IO_L16N_T2U_N7_QBC_AD3N_84,2U,84,HR,NA,NA
AU21,IO_L15P_T2L_N4_AD11P_84,2L,84,HR,NA,NA
AV21,IO_L15N_T2L_N5_AD11N_84,2L,84,HR,NA,NA
AU23,IO_L14P_T2L_N2_GC_84,2L,84,HR,NA,NA
AV23,IO_L14N_T2L_N3_GC_84,2L,84,HR,NA,NA
AT21,IO_T2U_N12_84,2U,84,HR,NA,NA
AT22,IO_L13P_T2L_N0_GC_QBC_84,2L,84,HR,NA,NA
AU22,IO_L13N_T2L_N1_GC_QBC_84,2L,84,HR,NA,NA
AL22,VREF_84,NA,84,HR,NA,NA
AW23,IO_L12P_T1U_N10_GC_94,1U,94,HR,NA,NA
AW22,IO_L12N_T1U_N11_GC_94,1U,94,HR,NA,NA
BA21,IO_T1U_N12_94,1U,94,HR,NA,NA
AY24,IO_L11P_T1U_N8_GC_94,1U,94,HR,NA,NA
AY23,IO_L11N_T1U_N9_GC_94,1U,94,HR,NA,NA
AY22,IO_L10P_T1U_N6_QBC_AD4P_94,1U,94,HR,NA,NA
BA22,IO_L10N_T1U_N7_QBC_AD4N_94,1U,94,HR,NA,NA
AW25,IO_L9P_T1L_N4_AD12P_94,1L,94,HR,NA,NA
AY25,IO_L9N_T1L_N5_AD12N_94,1L,94,HR,NA,NA
BB22,IO_L8P_T1L_N2_AD5P_94,1L,94,HR,NA,NA
BB21,IO_L8N_T1L_N3_AD5N_94,1L,94,HR,NA,NA
BA25,IO_L7P_T1L_N0_QBC_AD13P_94,1L,94,HR,NA,NA
BA24,IO_L7N_T1L_N1_QBC_AD13N_94,1L,94,HR,NA,NA
BC21,IO_L6P_T0U_N10_AD6P_94,0U,94,HR,NA,NA
BD21,IO_L6N_T0U_N11_AD6N_94,0U,94,HR,NA,NA
BB24,IO_L5P_T0U_N8_AD14P_94,0U,94,HR,NA,NA
BB23,IO_L5N_T0U_N9_AD14N_94,0U,94,HR,NA,NA
BE22,IO_L4P_T0U_N6_DBC_AD7P_94,0U,94,HR,NA,NA
BF22,IO_L4N_T0U_N7_DBC_AD7N_94,0U,94,HR,NA,NA
BD23,IO_L3P_T0L_N4_AD15P_94,0L,94,HR,NA,NA
BE23,IO_L3N_T0L_N5_AD15N_94,0L,94,HR,NA,NA
BC23,IO_L2P_T0L_N2_94,0L,94,HR,NA,NA
BD22,IO_L2N_T0L_N3_94,0L,94,HR,NA,NA
BC24,IO_T0U_N12_94,0U,94,HR,NA,NA
BE24,IO_L1P_T0L_N0_DBC_94,0L,94,HR,NA,NA
BF24,IO_L1N_T0L_N1_DBC_94,0L,94,HR,NA,NA
AW21,VREF_94,NA,94,HR,NA,NA
AV43,MGTYTXN3_125,NA,125,GTY,NA,NA
AV42,MGTYTXP3_125,NA,125,GTY,NA,NA
AU45,MGTYRXP3_125,NA,125,GTY,NA,NA
AU46,MGTYRXN3_125,NA,125,GTY,NA,NA
AM39,MGTREFCLK1N_125,NA,125,GTY,NA,NA
AM38,MGTREFCLK1P_125,NA,125,GTY,NA,NA
AY43,MGTYTXN2_125,NA,125,GTY,NA,NA
AY42,MGTYTXP2_125,NA,125,GTY,NA,NA
AW45,MGTYRXP2_125,NA,125,GTY,NA,NA
AW46,MGTYRXN2_125,NA,125,GTY,NA,NA
BB43,MGTYTXN1_125,NA,125,GTY,NA,NA
BB42,MGTYTXP1_125,NA,125,GTY,NA,NA
BA45,MGTYRXP1_125,NA,125,GTY,NA,NA
BA46,MGTYRXN1_125,NA,125,GTY,NA,NA
AN41,MGTREFCLK0N_125,NA,125,GTY,NA,NA
AN40,MGTREFCLK0P_125,NA,125,GTY,NA,NA
BD43,MGTYTXN0_125,NA,125,GTY,NA,NA
BD42,MGTYTXP0_125,NA,125,GTY,NA,NA
BC45,MGTYRXP0_125,NA,125,GTY,NA,NA
BC46,MGTYRXN0_125,NA,125,GTY,NA,NA
AL41,MGTYTXN3_126,NA,126,GTY,NA,NA
AL40,MGTYTXP3_126,NA,126,GTY,NA,NA
AJ45,MGTYRXP3_126,NA,126,GTY,NA,NA
AJ46,MGTYRXN3_126,NA,126,GTY,NA,NA
AH39,MGTREFCLK1N_126,NA,126,GTY,NA,NA
AH38,MGTREFCLK1P_126,NA,126,GTY,NA,NA
AM43,MGTYTXN2_126,NA,126,GTY,NA,NA
AM42,MGTYTXP2_126,NA,126,GTY,NA,NA
AL45,MGTYRXP2_126,NA,126,GTY,NA,NA
AL46,MGTYRXN2_126,NA,126,GTY,NA,NA
AP43,MGTYTXN1_126,NA,126,GTY,NA,NA
AP42,MGTYTXP1_126,NA,126,GTY,NA,NA
AN45,MGTYRXP1_126,NA,126,GTY,NA,NA
AN46,MGTYRXN1_126,NA,126,GTY,NA,NA
AK39,MGTREFCLK0N_126,NA,126,GTY,NA,NA
AK38,MGTREFCLK0P_126,NA,126,GTY,NA,NA
AT43,MGTYTXN0_126,NA,126,GTY,NA,NA
AT42,MGTYTXP0_126,NA,126,GTY,NA,NA
AR45,MGTYRXP0_126,NA,126,GTY,NA,NA
AR46,MGTYRXN0_126,NA,126,GTY,NA,NA
AE41,MGTYTXN3_127,NA,127,GTY,NA,NA
AE40,MGTYTXP3_127,NA,127,GTY,NA,NA
AD43,MGTYRXP3_127,NA,127,GTY,NA,NA
AD44,MGTYRXN3_127,NA,127,GTY,NA,NA
AD39,MGTREFCLK1N_127,NA,127,GTY,NA,NA
AD38,MGTREFCLK1P_127,NA,127,GTY,NA,NA
AG41,MGTYTXN2_127,NA,127,GTY,NA,NA
AG40,MGTYTXP2_127,NA,127,GTY,NA,NA
AE45,MGTYRXP2_127,NA,127,GTY,NA,NA
AE46,MGTYRXN2_127,NA,127,GTY,NA,NA
AJ41,MGTYTXN1_127,NA,127,GTY,NA,NA
AJ40,MGTYTXP1_127,NA,127,GTY,NA,NA
AF43,MGTYRXP1_127,NA,127,GTY,NA,NA
AF44,MGTYRXN1_127,NA,127,GTY,NA,NA
AF39,MGTREFCLK0N_127,NA,127,GTY,NA,NA
AF38,MGTREFCLK0P_127,NA,127,GTY,NA,NA
AK43,MGTYTXN0_127,NA,127,GTY,NA,NA
AK42,MGTYTXP0_127,NA,127,GTY,NA,NA
AG45,MGTYRXP0_127,NA,127,GTY,NA,NA
AG46,MGTYRXN0_127,NA,127,GTY,NA,NA
U41,MGTYTXN3_128,NA,128,GTY,NA,NA
U40,MGTYTXP3_128,NA,128,GTY,NA,NA
Y43,MGTYRXP3_128,NA,128,GTY,NA,NA
Y44,MGTYRXN3_128,NA,128,GTY,NA,NA
Y39,MGTREFCLK1N_128,NA,128,GTY,NA,NA
Y38,MGTREFCLK1P_128,NA,128,GTY,NA,NA
W41,MGTYTXN2_128,NA,128,GTY,NA,NA
W40,MGTYTXP2_128,NA,128,GTY,NA,NA
AA45,MGTYRXP2_128,NA,128,GTY,NA,NA
AA46,MGTYRXN2_128,NA,128,GTY,NA,NA
AA41,MGTYTXN1_128,NA,128,GTY,NA,NA
AA40,MGTYTXP1_128,NA,128,GTY,NA,NA
AB43,MGTYRXP1_128,NA,128,GTY,NA,NA
AB44,MGTYRXN1_128,NA,128,GTY,NA,NA
AB39,MGTREFCLK0N_128,NA,128,GTY,NA,NA
AB38,MGTREFCLK0P_128,NA,128,GTY,NA,NA
AC41,MGTYTXN0_128,NA,128,GTY,NA,NA
AC40,MGTYTXP0_128,NA,128,GTY,NA,NA
AC45,MGTYRXP0_128,NA,128,GTY,NA,NA
AC46,MGTYRXN0_128,NA,128,GTY,NA,NA
K43,MGTYTXN3_129,NA,129,GTY,NA,NA
K42,MGTYTXP3_129,NA,129,GTY,NA,NA
N45,MGTYRXP3_129,NA,129,GTY,NA,NA
N46,MGTYRXN3_129,NA,129,GTY,NA,NA
T39,MGTREFCLK1N_129,NA,129,GTY,NA,NA
T38,MGTREFCLK1P_129,NA,129,GTY,NA,NA
M43,MGTYTXN2_129,NA,129,GTY,NA,NA
M42,MGTYTXP2_129,NA,129,GTY,NA,NA
R45,MGTYRXP2_129,NA,129,GTY,NA,NA
R46,MGTYRXN2_129,NA,129,GTY,NA,NA
L40,MGTAVTTRCAL_LN,NA,NA,NA,NA,NA
L41,MGTRREF_LN,NA,NA,NA,NA,NA
P43,MGTYTXN1_129,NA,129,GTY,NA,NA
P42,MGTYTXP1_129,NA,129,GTY,NA,NA
U45,MGTYRXP1_129,NA,129,GTY,NA,NA
U46,MGTYRXN1_129,NA,129,GTY,NA,NA
V39,MGTREFCLK0N_129,NA,129,GTY,NA,NA
V38,MGTREFCLK0P_129,NA,129,GTY,NA,NA
T43,MGTYTXN0_129,NA,129,GTY,NA,NA
T42,MGTYTXP0_129,NA,129,GTY,NA,NA
W45,MGTYRXP0_129,NA,129,GTY,NA,NA
W46,MGTYRXN0_129,NA,129,GTY,NA,NA
B43,MGTYTXN3_130,NA,130,GTY,NA,NA
B42,MGTYTXP3_130,NA,130,GTY,NA,NA
E45,MGTYRXP3_130,NA,130,GTY,NA,NA
E46,MGTYRXN3_130,NA,130,GTY,NA,NA
N41,MGTREFCLK1N_130,NA,130,GTY,NA,NA
N40,MGTREFCLK1P_130,NA,130,GTY,NA,NA
D43,MGTYTXN2_130,NA,130,GTY,NA,NA
D42,MGTYTXP2_130,NA,130,GTY,NA,NA
G45,MGTYRXP2_130,NA,130,GTY,NA,NA
G46,MGTYRXN2_130,NA,130,GTY,NA,NA
F43,MGTYTXN1_130,NA,130,GTY,NA,NA
F42,MGTYTXP1_130,NA,130,GTY,NA,NA
J45,MGTYRXP1_130,NA,130,GTY,NA,NA
J46,MGTYRXN1_130,NA,130,GTY,NA,NA
R41,MGTREFCLK0N_130,NA,130,GTY,NA,NA
R40,MGTREFCLK0P_130,NA,130,GTY,NA,NA
H43,MGTYTXN0_130,NA,130,GTY,NA,NA
H42,MGTYTXP0_130,NA,130,GTY,NA,NA
L45,MGTYRXP0_130,NA,130,GTY,NA,NA
L46,MGTYRXN0_130,NA,130,GTY,NA,NA
AW5,MGTHTXP3_224,NA,224,GTH,NA,NA
AT2,MGTHRXP3_224,NA,224,GTH,NA,NA
AT1,MGTHRXN3_224,NA,224,GTH,NA,NA
AW4,MGTHTXN3_224,NA,224,GTH,NA,NA
AN9,MGTREFCLK1P_224,NA,224,GTH,NA,NA
AN8,MGTREFCLK1N_224,NA,224,GTH,NA,NA
BA5,MGTHTXP2_224,NA,224,GTH,NA,NA
AV2,MGTHRXP2_224,NA,224,GTH,NA,NA
AV1,MGTHRXN2_224,NA,224,GTH,NA,NA
BA4,MGTHTXN2_224,NA,224,GTH,NA,NA
BC5,MGTHTXP1_224,NA,224,GTH,NA,NA
AY2,MGTHRXP1_224,NA,224,GTH,NA,NA
AY1,MGTHRXN1_224,NA,224,GTH,NA,NA
BC4,MGTHTXN1_224,NA,224,GTH,NA,NA
AR9,MGTREFCLK0P_224,NA,224,GTH,NA,NA
AR8,MGTREFCLK0N_224,NA,224,GTH,NA,NA
BE5,MGTHTXP0_224,NA,224,GTH,NA,NA
BB2,MGTHRXP0_224,NA,224,GTH,NA,NA
BB1,MGTHRXN0_224,NA,224,GTH,NA,NA
BE4,MGTHTXN0_224,NA,224,GTH,NA,NA
AP7,MGTHTXP3_225,NA,225,GTH,NA,NA
AJ4,MGTHRXP3_225,NA,225,GTH,NA,NA
AJ3,MGTHRXN3_225,NA,225,GTH,NA,NA
AP6,MGTHTXN3_225,NA,225,GTH,NA,NA
AJ9,MGTREFCLK1P_225,NA,225,GTH,NA,NA
AJ8,MGTREFCLK1N_225,NA,225,GTH,NA,NA
AR5,MGTHTXP2_225,NA,225,GTH,NA,NA
AK2,MGTHRXP2_225,NA,225,GTH,NA,NA
AK1,MGTHRXN2_225,NA,225,GTH,NA,NA
AR4,MGTHTXN2_225,NA,225,GTH,NA,NA
BD2,MGTRREF_RS,NA,NA,NA,NA,NA
BD3,MGTAVTTRCAL_RS,NA,NA,NA,NA,NA
AT7,MGTHTXP1_225,NA,225,GTH,NA,NA
AM2,MGTHRXP1_225,NA,225,GTH,NA,NA
AM1,MGTHRXN1_225,NA,225,GTH,NA,NA
AT6,MGTHTXN1_225,NA,225,GTH,NA,NA
AL9,MGTREFCLK0P_225,NA,225,GTH,NA,NA
AL8,MGTREFCLK0N_225,NA,225,GTH,NA,NA
AU5,MGTHTXP0_225,NA,225,GTH,NA,NA
AP2,MGTHRXP0_225,NA,225,GTH,NA,NA
AP1,MGTHRXN0_225,NA,225,GTH,NA,NA
AU4,MGTHTXN0_225,NA,225,GTH,NA,NA
AH7,MGTHTXP3_226,NA,226,GTH,NA,NA
AE4,MGTHRXP3_226,NA,226,GTH,NA,NA
AE3,MGTHRXN3_226,NA,226,GTH,NA,NA
AH6,MGTHTXN3_226,NA,226,GTH,NA,NA
AE9,MGTREFCLK1P_226,NA,226,GTH,NA,NA
AE8,MGTREFCLK1N_226,NA,226,GTH,NA,NA
AK7,MGTHTXP2_226,NA,226,GTH,NA,NA
AF2,MGTHRXP2_226,NA,226,GTH,NA,NA
AF1,MGTHRXN2_226,NA,226,GTH,NA,NA
AK6,MGTHTXN2_226,NA,226,GTH,NA,NA
AM7,MGTHTXP1_226,NA,226,GTH,NA,NA
AG4,MGTHRXP1_226,NA,226,GTH,NA,NA
AG3,MGTHRXN1_226,NA,226,GTH,NA,NA
AM6,MGTHTXN1_226,NA,226,GTH,NA,NA
AG9,MGTREFCLK0P_226,NA,226,GTH,NA,NA
AG8,MGTREFCLK0N_226,NA,226,GTH,NA,NA
AN5,MGTHTXP0_226,NA,226,GTH,NA,NA
AH2,MGTHRXP0_226,NA,226,GTH,NA,NA
AH1,MGTHRXN0_226,NA,226,GTH,NA,NA
AN4,MGTHTXN0_226,NA,226,GTH,NA,NA
Y7,MGTHTXP3_227,NA,227,GTH,NA,NA
AA4,MGTHRXP3_227,NA,227,GTH,NA,NA
AA3,MGTHRXN3_227,NA,227,GTH,NA,NA
Y6,MGTHTXN3_227,NA,227,GTH,NA,NA
AA9,MGTREFCLK1P_227,NA,227,GTH,NA,NA
AA8,MGTREFCLK1N_227,NA,227,GTH,NA,NA
AB7,MGTHTXP2_227,NA,227,GTH,NA,NA
AB2,MGTHRXP2_227,NA,227,GTH,NA,NA
AB1,MGTHRXN2_227,NA,227,GTH,NA,NA
AB6,MGTHTXN2_227,NA,227,GTH,NA,NA
AD7,MGTHTXP1_227,NA,227,GTH,NA,NA
AC4,MGTHRXP1_227,NA,227,GTH,NA,NA
AC3,MGTHRXN1_227,NA,227,GTH,NA,NA
AD6,MGTHTXN1_227,NA,227,GTH,NA,NA
AC9,MGTREFCLK0P_227,NA,227,GTH,NA,NA
AC8,MGTREFCLK0N_227,NA,227,GTH,NA,NA
AF7,MGTHTXP0_227,NA,227,GTH,NA,NA
AD2,MGTHRXP0_227,NA,227,GTH,NA,NA
AD1,MGTHRXN0_227,NA,227,GTH,NA,NA
AF6,MGTHTXN0_227,NA,227,GTH,NA,NA
M7,MGTHTXP3_228,NA,228,GTH,NA,NA
U4,MGTHRXP3_228,NA,228,GTH,NA,NA
U3,MGTHRXN3_228,NA,228,GTH,NA,NA
M6,MGTHTXN3_228,NA,228,GTH,NA,NA
U9,MGTREFCLK1P_228,NA,228,GTH,NA,NA
U8,MGTREFCLK1N_228,NA,228,GTH,NA,NA
P7,MGTHTXP2_228,NA,228,GTH,NA,NA
V2,MGTHRXP2_228,NA,228,GTH,NA,NA
V1,MGTHRXN2_228,NA,228,GTH,NA,NA
P6,MGTHTXN2_228,NA,228,GTH,NA,NA
T7,MGTHTXP1_228,NA,228,GTH,NA,NA
W4,MGTHRXP1_228,NA,228,GTH,NA,NA
W3,MGTHRXN1_228,NA,228,GTH,NA,NA
T6,MGTHTXN1_228,NA,228,GTH,NA,NA
W9,MGTREFCLK0P_228,NA,228,GTH,NA,NA
W8,MGTREFCLK0N_228,NA,228,GTH,NA,NA
V7,MGTHTXP0_228,NA,228,GTH,NA,NA
Y2,MGTHRXP0_228,NA,228,GTH,NA,NA
Y1,MGTHRXN0_228,NA,228,GTH,NA,NA
V6,MGTHTXN0_228,NA,228,GTH,NA,NA
H7,MGTHTXP3_229,NA,229,GTH,NA,NA
M2,MGTHRXP3_229,NA,229,GTH,NA,NA
M1,MGTHRXN3_229,NA,229,GTH,NA,NA
H6,MGTHTXN3_229,NA,229,GTH,NA,NA
N9,MGTREFCLK1P_229,NA,229,GTH,NA,NA
N8,MGTREFCLK1N_229,NA,229,GTH,NA,NA
J5,MGTHTXP2_229,NA,229,GTH,NA,NA
P2,MGTHRXP2_229,NA,229,GTH,NA,NA
P1,MGTHRXN2_229,NA,229,GTH,NA,NA
J4,MGTHTXN2_229,NA,229,GTH,NA,NA
K7,MGTHTXP1_229,NA,229,GTH,NA,NA
R4,MGTHRXP1_229,NA,229,GTH,NA,NA
R3,MGTHRXN1_229,NA,229,GTH,NA,NA
K6,MGTHTXN1_229,NA,229,GTH,NA,NA
R9,MGTREFCLK0P_229,NA,229,GTH,NA,NA
R8,MGTREFCLK0N_229,NA,229,GTH,NA,NA
L5,MGTHTXP0_229,NA,229,GTH,NA,NA
T2,MGTHRXP0_229,NA,229,GTH,NA,NA
T1,MGTHRXN0_229,NA,229,GTH,NA,NA
L4,MGTHTXN0_229,NA,229,GTH,NA,NA
C5,MGTHTXP3_230,NA,230,GTH,NA,NA
D2,MGTHRXP3_230,NA,230,GTH,NA,NA
D1,MGTHRXN3_230,NA,230,GTH,NA,NA
C4,MGTHTXN3_230,NA,230,GTH,NA,NA
J9,MGTREFCLK1P_230,NA,230,GTH,NA,NA
J8,MGTREFCLK1N_230,NA,230,GTH,NA,NA
E5,MGTHTXP2_230,NA,230,GTH,NA,NA
F2,MGTHRXP2_230,NA,230,GTH,NA,NA
F1,MGTHRXN2_230,NA,230,GTH,NA,NA
E4,MGTHTXN2_230,NA,230,GTH,NA,NA
F7,MGTHTXP1_230,NA,230,GTH,NA,NA
H2,MGTHRXP1_230,NA,230,GTH,NA,NA
H1,MGTHRXN1_230,NA,230,GTH,NA,NA
F6,MGTHTXN1_230,NA,230,GTH,NA,NA
L9,MGTREFCLK0P_230,NA,230,GTH,NA,NA
L8,MGTREFCLK0N_230,NA,230,GTH,NA,NA
G5,MGTHTXP0_230,NA,230,GTH,NA,NA
K2,MGTHRXP0_230,NA,230,GTH,NA,NA
K1,MGTHRXN0_230,NA,230,GTH,NA,NA
G4,MGTHTXN0_230,NA,230,GTH,NA,NA
A3,GND,NA,NA,NA,NA,NA
A6,GND,NA,NA,NA,NA,NA
A12,GND,NA,NA,NA,NA,NA
A22,GND,NA,NA,NA,NA,NA
A32,GND,NA,NA,NA,NA,NA
A41,GND,NA,NA,NA,NA,NA
A43,GND,NA,NA,NA,NA,NA
A44,GND,NA,NA,NA,NA,NA
B39,GND,NA,NA,NA,NA,NA
B41,GND,NA,NA,NA,NA,NA
B6,GND,NA,NA,NA,NA,NA
BA2,GND,NA,NA,NA,NA,NA
BA28,GND,NA,NA,NA,NA,NA
B29,GND,NA,NA,NA,NA,NA
B4,GND,NA,NA,NA,NA,NA
B45,GND,NA,NA,NA,NA,NA
B9,GND,NA,NA,NA,NA,NA
BA1,GND,NA,NA,NA,NA,NA
BA18,GND,NA,NA,NA,NA,NA
C41,GND,NA,NA,NA,NA,NA
C44,GND,NA,NA,NA,NA,NA
C6,GND,NA,NA,NA,NA,NA
D45,GND,NA,NA,NA,NA,NA
C42,GND,NA,NA,NA,NA,NA
C46,GND,NA,NA,NA,NA,NA
D13,GND,NA,NA,NA,NA,NA
D23,GND,NA,NA,NA,NA,NA
D3,GND,NA,NA,NA,NA,NA
D33,GND,NA,NA,NA,NA,NA
D41,GND,NA,NA,NA,NA,NA
D44,GND,NA,NA,NA,NA,NA
D6,GND,NA,NA,NA,NA,NA
E30,GND,NA,NA,NA,NA,NA
E40,GND,NA,NA,NA,NA,NA
D46,GND,NA,NA,NA,NA,NA
D5,GND,NA,NA,NA,NA,NA
E1,GND,NA,NA,NA,NA,NA
E10,GND,NA,NA,NA,NA,NA
E2,GND,NA,NA,NA,NA,NA
E20,GND,NA,NA,NA,NA,NA
E3,GND,NA,NA,NA,NA,NA
E41,GND,NA,NA,NA,NA,NA
E44,GND,NA,NA,NA,NA,NA
E7,GND,NA,NA,NA,NA,NA
F4,GND,NA,NA,NA,NA,NA
F41,GND,NA,NA,NA,NA,NA
F44,GND,NA,NA,NA,NA,NA
E43,GND,NA,NA,NA,NA,NA
E6,GND,NA,NA,NA,NA,NA
E8,GND,NA,NA,NA,NA,NA
F17,GND,NA,NA,NA,NA,NA
F27,GND,NA,NA,NA,NA,NA
F3,GND,NA,NA,NA,NA,NA
F37,GND,NA,NA,NA,NA,NA
F8,GND,NA,NA,NA,NA,NA
G14,GND,NA,NA,NA,NA,NA
G41,GND,NA,NA,NA,NA,NA
F45,GND,NA,NA,NA,NA,NA
F46,GND,NA,NA,NA,NA,NA
G1,GND,NA,NA,NA,NA,NA
G2,GND,NA,NA,NA,NA,NA
G24,GND,NA,NA,NA,NA,NA
G3,GND,NA,NA,NA,NA,NA
G34,GND,NA,NA,NA,NA,NA
G42,GND,NA,NA,NA,NA,NA
G6,GND,NA,NA,NA,NA,NA
H10,GND,NA,NA,NA,NA,NA
H41,GND,NA,NA,NA,NA,NA
H44,GND,NA,NA,NA,NA,NA
G44,GND,NA,NA,NA,NA,NA
G8,GND,NA,NA,NA,NA,NA
H11,GND,NA,NA,NA,NA,NA
H21,GND,NA,NA,NA,NA,NA
H3,GND,NA,NA,NA,NA,NA
H31,GND,NA,NA,NA,NA,NA
H8,GND,NA,NA,NA,NA,NA
J28,GND,NA,NA,NA,NA,NA
J3,GND,NA,NA,NA,NA,NA
J38,GND,NA,NA,NA,NA,NA
H45,GND,NA,NA,NA,NA,NA
H46,GND,NA,NA,NA,NA,NA
H5,GND,NA,NA,NA,NA,NA
H9,GND,NA,NA,NA,NA,NA
J1,GND,NA,NA,NA,NA,NA
J10,GND,NA,NA,NA,NA,NA
J18,GND,NA,NA,NA,NA,NA
J2,GND,NA,NA,NA,NA,NA
J41,GND,NA,NA,NA,NA,NA
J7,GND,NA,NA,NA,NA,NA
K15,GND,NA,NA,NA,NA,NA
K4,GND,NA,NA,NA,NA,NA
J43,GND,NA,NA,NA,NA,NA
J44,GND,NA,NA,NA,NA,NA
K10,GND,NA,NA,NA,NA,NA
K25,GND,NA,NA,NA,NA,NA
K3,GND,NA,NA,NA,NA,NA
K35,GND,NA,NA,NA,NA,NA
K39,GND,NA,NA,NA,NA,NA
K45,GND,NA,NA,NA,NA,NA
L1,GND,NA,NA,NA,NA,NA
L32,GND,NA,NA,NA,NA,NA
K40,GND,NA,NA,NA,NA,NA
K41,GND,NA,NA,NA,NA,NA
K44,GND,NA,NA,NA,NA,NA
K46,GND,NA,NA,NA,NA,NA
K8,GND,NA,NA,NA,NA,NA
L10,GND,NA,NA,NA,NA,NA
L12,GND,NA,NA,NA,NA,NA
L2,GND,NA,NA,NA,NA,NA
L22,GND,NA,NA,NA,NA,NA
L3,GND,NA,NA,NA,NA,NA
L39,GND,NA,NA,NA,NA,NA
L6,GND,NA,NA,NA,NA,NA
M19,GND,NA,NA,NA,NA,NA
M41,GND,NA,NA,NA,NA,NA
L42,GND,NA,NA,NA,NA,NA
L44,GND,NA,NA,NA,NA,NA
M10,GND,NA,NA,NA,NA,NA
M29,GND,NA,NA,NA,NA,NA
M3,GND,NA,NA,NA,NA,NA
M39,GND,NA,NA,NA,NA,NA
M40,GND,NA,NA,NA,NA,NA
M5,GND,NA,NA,NA,NA,NA
N3,GND,NA,NA,NA,NA,NA
N36,GND,NA,NA,NA,NA,NA
M44,GND,NA,NA,NA,NA,NA
M45,GND,NA,NA,NA,NA,NA
M46,GND,NA,NA,NA,NA,NA
M9,GND,NA,NA,NA,NA,NA
N1,GND,NA,NA,NA,NA,NA
N10,GND,NA,NA,NA,NA,NA
N16,GND,NA,NA,NA,NA,NA
N2,GND,NA,NA,NA,NA,NA
N26,GND,NA,NA,NA,NA,NA
N39,GND,NA,NA,NA,NA,NA
N44,GND,NA,NA,NA,NA,NA
P10,GND,NA,NA,NA,NA,NA
P3,GND,NA,NA,NA,NA,NA
P4,GND,NA,NA,NA,NA,NA
N4,GND,NA,NA,NA,NA,NA
N43,GND,NA,NA,NA,NA,NA
N7,GND,NA,NA,NA,NA,NA
P13,GND,NA,NA,NA,NA,NA
P23,GND,NA,NA,NA,NA,NA
P33,GND,NA,NA,NA,NA,NA
P39,GND,NA,NA,NA,NA,NA
P46,GND,NA,NA,NA,NA,NA
R1,GND,NA,NA,NA,NA,NA
R37,GND,NA,NA,NA,NA,NA
R38,GND,NA,NA,NA,NA,NA
R39,GND,NA,NA,NA,NA,NA
P41,GND,NA,NA,NA,NA,NA
P44,GND,NA,NA,NA,NA,NA
P45,GND,NA,NA,NA,NA,NA
P5,GND,NA,NA,NA,NA,NA
P8,GND,NA,NA,NA,NA,NA
R10,GND,NA,NA,NA,NA,NA
R2,GND,NA,NA,NA,NA,NA
R20,GND,NA,NA,NA,NA,NA
R30,GND,NA,NA,NA,NA,NA
R42,GND,NA,NA,NA,NA,NA
R5,GND,NA,NA,NA,NA,NA
T40,GND,NA,NA,NA,NA,NA
T44,GND,NA,NA,NA,NA,NA
R44,GND,NA,NA,NA,NA,NA
R6,GND,NA,NA,NA,NA,NA
T10,GND,NA,NA,NA,NA,NA
T17,GND,NA,NA,NA,NA,NA
T27,GND,NA,NA,NA,NA,NA
T3,GND,NA,NA,NA,NA,NA
T37,GND,NA,NA,NA,NA,NA
T4,GND,NA,NA,NA,NA,NA
T9,GND,NA,NA,NA,NA,NA
U14,GND,NA,NA,NA,NA,NA
U24,GND,NA,NA,NA,NA,NA
U26,GND,NA,NA,NA,NA,NA
T45,GND,NA,NA,NA,NA,NA
T46,GND,NA,NA,NA,NA,NA
T5,GND,NA,NA,NA,NA,NA
U1,GND,NA,NA,NA,NA,NA
U18,GND,NA,NA,NA,NA,NA
U2,GND,NA,NA,NA,NA,NA
U20,GND,NA,NA,NA,NA,NA
U22,GND,NA,NA,NA,NA,NA
U28,GND,NA,NA,NA,NA,NA
U37,GND,NA,NA,NA,NA,NA
V25,GND,NA,NA,NA,NA,NA
V27,GND,NA,NA,NA,NA,NA
U34,GND,NA,NA,NA,NA,NA
U36,GND,NA,NA,NA,NA,NA
U39,GND,NA,NA,NA,NA,NA
U43,GND,NA,NA,NA,NA,NA
U44,GND,NA,NA,NA,NA,NA
U5,GND,NA,NA,NA,NA,NA
U7,GND,NA,NA,NA,NA,NA
V10,GND,NA,NA,NA,NA,NA
V11,GND,NA,NA,NA,NA,NA
V17,GND,NA,NA,NA,NA,NA
V19,GND,NA,NA,NA,NA,NA
V21,GND,NA,NA,NA,NA,NA
V23,GND,NA,NA,NA,NA,NA
V45,GND,NA,NA,NA,NA,NA
W1,GND,NA,NA,NA,NA,NA
W24,GND,NA,NA,NA,NA,NA
W26,GND,NA,NA,NA,NA,NA
V29,GND,NA,NA,NA,NA,NA
V3,GND,NA,NA,NA,NA,NA
V31,GND,NA,NA,NA,NA,NA
V35,GND,NA,NA,NA,NA,NA
V36,GND,NA,NA,NA,NA,NA
V4,GND,NA,NA,NA,NA,NA
V41,GND,NA,NA,NA,NA,NA
V42,GND,NA,NA,NA,NA,NA
V44,GND,NA,NA,NA,NA,NA
V46,GND,NA,NA,NA,NA,NA
V5,GND,NA,NA,NA,NA,NA
V8,GND,NA,NA,NA,NA,NA
W16,GND,NA,NA,NA,NA,NA
W18,GND,NA,NA,NA,NA,NA
W2,GND,NA,NA,NA,NA,NA
W20,GND,NA,NA,NA,NA,NA
W22,GND,NA,NA,NA,NA,NA
W28,GND,NA,NA,NA,NA,NA
W37,GND,NA,NA,NA,NA,NA
Y25,GND,NA,NA,NA,NA,NA
Y27,GND,NA,NA,NA,NA,NA
W30,GND,NA,NA,NA,NA,NA
W35,GND,NA,NA,NA,NA,NA
W38,GND,NA,NA,NA,NA,NA
W42,GND,NA,NA,NA,NA,NA
W43,GND,NA,NA,NA,NA,NA
W44,GND,NA,NA,NA,NA,NA
W5,GND,NA,NA,NA,NA,NA
W6,GND,NA,NA,NA,NA,NA
Y10,GND,NA,NA,NA,NA,NA
Y15,GND,NA,NA,NA,NA,NA
Y17,GND,NA,NA,NA,NA,NA
Y19,GND,NA,NA,NA,NA,NA
Y21,GND,NA,NA,NA,NA,NA
Y23,GND,NA,NA,NA,NA,NA
Y5,GND,NA,NA,NA,NA,NA
Y29,GND,NA,NA,NA,NA,NA
Y3,GND,NA,NA,NA,NA,NA
Y35,GND,NA,NA,NA,NA,NA
Y36,GND,NA,NA,NA,NA,NA
Y4,GND,NA,NA,NA,NA,NA
Y40,GND,NA,NA,NA,NA,NA
Y42,GND,NA,NA,NA,NA,NA
Y45,GND,NA,NA,NA,NA,NA
Y46,GND,NA,NA,NA,NA,NA
Y9,GND,NA,NA,NA,NA,NA
AA1,GND,NA,NA,NA,NA,NA
AA2,GND,NA,NA,NA,NA,NA
AA5,GND,NA,NA,NA,NA,NA
AA7,GND,NA,NA,NA,NA,NA
AA11,GND,NA,NA,NA,NA,NA
AA16,GND,NA,NA,NA,NA,NA
AA18,GND,NA,NA,NA,NA,NA
AA20,GND,NA,NA,NA,NA,NA
AA22,GND,NA,NA,NA,NA,NA
AA24,GND,NA,NA,NA,NA,NA
AA26,GND,NA,NA,NA,NA,NA
AA28,GND,NA,NA,NA,NA,NA
AA30,GND,NA,NA,NA,NA,NA
AA32,GND,NA,NA,NA,NA,NA
AA34,GND,NA,NA,NA,NA,NA
AA35,GND,NA,NA,NA,NA,NA
AA37,GND,NA,NA,NA,NA,NA
AA39,GND,NA,NA,NA,NA,NA
AA42,GND,NA,NA,NA,NA,NA
AA43,GND,NA,NA,NA,NA,NA
AA44,GND,NA,NA,NA,NA,NA
AB3,GND,NA,NA,NA,NA,NA
AB4,GND,NA,NA,NA,NA,NA
AB5,GND,NA,NA,NA,NA,NA
AB8,GND,NA,NA,NA,NA,NA
AB10,GND,NA,NA,NA,NA,NA
AB15,GND,NA,NA,NA,NA,NA
AB19,GND,NA,NA,NA,NA,NA
AB21,GND,NA,NA,NA,NA,NA
AB23,GND,NA,NA,NA,NA,NA
AB25,GND,NA,NA,NA,NA,NA
AB27,GND,NA,NA,NA,NA,NA
AB29,GND,NA,NA,NA,NA,NA
AB31,GND,NA,NA,NA,NA,NA
AB33,GND,NA,NA,NA,NA,NA
AB35,GND,NA,NA,NA,NA,NA
AB36,GND,NA,NA,NA,NA,NA
AB41,GND,NA,NA,NA,NA,NA
AB42,GND,NA,NA,NA,NA,NA
AB45,GND,NA,NA,NA,NA,NA
AB46,GND,NA,NA,NA,NA,NA
AC1,GND,NA,NA,NA,NA,NA
AC2,GND,NA,NA,NA,NA,NA
AC5,GND,NA,NA,NA,NA,NA
AC6,GND,NA,NA,NA,NA,NA
AC11,GND,NA,NA,NA,NA,NA
AC14,GND,NA,NA,NA,NA,NA
AC16,GND,NA,NA,NA,NA,NA
AC20,GND,NA,NA,NA,NA,NA
AC22,GND,NA,NA,NA,NA,NA
AC24,GND,NA,NA,NA,NA,NA
AC26,GND,NA,NA,NA,NA,NA
AC28,GND,NA,NA,NA,NA,NA
AC30,GND,NA,NA,NA,NA,NA
AC32,GND,NA,NA,NA,NA,NA
AC34,GND,NA,NA,NA,NA,NA
AC35,GND,NA,NA,NA,NA,NA
AC37,GND,NA,NA,NA,NA,NA
AC38,GND,NA,NA,NA,NA,NA
AC42,GND,NA,NA,NA,NA,NA
AC43,GND,NA,NA,NA,NA,NA
AC44,GND,NA,NA,NA,NA,NA
AD3,GND,NA,NA,NA,NA,NA
AD4,GND,NA,NA,NA,NA,NA
AD5,GND,NA,NA,NA,NA,NA
AD9,GND,NA,NA,NA,NA,NA
AD10,GND,NA,NA,NA,NA,NA
AD19,GND,NA,NA,NA,NA,NA
AD21,GND,NA,NA,NA,NA,NA
AD23,GND,NA,NA,NA,NA,NA
AD25,GND,NA,NA,NA,NA,NA
AD27,GND,NA,NA,NA,NA,NA
AD29,GND,NA,NA,NA,NA,NA
AD31,GND,NA,NA,NA,NA,NA
AD33,GND,NA,NA,NA,NA,NA
AD35,GND,NA,NA,NA,NA,NA
AD36,GND,NA,NA,NA,NA,NA
AD40,GND,NA,NA,NA,NA,NA
AD42,GND,NA,NA,NA,NA,NA
AD45,GND,NA,NA,NA,NA,NA
AD46,GND,NA,NA,NA,NA,NA
AE1,GND,NA,NA,NA,NA,NA
AE2,GND,NA,NA,NA,NA,NA
AE5,GND,NA,NA,NA,NA,NA
AE7,GND,NA,NA,NA,NA,NA
AE11,GND,NA,NA,NA,NA,NA
AE14,GND,NA,NA,NA,NA,NA
AE16,GND,NA,NA,NA,NA,NA
AE20,GND,NA,NA,NA,NA,NA
AE22,GND,NA,NA,NA,NA,NA
AE24,GND,NA,NA,NA,NA,NA
AE26,GND,NA,NA,NA,NA,NA
AE28,GND,NA,NA,NA,NA,NA
AE30,GND,NA,NA,NA,NA,NA
AE32,GND,NA,NA,NA,NA,NA
AE34,GND,NA,NA,NA,NA,NA
AE35,GND,NA,NA,NA,NA,NA
AE37,GND,NA,NA,NA,NA,NA
AE39,GND,NA,NA,NA,NA,NA
AE42,GND,NA,NA,NA,NA,NA
AE43,GND,NA,NA,NA,NA,NA
AE44,GND,NA,NA,NA,NA,NA
AF3,GND,NA,NA,NA,NA,NA
AF4,GND,NA,NA,NA,NA,NA
AF5,GND,NA,NA,NA,NA,NA
AF8,GND,NA,NA,NA,NA,NA
AG1,GND,NA,NA,NA,NA,NA
AF10,GND,NA,NA,NA,NA,NA
AF12,GND,NA,NA,NA,NA,NA
AF17,GND,NA,NA,NA,NA,NA
AF19,GND,NA,NA,NA,NA,NA
AF21,GND,NA,NA,NA,NA,NA
AF23,GND,NA,NA,NA,NA,NA
AF25,GND,NA,NA,NA,NA,NA
AF27,GND,NA,NA,NA,NA,NA
AF29,GND,NA,NA,NA,NA,NA
AF31,GND,NA,NA,NA,NA,NA
AF33,GND,NA,NA,NA,NA,NA
AF35,GND,NA,NA,NA,NA,NA
AF36,GND,NA,NA,NA,NA,NA
AF41,GND,NA,NA,NA,NA,NA
AF42,GND,NA,NA,NA,NA,NA
AF45,GND,NA,NA,NA,NA,NA
AF46,GND,NA,NA,NA,NA,NA
AG11,GND,NA,NA,NA,NA,NA
AG20,GND,NA,NA,NA,NA,NA
AH10,GND,NA,NA,NA,NA,NA
AH13,GND,NA,NA,NA,NA,NA
AG14,GND,NA,NA,NA,NA,NA
AG16,GND,NA,NA,NA,NA,NA
AG18,GND,NA,NA,NA,NA,NA
AG2,GND,NA,NA,NA,NA,NA
AG22,GND,NA,NA,NA,NA,NA
AG24,GND,NA,NA,NA,NA,NA
AG26,GND,NA,NA,NA,NA,NA
AG28,GND,NA,NA,NA,NA,NA
AG30,GND,NA,NA,NA,NA,NA
AG36,GND,NA,NA,NA,NA,NA
AG38,GND,NA,NA,NA,NA,NA
AG42,GND,NA,NA,NA,NA,NA
AG43,GND,NA,NA,NA,NA,NA
AG44,GND,NA,NA,NA,NA,NA
AG5,GND,NA,NA,NA,NA,NA
AG6,GND,NA,NA,NA,NA,NA
AH37,GND,NA,NA,NA,NA,NA
AH42,GND,NA,NA,NA,NA,NA
AJ1,GND,NA,NA,NA,NA,NA
AJ14,GND,NA,NA,NA,NA,NA
AH15,GND,NA,NA,NA,NA,NA
AH17,GND,NA,NA,NA,NA,NA
AH19,GND,NA,NA,NA,NA,NA
AH21,GND,NA,NA,NA,NA,NA
AH23,GND,NA,NA,NA,NA,NA
AH25,GND,NA,NA,NA,NA,NA
AH27,GND,NA,NA,NA,NA,NA
AH29,GND,NA,NA,NA,NA,NA
AH3,GND,NA,NA,NA,NA,NA
AH36,GND,NA,NA,NA,NA,NA
AH4,GND,NA,NA,NA,NA,NA
AH40,GND,NA,NA,NA,NA,NA
AH44,GND,NA,NA,NA,NA,NA
AH45,GND,NA,NA,NA,NA,NA
AH46,GND,NA,NA,NA,NA,NA
AH5,GND,NA,NA,NA,NA,NA
AH9,GND,NA,NA,NA,NA,NA
AJ16,GND,NA,NA,NA,NA,NA
AJ22,GND,NA,NA,NA,NA,NA
AK10,GND,NA,NA,NA,NA,NA
AK11,GND,NA,NA,NA,NA,NA
AJ18,GND,NA,NA,NA,NA,NA
AJ2,GND,NA,NA,NA,NA,NA
AJ20,GND,NA,NA,NA,NA,NA
AJ24,GND,NA,NA,NA,NA,NA
AJ26,GND,NA,NA,NA,NA,NA
AJ28,GND,NA,NA,NA,NA,NA
AJ34,GND,NA,NA,NA,NA,NA
AJ37,GND,NA,NA,NA,NA,NA
AJ39,GND,NA,NA,NA,NA,NA
AJ43,GND,NA,NA,NA,NA,NA
AJ44,GND,NA,NA,NA,NA,NA
AJ5,GND,NA,NA,NA,NA,NA
AJ7,GND,NA,NA,NA,NA,NA
AK37,GND,NA,NA,NA,NA,NA
AK44,GND,NA,NA,NA,NA,NA
AL1,GND,NA,NA,NA,NA,NA
AL18,GND,NA,NA,NA,NA,NA
AK17,GND,NA,NA,NA,NA,NA
AK19,GND,NA,NA,NA,NA,NA
AK21,GND,NA,NA,NA,NA,NA
AK23,GND,NA,NA,NA,NA,NA
AK25,GND,NA,NA,NA,NA,NA
AK27,GND,NA,NA,NA,NA,NA
AK3,GND,NA,NA,NA,NA,NA
AK31,GND,NA,NA,NA,NA,NA
AK4,GND,NA,NA,NA,NA,NA
AK41,GND,NA,NA,NA,NA,NA
AK45,GND,NA,NA,NA,NA,NA
AK46,GND,NA,NA,NA,NA,NA
AK5,GND,NA,NA,NA,NA,NA
AK8,GND,NA,NA,NA,NA,NA
AL2,GND,NA,NA,NA,NA,NA
AL3,GND,NA,NA,NA,NA,NA
AL38,GND,NA,NA,NA,NA,NA
AM10,GND,NA,NA,NA,NA,NA
AM15,GND,NA,NA,NA,NA,NA
AL28,GND,NA,NA,NA,NA,NA
AL37,GND,NA,NA,NA,NA,NA
AL42,GND,NA,NA,NA,NA,NA
AL44,GND,NA,NA,NA,NA,NA
AL5,GND,NA,NA,NA,NA,NA
AL6,GND,NA,NA,NA,NA,NA
AM37,GND,NA,NA,NA,NA,NA
AM44,GND,NA,NA,NA,NA,NA
AN12,GND,NA,NA,NA,NA,NA
AM25,GND,NA,NA,NA,NA,NA
AM3,GND,NA,NA,NA,NA,NA
AM35,GND,NA,NA,NA,NA,NA
AM4,GND,NA,NA,NA,NA,NA
AM40,GND,NA,NA,NA,NA,NA
AM45,GND,NA,NA,NA,NA,NA
AM46,GND,NA,NA,NA,NA,NA
AM9,GND,NA,NA,NA,NA,NA
AN1,GND,NA,NA,NA,NA,NA
AN2,GND,NA,NA,NA,NA,NA
AN3,GND,NA,NA,NA,NA,NA
AN37,GND,NA,NA,NA,NA,NA
AP19,GND,NA,NA,NA,NA,NA
AN22,GND,NA,NA,NA,NA,NA
AN32,GND,NA,NA,NA,NA,NA
AN38,GND,NA,NA,NA,NA,NA
AN39,GND,NA,NA,NA,NA,NA
AN43,GND,NA,NA,NA,NA,NA
AN44,GND,NA,NA,NA,NA,NA
AN7,GND,NA,NA,NA,NA,NA
AP10,GND,NA,NA,NA,NA,NA
AP41,GND,NA,NA,NA,NA,NA
AR1,GND,NA,NA,NA,NA,NA
AR11,GND,NA,NA,NA,NA,NA
AP29,GND,NA,NA,NA,NA,NA
AP3,GND,NA,NA,NA,NA,NA
AP39,GND,NA,NA,NA,NA,NA
AP44,GND,NA,NA,NA,NA,NA
AP45,GND,NA,NA,NA,NA,NA
AP46,GND,NA,NA,NA,NA,NA
AP5,GND,NA,NA,NA,NA,NA
AP8,GND,NA,NA,NA,NA,NA
AR16,GND,NA,NA,NA,NA,NA
AR3,GND,NA,NA,NA,NA,NA
AR39,GND,NA,NA,NA,NA,NA
AT13,GND,NA,NA,NA,NA,NA
AR2,GND,NA,NA,NA,NA,NA
AR26,GND,NA,NA,NA,NA,NA
AR36,GND,NA,NA,NA,NA,NA
AR40,GND,NA,NA,NA,NA,NA
AR41,GND,NA,NA,NA,NA,NA
AR42,GND,NA,NA,NA,NA,NA
AR44,GND,NA,NA,NA,NA,NA
AR6,GND,NA,NA,NA,NA,NA
AT10,GND,NA,NA,NA,NA,NA
AT4,GND,NA,NA,NA,NA,NA
AT44,GND,NA,NA,NA,NA,NA
AU10,GND,NA,NA,NA,NA,NA
AT23,GND,NA,NA,NA,NA,NA
AT3,GND,NA,NA,NA,NA,NA
AT33,GND,NA,NA,NA,NA,NA
AT41,GND,NA,NA,NA,NA,NA
AT45,GND,NA,NA,NA,NA,NA
AT46,GND,NA,NA,NA,NA,NA
AT9,GND,NA,NA,NA,NA,NA
AU1,GND,NA,NA,NA,NA,NA
AU2,GND,NA,NA,NA,NA,NA
AU3,GND,NA,NA,NA,NA,NA
AU41,GND,NA,NA,NA,NA,NA
AU9,GND,NA,NA,NA,NA,NA
AV17,GND,NA,NA,NA,NA,NA
AV27,GND,NA,NA,NA,NA,NA
AU20,GND,NA,NA,NA,NA,NA
AU30,GND,NA,NA,NA,NA,NA
AU43,GND,NA,NA,NA,NA,NA
AU44,GND,NA,NA,NA,NA,NA
AU7,GND,NA,NA,NA,NA,NA
AU8,GND,NA,NA,NA,NA,NA
AV41,GND,NA,NA,NA,NA,NA
AV7,GND,NA,NA,NA,NA,NA
AW1,GND,NA,NA,NA,NA,NA
AW14,GND,NA,NA,NA,NA,NA
AV3,GND,NA,NA,NA,NA,NA
AV37,GND,NA,NA,NA,NA,NA
AV44,GND,NA,NA,NA,NA,NA
AV45,GND,NA,NA,NA,NA,NA
AV46,GND,NA,NA,NA,NA,NA
AV5,GND,NA,NA,NA,NA,NA
AV6,GND,NA,NA,NA,NA,NA
AW2,GND,NA,NA,NA,NA,NA
AW3,GND,NA,NA,NA,NA,NA
AW41,GND,NA,NA,NA,NA,NA
AY21,GND,NA,NA,NA,NA,NA
AW24,GND,NA,NA,NA,NA,NA
AW34,GND,NA,NA,NA,NA,NA
AW42,GND,NA,NA,NA,NA,NA
AW44,GND,NA,NA,NA,NA,NA
AW6,GND,NA,NA,NA,NA,NA
AY11,GND,NA,NA,NA,NA,NA
AY4,GND,NA,NA,NA,NA,NA
AY44,GND,NA,NA,NA,NA,NA
B2,GND,NA,NA,NA,NA,NA
AY3,GND,NA,NA,NA,NA,NA
AY31,GND,NA,NA,NA,NA,NA
AY41,GND,NA,NA,NA,NA,NA
AY45,GND,NA,NA,NA,NA,NA
AY46,GND,NA,NA,NA,NA,NA
AY6,GND,NA,NA,NA,NA,NA
B19,GND,NA,NA,NA,NA,NA
BA3,GND,NA,NA,NA,NA,NA
BA41,GND,NA,NA,NA,NA,NA
BA44,GND,NA,NA,NA,NA,NA
BB3,GND,NA,NA,NA,NA,NA
BB35,GND,NA,NA,NA,NA,NA
BA38,GND,NA,NA,NA,NA,NA
BA43,GND,NA,NA,NA,NA,NA
BA6,GND,NA,NA,NA,NA,NA
BA8,GND,NA,NA,NA,NA,NA
BB15,GND,NA,NA,NA,NA,NA
BB25,GND,NA,NA,NA,NA,NA
BB45,GND,NA,NA,NA,NA,NA
BC2,GND,NA,NA,NA,NA,NA
BC22,GND,NA,NA,NA,NA,NA
BB41,GND,NA,NA,NA,NA,NA
BB44,GND,NA,NA,NA,NA,NA
BB46,GND,NA,NA,NA,NA,NA
BB5,GND,NA,NA,NA,NA,NA
BB6,GND,NA,NA,NA,NA,NA
BC1,GND,NA,NA,NA,NA,NA
BC12,GND,NA,NA,NA,NA,NA
BC3,GND,NA,NA,NA,NA,NA
BC41,GND,NA,NA,NA,NA,NA
BC44,GND,NA,NA,NA,NA,NA
BD39,GND,NA,NA,NA,NA,NA
BC32,GND,NA,NA,NA,NA,NA
BC42,GND,NA,NA,NA,NA,NA
BC6,GND,NA,NA,NA,NA,NA
BD1,GND,NA,NA,NA,NA,NA
BD19,GND,NA,NA,NA,NA,NA
BD29,GND,NA,NA,NA,NA,NA
BD4,GND,NA,NA,NA,NA,NA
BD46,GND,NA,NA,NA,NA,NA
BE26,GND,NA,NA,NA,NA,NA
BE36,GND,NA,NA,NA,NA,NA
BD41,GND,NA,NA,NA,NA,NA
BD44,GND,NA,NA,NA,NA,NA
BD45,GND,NA,NA,NA,NA,NA
BD6,GND,NA,NA,NA,NA,NA
BD9,GND,NA,NA,NA,NA,NA
BE16,GND,NA,NA,NA,NA,NA
BE2,GND,NA,NA,NA,NA,NA
BE43,GND,NA,NA,NA,NA,NA
BE6,GND,NA,NA,NA,NA,NA
BF44,GND,NA,NA,NA,NA,NA
BE41,GND,NA,NA,NA,NA,NA
BE45,GND,NA,NA,NA,NA,NA
BF13,GND,NA,NA,NA,NA,NA
BF23,GND,NA,NA,NA,NA,NA
BF3,GND,NA,NA,NA,NA,NA
BF33,GND,NA,NA,NA,NA,NA
BF41,GND,NA,NA,NA,NA,NA
C1,GND,NA,NA,NA,NA,NA
C3,GND,NA,NA,NA,NA,NA
C36,GND,NA,NA,NA,NA,NA
BF5,GND,NA,NA,NA,NA,NA
BF6,GND,NA,NA,NA,NA,NA
C16,GND,NA,NA,NA,NA,NA
C2,GND,NA,NA,NA,NA,NA
C26,GND,NA,NA,NA,NA,NA
AA36,MGTAVCC_LN,NA,NA,NA,NA,NA
AC39,MGTAVCC_LN,NA,NA,NA,NA,NA
P40,MGTAVCC_LN,NA,NA,NA,NA,NA
U38,MGTAVCC_LN,NA,NA,NA,NA,NA
V37,MGTAVCC_LN,NA,NA,NA,NA,NA
W36,MGTAVCC_LN,NA,NA,NA,NA,NA
Y37,MGTAVCC_LN,NA,NA,NA,NA,NA
AB37,MGTAVCC_LN,NA,NA,NA,NA,NA
AC36,MGTAVCC_LS,NA,NA,NA,NA,NA
AD37,MGTAVCC_LS,NA,NA,NA,NA,NA
AE36,MGTAVCC_LS,NA,NA,NA,NA,NA
AF37,MGTAVCC_LS,NA,NA,NA,NA,NA
AG37,MGTAVCC_LS,NA,NA,NA,NA,NA
AJ38,MGTAVCC_LS,NA,NA,NA,NA,NA
AL39,MGTAVCC_LS,NA,NA,NA,NA,NA
AP40,MGTAVCC_LS,NA,NA,NA,NA,NA
AA10,MGTAVCC_RN,NA,NA,NA,NA,NA
AB9,MGTAVCC_RN,NA,NA,NA,NA,NA
AC10,MGTAVCC_RN,NA,NA,NA,NA,NA
AD11,MGTAVCC_RN,NA,NA,NA,NA,NA
K9,MGTAVCC_RN,NA,NA,NA,NA,NA
M8,MGTAVCC_RN,NA,NA,NA,NA,NA
P9,MGTAVCC_RN,NA,NA,NA,NA,NA
W10,MGTAVCC_RN,NA,NA,NA,NA,NA
Y8,MGTAVCC_RN,NA,NA,NA,NA,NA
AE10,MGTAVCC_RS,NA,NA,NA,NA,NA
AF11,MGTAVCC_RS,NA,NA,NA,NA,NA
AG10,MGTAVCC_RS,NA,NA,NA,NA,NA
AH8,MGTAVCC_RS,NA,NA,NA,NA,NA
AJ10,MGTAVCC_RS,NA,NA,NA,NA,NA
AK9,MGTAVCC_RS,NA,NA,NA,NA,NA
AL10,MGTAVCC_RS,NA,NA,NA,NA,NA
AM8,MGTAVCC_RS,NA,NA,NA,NA,NA
AN10,MGTAVCC_RS,NA,NA,NA,NA,NA
AP9,MGTAVCC_RS,NA,NA,NA,NA,NA
AR10,MGTAVCC_RS,NA,NA,NA,NA,NA
AT8,MGTAVCC_RS,NA,NA,NA,NA,NA
B44,MGTAVTT_LN,NA,NA,NA,NA,NA
C43,MGTAVTT_LN,NA,NA,NA,NA,NA
C45,MGTAVTT_LN,NA,NA,NA,NA,NA
E42,MGTAVTT_LN,NA,NA,NA,NA,NA
G43,MGTAVTT_LN,NA,NA,NA,NA,NA
J42,MGTAVTT_LN,NA,NA,NA,NA,NA
L43,MGTAVTT_LN,NA,NA,NA,NA,NA
N42,MGTAVTT_LN,NA,NA,NA,NA,NA
R43,MGTAVTT_LN,NA,NA,NA,NA,NA
T41,MGTAVTT_LN,NA,NA,NA,NA,NA
U42,MGTAVTT_LN,NA,NA,NA,NA,NA
V40,MGTAVTT_LN,NA,NA,NA,NA,NA
A42,MGTAVTT_LN,NA,NA,NA,NA,NA
AB40,MGTAVTT_LN,NA,NA,NA,NA,NA
V43,MGTAVTT_LN,NA,NA,NA,NA,NA
Y41,MGTAVTT_LN,NA,NA,NA,NA,NA
AD41,MGTAVTT_LS,NA,NA,NA,NA,NA
AF40,MGTAVTT_LS,NA,NA,NA,NA,NA
AH41,MGTAVTT_LS,NA,NA,NA,NA,NA
AH43,MGTAVTT_LS,NA,NA,NA,NA,NA
AJ42,MGTAVTT_LS,NA,NA,NA,NA,NA
AK40,MGTAVTT_LS,NA,NA,NA,NA,NA
AL43,MGTAVTT_LS,NA,NA,NA,NA,NA
AM41,MGTAVTT_LS,NA,NA,NA,NA,NA
AN42,MGTAVTT_LS,NA,NA,NA,NA,NA
AR43,MGTAVTT_LS,NA,NA,NA,NA,NA
AU42,MGTAVTT_LS,NA,NA,NA,NA,NA
AW43,MGTAVTT_LS,NA,NA,NA,NA,NA
BA42,MGTAVTT_LS,NA,NA,NA,NA,NA
BC43,MGTAVTT_LS,NA,NA,NA,NA,NA
BE42,MGTAVTT_LS,NA,NA,NA,NA,NA
BE44,MGTAVTT_LS,NA,NA,NA,NA,NA
B5,MGTAVTT_RN,NA,NA,NA,NA,NA
D4,MGTAVTT_RN,NA,NA,NA,NA,NA
F5,MGTAVTT_RN,NA,NA,NA,NA,NA
G7,MGTAVTT_RN,NA,NA,NA,NA,NA
H4,MGTAVTT_RN,NA,NA,NA,NA,NA
J6,MGTAVTT_RN,NA,NA,NA,NA,NA
K5,MGTAVTT_RN,NA,NA,NA,NA,NA
L7,MGTAVTT_RN,NA,NA,NA,NA,NA
M4,MGTAVTT_RN,NA,NA,NA,NA,NA
B3,MGTAVTT_RN,NA,NA,NA,NA,NA
N5,MGTAVTT_RN,NA,NA,NA,NA,NA
N6,MGTAVTT_RN,NA,NA,NA,NA,NA
R7,MGTAVTT_RN,NA,NA,NA,NA,NA
U6,MGTAVTT_RN,NA,NA,NA,NA,NA
W7,MGTAVTT_RN,NA,NA,NA,NA,NA
AT5,MGTAVTT_RS,NA,NA,NA,NA,NA
AU6,MGTAVTT_RS,NA,NA,NA,NA,NA
AV4,MGTAVTT_RS,NA,NA,NA,NA,NA
AY5,MGTAVTT_RS,NA,NA,NA,NA,NA
BB4,MGTAVTT_RS,NA,NA,NA,NA,NA
BD5,MGTAVTT_RS,NA,NA,NA,NA,NA
BE3,MGTAVTT_RS,NA,NA,NA,NA,NA
BF4,MGTAVTT_RS,NA,NA,NA,NA,NA
AA6,MGTAVTT_RS,NA,NA,NA,NA,NA
AC7,MGTAVTT_RS,NA,NA,NA,NA,NA
AE6,MGTAVTT_RS,NA,NA,NA,NA,NA
AG7,MGTAVTT_RS,NA,NA,NA,NA,NA
AJ6,MGTAVTT_RS,NA,NA,NA,NA,NA
AL4,MGTAVTT_RS,NA,NA,NA,NA,NA
AL7,MGTAVTT_RS,NA,NA,NA,NA,NA
AM5,MGTAVTT_RS,NA,NA,NA,NA,NA
AN6,MGTAVTT_RS,NA,NA,NA,NA,NA
AP4,MGTAVTT_RS,NA,NA,NA,NA,NA
AR7,MGTAVTT_RS,NA,NA,NA,NA,NA
AA38,MGTVCCAUX_LN,NA,NA,NA,NA,NA
W39,MGTVCCAUX_LN,NA,NA,NA,NA,NA
AE38,MGTVCCAUX_LS,NA,NA,NA,NA,NA
AG39,MGTVCCAUX_LS,NA,NA,NA,NA,NA
T8,MGTVCCAUX_RN,NA,NA,NA,NA,NA
V9,MGTVCCAUX_RN,NA,NA,NA,NA,NA
AD8,MGTVCCAUX_RS,NA,NA,NA,NA,NA
AF9,MGTVCCAUX_RS,NA,NA,NA,NA,NA
AB34,VCCAUX,NA,NA,NA,NA,NA
AC33,VCCAUX,NA,NA,NA,NA,NA
AD32,VCCAUX,NA,NA,NA,NA,NA
AD34,VCCAUX,NA,NA,NA,NA,NA
AE33,VCCAUX,NA,NA,NA,NA,NA
AF32,VCCAUX,NA,NA,NA,NA,NA
AF34,VCCAUX,NA,NA,NA,NA,NA
AA33,VCCAUX,NA,NA,NA,NA,NA
AG35,VCCAUX,NA,NA,NA,NA,NA
AB32,VCCAUX,NA,NA,NA,NA,NA
W29,VCCAUX_IO,NA,NA,NA,NA,NA
AG29,VCCAUX_IO,NA,NA,NA,NA,NA
U29,VCCAUX_IO,NA,NA,NA,NA,NA
Y28,VCCAUX_IO,NA,NA,NA,NA,NA
AH28,VCCAUX_IO,NA,NA,NA,NA,NA
Y30,VCCAUX_IO,NA,NA,NA,NA,NA
AA29,VCCAUX_IO,NA,NA,NA,NA,NA
AA31,VCCAUX_IO,NA,NA,NA,NA,NA
AB28,VCCAUX_IO,NA,NA,NA,NA,NA
AB30,VCCAUX_IO,NA,NA,NA,NA,NA
AC29,VCCAUX_IO,NA,NA,NA,NA,NA
AC31,VCCAUX_IO,NA,NA,NA,NA,NA
AD28,VCCAUX_IO,NA,NA,NA,NA,NA
AD30,VCCAUX_IO,NA,NA,NA,NA,NA
AE29,VCCAUX_IO,NA,NA,NA,NA,NA
AE31,VCCAUX_IO,NA,NA,NA,NA,NA
AF28,VCCAUX_IO,NA,NA,NA,NA,NA
AF30,VCCAUX_IO,NA,NA,NA,NA,NA
AF14,VCCBRAM,NA,NA,NA,NA,NA
AD14,VCCBRAM,NA,NA,NA,NA,NA
AC13,VCCBRAM,NA,NA,NA,NA,NA
AH14,VCCBRAM,NA,NA,NA,NA,NA
AG13,VCCBRAM,NA,NA,NA,NA,NA
AA15,VCCINT,NA,NA,NA,NA,NA
AA17,VCCINT,NA,NA,NA,NA,NA
AA19,VCCINT,NA,NA,NA,NA,NA
AA25,VCCINT,NA,NA,NA,NA,NA
AB14,VCCINT,NA,NA,NA,NA,NA
AB16,VCCINT,NA,NA,NA,NA,NA
AB20,VCCINT,NA,NA,NA,NA,NA
AB22,VCCINT,NA,NA,NA,NA,NA
AB24,VCCINT,NA,NA,NA,NA,NA
AB26,VCCINT,NA,NA,NA,NA,NA
AC15,VCCINT,NA,NA,NA,NA,NA
AC19,VCCINT,NA,NA,NA,NA,NA
AC21,VCCINT,NA,NA,NA,NA,NA
AF20,VCCINT,NA,NA,NA,NA,NA
AF22,VCCINT,NA,NA,NA,NA,NA
AF24,VCCINT,NA,NA,NA,NA,NA
AF26,VCCINT,NA,NA,NA,NA,NA
AC23,VCCINT,NA,NA,NA,NA,NA
AC25,VCCINT,NA,NA,NA,NA,NA
AD16,VCCINT,NA,NA,NA,NA,NA
AD20,VCCINT,NA,NA,NA,NA,NA
AD22,VCCINT,NA,NA,NA,NA,NA
AD24,VCCINT,NA,NA,NA,NA,NA
AD26,VCCINT,NA,NA,NA,NA,NA
AE15,VCCINT,NA,NA,NA,NA,NA
AE19,VCCINT,NA,NA,NA,NA,NA
AE21,VCCINT,NA,NA,NA,NA,NA
AE23,VCCINT,NA,NA,NA,NA,NA
AE25,VCCINT,NA,NA,NA,NA,NA
AF16,VCCINT,NA,NA,NA,NA,NA
AF18,VCCINT,NA,NA,NA,NA,NA
AG15,VCCINT,NA,NA,NA,NA,NA
AG17,VCCINT,NA,NA,NA,NA,NA
AG19,VCCINT,NA,NA,NA,NA,NA
AG21,VCCINT,NA,NA,NA,NA,NA
AG23,VCCINT,NA,NA,NA,NA,NA
AG25,VCCINT,NA,NA,NA,NA,NA
AH16,VCCINT,NA,NA,NA,NA,NA
AH18,VCCINT,NA,NA,NA,NA,NA
AH20,VCCINT,NA,NA,NA,NA,NA
AH22,VCCINT,NA,NA,NA,NA,NA
AH24,VCCINT,NA,NA,NA,NA,NA
AH26,VCCINT,NA,NA,NA,NA,NA
AJ15,VCCINT,NA,NA,NA,NA,NA
AJ17,VCCINT,NA,NA,NA,NA,NA
AJ19,VCCINT,NA,NA,NA,NA,NA
AJ21,VCCINT,NA,NA,NA,NA,NA
AJ23,VCCINT,NA,NA,NA,NA,NA
AJ25,VCCINT,NA,NA,NA,NA,NA
AK16,VCCINT,NA,NA,NA,NA,NA
AK18,VCCINT,NA,NA,NA,NA,NA
AK20,VCCINT,NA,NA,NA,NA,NA
AK22,VCCINT,NA,NA,NA,NA,NA
AK24,VCCINT,NA,NA,NA,NA,NA
AK26,VCCINT,NA,NA,NA,NA,NA
U17,VCCINT,NA,NA,NA,NA,NA
U19,VCCINT,NA,NA,NA,NA,NA
U21,VCCINT,NA,NA,NA,NA,NA
U23,VCCINT,NA,NA,NA,NA,NA
U25,VCCINT,NA,NA,NA,NA,NA
V18,VCCINT,NA,NA,NA,NA,NA
V20,VCCINT,NA,NA,NA,NA,NA
V22,VCCINT,NA,NA,NA,NA,NA
V24,VCCINT,NA,NA,NA,NA,NA
V26,VCCINT,NA,NA,NA,NA,NA
W17,VCCINT,NA,NA,NA,NA,NA
W19,VCCINT,NA,NA,NA,NA,NA
W21,VCCINT,NA,NA,NA,NA,NA
W23,VCCINT,NA,NA,NA,NA,NA
W25,VCCINT,NA,NA,NA,NA,NA
Y16,VCCINT,NA,NA,NA,NA,NA
Y18,VCCINT,NA,NA,NA,NA,NA
Y20,VCCINT,NA,NA,NA,NA,NA
Y22,VCCINT,NA,NA,NA,NA,NA
Y24,VCCINT,NA,NA,NA,NA,NA
Y26,VCCINT,NA,NA,NA,NA,NA
AA23,VCCINT,NA,NA,NA,NA,NA
AA21,VCCINT,NA,NA,NA,NA,NA
AA27,VCCINT_IO,NA,NA,NA,NA,NA
AC27,VCCINT_IO,NA,NA,NA,NA,NA
AE27,VCCINT_IO,NA,NA,NA,NA,NA
AG27,VCCINT_IO,NA,NA,NA,NA,NA
AJ27,VCCINT_IO,NA,NA,NA,NA,NA
AK28,VCCINT_IO,NA,NA,NA,NA,NA
U27,VCCINT_IO,NA,NA,NA,NA,NA
V28,VCCINT_IO,NA,NA,NA,NA,NA
W27,VCCINT_IO,NA,NA,NA,NA,NA
AB12,VCCO_0,NA,0,NA,NA,NA
AH12,VCCO_0,NA,0,NA,NA,NA
AR31,VCCO_44,NA,44,NA,NA,NA
AV32,VCCO_44,NA,44,NA,NA,NA
AW29,VCCO_44,NA,44,NA,NA,NA
BA33,VCCO_44,NA,44,NA,NA,NA
BB30,VCCO_44,NA,44,NA,NA,NA
BE31,VCCO_44,NA,44,NA,NA,NA
AN27,VCCO_45,NA,45,NA,NA,NA
AT28,VCCO_45,NA,45,NA,NA,NA
AU25,VCCO_45,NA,45,NA,NA,NA
AY26,VCCO_45,NA,45,NA,NA,NA
BC27,VCCO_45,NA,45,NA,NA,NA
BF28,VCCO_45,NA,45,NA,NA,NA
AU35,VCCO_46,NA,46,NA,NA,NA
AW39,VCCO_46,NA,46,NA,NA,NA
AY36,VCCO_46,NA,46,NA,NA,NA
BB40,VCCO_46,NA,46,NA,NA,NA
BC37,VCCO_46,NA,46,NA,NA,NA
BD34,VCCO_46,NA,46,NA,NA,NA
BF38,VCCO_46,NA,46,NA,NA,NA
AH32,VCCO_47,NA,47,NA,NA,NA
AK36,VCCO_47,NA,47,NA,NA,NA
AL33,VCCO_47,NA,47,NA,NA,NA
AM30,VCCO_47,NA,47,NA,NA,NA
AP34,VCCO_47,NA,47,NA,NA,NA
AT38,VCCO_47,NA,47,NA,NA,NA
L37,VCCO_48,NA,48,NA,NA,NA
M34,VCCO_48,NA,48,NA,NA,NA
P38,VCCO_48,NA,48,NA,NA,NA
R35,VCCO_48,NA,48,NA,NA,NA
T32,VCCO_48,NA,48,NA,NA,NA
W33,VCCO_48,NA,48,NA,NA,NA
D38,VCCO_49,NA,49,NA,NA,NA
E35,VCCO_49,NA,49,NA,NA,NA
G39,VCCO_49,NA,49,NA,NA,NA
A37,VCCO_49,NA,49,NA,NA,NA
B34,VCCO_49,NA,49,NA,NA,NA
H36,VCCO_49,NA,49,NA,NA,NA
C31,VCCO_50,NA,50,NA,NA,NA
F32,VCCO_50,NA,50,NA,NA,NA
G29,VCCO_50,NA,50,NA,NA,NA
J33,VCCO_50,NA,50,NA,NA,NA
K30,VCCO_50,NA,50,NA,NA,NA
N31,VCCO_50,NA,50,NA,NA,NA
P28,VCCO_50,NA,50,NA,NA,NA
A27,VCCO_51,NA,51,NA,NA,NA
D28,VCCO_51,NA,51,NA,NA,NA
E25,VCCO_51,NA,51,NA,NA,NA
H26,VCCO_51,NA,51,NA,NA,NA
L27,VCCO_51,NA,51,NA,NA,NA
M24,VCCO_51,NA,51,NA,NA,NA
R25,VCCO_51,NA,51,NA,NA,NA
AM20,VCCO_65,NA,65,NA,NA,NA
AN17,VCCO_65,NA,65,NA,NA,NA
AT18,VCCO_65,NA,65,NA,NA,NA
AW19,VCCO_65,NA,65,NA,NA,NA
BC17,VCCO_65,NA,65,NA,NA,NA
BF18,VCCO_65,NA,65,NA,NA,NA
AW9,VCCO_66,NA,66,NA,NA,NA
BB10,VCCO_66,NA,66,NA,NA,NA
BC7,VCCO_66,NA,66,NA,NA,NA
BD14,VCCO_66,NA,66,NA,NA,NA
BE11,VCCO_66,NA,66,NA,NA,NA
BF8,VCCO_66,NA,66,NA,NA,NA
AL13,VCCO_67,NA,67,NA,NA,NA
AP14,VCCO_67,NA,67,NA,NA,NA
AU15,VCCO_67,NA,67,NA,NA,NA
AV12,VCCO_67,NA,67,NA,NA,NA
AY16,VCCO_67,NA,67,NA,NA,NA
BA13,VCCO_67,NA,67,NA,NA,NA
J13,VCCO_68,NA,68,NA,NA,NA
M14,VCCO_68,NA,68,NA,NA,NA
N11,VCCO_68,NA,68,NA,NA,NA
R15,VCCO_68,NA,68,NA,NA,NA
T12,VCCO_68,NA,68,NA,NA,NA
W13,VCCO_68,NA,68,NA,NA,NA
A7,VCCO_69,NA,69,NA,NA,NA
B14,VCCO_69,NA,69,NA,NA,NA
C11,VCCO_69,NA,69,NA,NA,NA
E15,VCCO_69,NA,69,NA,NA,NA
F12,VCCO_69,NA,69,NA,NA,NA
G9,VCCO_69,NA,69,NA,NA,NA
B24,VCCO_70,NA,70,NA,NA,NA
C21,VCCO_70,NA,70,NA,NA,NA
F22,VCCO_70,NA,70,NA,NA,NA
J23,VCCO_70,NA,70,NA,NA,NA
K20,VCCO_70,NA,70,NA,NA,NA
N21,VCCO_70,NA,70,NA,NA,NA
T22,VCCO_70,NA,70,NA,NA,NA
A17,VCCO_71,NA,71,NA,NA,NA
D18,VCCO_71,NA,71,NA,NA,NA
G19,VCCO_71,NA,71,NA,NA,NA
H16,VCCO_71,NA,71,NA,NA,NA
L17,VCCO_71,NA,71,NA,NA,NA
P18,VCCO_71,NA,71,NA,NA,NA
AL23,VCCO_84,NA,84,NA,NA,NA
AP24,VCCO_84,NA,84,NA,NA,NA
AR21,VCCO_84,NA,84,NA,NA,NA
AV22,VCCO_84,NA,84,NA,NA,NA
BA23,VCCO_94,NA,94,NA,NA,NA
BB20,VCCO_94,NA,94,NA,NA,NA
BD24,VCCO_94,NA,94,NA,NA,NA
BE21,VCCO_94,NA,94,NA,NA,NA
A4,NC,NA,NA,NA,NA,NA
A5,NC,NA,NA,NA,NA,NA
BF42,NC,NA,NA,NA,NA,NA
BF43,NC,NA,NA,NA,NA,NA
,,,,,,
Total Number of Pins, 2104,,,,,,
