Device/Package xcvu190flga2577 3/22/2016 18:36:35,,,,,,
,,,,,,
Pin,Pin Name,Memory Byte Group,Bank,I/O Type,Super Logic Region,No-Connect
AK18,DXN,NA,NA,NA,NA,NA
AK19,DXP,NA,NA,NA,NA,NA
AJ19,VREFP,NA,NA,NA,NA,NA
AH18,VREFN,NA,NA,NA,NA,NA
AH19,VP,NA,NA,NA,NA,NA
AJ18,VN,NA,NA,NA,NA,NA
AB14,M0_0,NA,0,CONFIG,1,NA
Y14,M1_0,NA,0,CONFIG,1,NA
T14,INIT_B_0,NA,0,CONFIG,1,NA
V14,M2_0,NA,0,CONFIG,1,NA
P14,CFGBVS_0,NA,0,CONFIG,1,NA
M14,PUDC_B_0,NA,0,CONFIG,1,NA
AC13,POR_OVERRIDE,NA,NA,NA,NA,NA
AJ13,DONE_0,NA,0,CONFIG,1,NA
AK14,PROGRAM_B_0,NA,0,CONFIG,1,NA
AH13,TDI_0,NA,0,CONFIG,1,NA
AM14,RDWR_FCS_B_0,NA,0,CONFIG,1,NA
AT14,D02_0,NA,0,CONFIG,1,NA
AY14,D00_MOSI_0,NA,0,CONFIG,1,NA
AP14,D03_0,NA,0,CONFIG,1,NA
AV14,D01_DIN_0,NA,0,CONFIG,1,NA
AE14,TMS_0,NA,0,CONFIG,1,NA
AD13,CCLK_0,NA,0,CONFIG,1,NA
AF13,TCK_0,NA,0,CONFIG,1,NA
BB14,VBATT,NA,NA,NA,NA,NA
AG14,TDO_0,NA,0,CONFIG,1,NA
AV27,IO_L24P_T3U_N10_61,3U,61,HP,0,NA
AV26,IO_L24N_T3U_N11_61,3U,61,HP,0,NA
AY25,IO_T3U_N12_61,3U,61,HP,0,NA
AW26,IO_L23P_T3U_N8_61,3U,61,HP,0,NA
AY26,IO_L23N_T3U_N9_61,3U,61,HP,0,NA
AY27,IO_L22P_T3U_N6_DBC_AD0P_61,3U,61,HP,0,NA
BA27,IO_L22N_T3U_N7_DBC_AD0N_61,3U,61,HP,0,NA
AY23,IO_L21P_T3L_N4_AD8P_61,3L,61,HP,0,NA
BA23,IO_L21N_T3L_N5_AD8N_61,3L,61,HP,0,NA
AV24,IO_L20P_T3L_N2_AD1P_61,3L,61,HP,0,NA
AW23,IO_L20N_T3L_N3_AD1N_61,3L,61,HP,0,NA
AW25,IO_L19P_T3L_N0_DBC_AD9P_61,3L,61,HP,0,NA
AW24,IO_L19N_T3L_N1_DBC_AD9N_61,3L,61,HP,0,NA
BB22,IO_L18P_T2U_N10_AD2P_61,2U,61,HP,0,NA
BC22,IO_L18N_T2U_N11_AD2N_61,2U,61,HP,0,NA
BA25,IO_L17P_T2U_N8_AD10P_61,2U,61,HP,0,NA
BA24,IO_L17N_T2U_N9_AD10N_61,2U,61,HP,0,NA
BC26,IO_L16P_T2U_N6_QBC_AD3P_61,2U,61,HP,0,NA
BD26,IO_L16N_T2U_N7_QBC_AD3N_61,2U,61,HP,0,NA
BB26,IO_L15P_T2L_N4_AD11P_61,2L,61,HP,0,NA
BB25,IO_L15N_T2L_N5_AD11N_61,2L,61,HP,0,NA
BC24,IO_L14P_T2L_N2_GC_61,2L,61,HP,0,NA
BC23,IO_L14N_T2L_N3_GC_61,2L,61,HP,0,NA
BB24,IO_T2U_N12_61,2U,61,HP,0,NA
BD25,IO_L13P_T2L_N0_GC_QBC_61,2L,61,HP,0,NA
BD24,IO_L13N_T2L_N1_GC_QBC_61,2L,61,HP,0,NA
BD23,IO_L12P_T1U_N10_GC_61,1U,61,HP,0,NA
BE23,IO_L12N_T1U_N11_GC_61,1U,61,HP,0,NA
BE25,IO_T1U_N12_61,1U,61,HP,0,NA
BE22,IO_L11P_T1U_N8_GC_61,1U,61,HP,0,NA
BF22,IO_L11N_T1U_N9_GC_61,1U,61,HP,0,NA
BE21,IO_L10P_T1U_N6_QBC_AD4P_61,1U,61,HP,0,NA
BE20,IO_L10N_T1U_N7_QBC_AD4N_61,1U,61,HP,0,NA
BF25,IO_L9P_T1L_N4_AD12P_61,1L,61,HP,0,NA
BF24,IO_L9N_T1L_N5_AD12N_61,1L,61,HP,0,NA
BF23,IO_L8P_T1L_N2_AD5P_61,1L,61,HP,0,NA
BG22,IO_L8N_T1L_N3_AD5N_61,1L,61,HP,0,NA
BG25,IO_L7P_T1L_N0_QBC_AD13P_61,1L,61,HP,0,NA
BG24,IO_L7N_T1L_N1_QBC_AD13N_61,1L,61,HP,0,NA
BH24,IO_L6P_T0U_N10_AD6P_61,0U,61,HP,0,NA
BH23,IO_L6N_T0U_N11_AD6N_61,0U,61,HP,0,NA
BK25,IO_L5P_T0U_N8_AD14P_61,0U,61,HP,0,NA
BL25,IO_L5N_T0U_N9_AD14N_61,0U,61,HP,0,NA
BJ23,IO_L4P_T0U_N6_DBC_AD7P_61,0U,61,HP,0,NA
BK23,IO_L4N_T0U_N7_DBC_AD7N_61,0U,61,HP,0,NA
BJ25,IO_L3P_T0L_N4_AD15P_61,0L,61,HP,0,NA
BJ24,IO_L3N_T0L_N5_AD15N_61,0L,61,HP,0,NA
BK22,IO_L2P_T0L_N2_61,0L,61,HP,0,NA
BL22,IO_L2N_T0L_N3_61,0L,61,HP,0,NA
BH22,IO_T0U_N12_VRP_61,0U,61,HP,0,NA
BL24,IO_L1P_T0L_N0_DBC_61,0L,61,HP,0,NA
BL23,IO_L1N_T0L_N1_DBC_61,0L,61,HP,0,NA
AV23,VREF_61,NA,61,HP,0,NA
AW31,IO_L24P_T3U_N10_62,3U,62,HP,0,NA
AY31,IO_L24N_T3U_N11_62,3U,62,HP,0,NA
AW30,IO_T3U_N12_62,3U,62,HP,0,NA
AV29,IO_L23P_T3U_N8_62,3U,62,HP,0,NA
AW29,IO_L23N_T3U_N9_62,3U,62,HP,0,NA
AU31,IO_L22P_T3U_N6_DBC_AD0P_62,3U,62,HP,0,NA
AV31,IO_L22N_T3U_N7_DBC_AD0N_62,3U,62,HP,0,NA
AY30,IO_L21P_T3L_N4_AD8P_62,3L,62,HP,0,NA
BA30,IO_L21N_T3L_N5_AD8N_62,3L,62,HP,0,NA
AW28,IO_L20P_T3L_N2_AD1P_62,3L,62,HP,0,NA
AY28,IO_L20N_T3L_N3_AD1N_62,3L,62,HP,0,NA
BA28,IO_L19P_T3L_N0_DBC_AD9P_62,3L,62,HP,0,NA
BA29,IO_L19N_T3L_N1_DBC_AD9N_62,3L,62,HP,0,NA
BB29,IO_L18P_T2U_N10_AD2P_62,2U,62,HP,0,NA
BC29,IO_L18N_T2U_N11_AD2N_62,2U,62,HP,0,NA
BB31,IO_L17P_T2U_N8_AD10P_62,2U,62,HP,0,NA
BC31,IO_L17N_T2U_N9_AD10N_62,2U,62,HP,0,NA
BB27,IO_L16P_T2U_N6_QBC_AD3P_62,2U,62,HP,0,NA
BC27,IO_L16N_T2U_N7_QBC_AD3N_62,2U,62,HP,0,NA
BD30,IO_L15P_T2L_N4_AD11P_62,2L,62,HP,0,NA
BE30,IO_L15N_T2L_N5_AD11N_62,2L,62,HP,0,NA
BD28,IO_L14P_T2L_N2_GC_62,2L,62,HP,0,NA
BE28,IO_L14N_T2L_N3_GC_62,2L,62,HP,0,NA
BB30,IO_T2U_N12_62,2U,62,HP,0,NA
BC28,IO_L13P_T2L_N0_GC_QBC_62,2L,62,HP,0,NA
BD29,IO_L13N_T2L_N1_GC_QBC_62,2L,62,HP,0,NA
BE26,IO_L12P_T1U_N10_GC_62,1U,62,HP,0,NA
BE27,IO_L12N_T1U_N11_GC_62,1U,62,HP,0,NA
BF30,IO_T1U_N12_62,1U,62,HP,0,NA
BF27,IO_L11P_T1U_N8_GC_62,1U,62,HP,0,NA
BF28,IO_L11N_T1U_N9_GC_62,1U,62,HP,0,NA
BH26,IO_L10P_T1U_N6_QBC_AD4P_62,1U,62,HP,0,NA
BH27,IO_L10N_T1U_N7_QBC_AD4N_62,1U,62,HP,0,NA
BG29,IO_L9P_T1L_N4_AD12P_62,1L,62,HP,0,NA
BH29,IO_L9N_T1L_N5_AD12N_62,1L,62,HP,0,NA
BF29,IO_L8P_T1L_N2_AD5P_62,1L,62,HP,0,NA
BG30,IO_L8N_T1L_N3_AD5N_62,1L,62,HP,0,NA
BG26,IO_L7P_T1L_N0_QBC_AD13P_62,1L,62,HP,0,NA
BG27,IO_L7N_T1L_N1_QBC_AD13N_62,1L,62,HP,0,NA
BJ26,IO_L6P_T0U_N10_AD6P_62,0U,62,HP,0,NA
BK26,IO_L6N_T0U_N11_AD6N_62,0U,62,HP,0,NA
BK30,IO_L5P_T0U_N8_AD14P_62,0U,62,HP,0,NA
BL30,IO_L5N_T0U_N9_AD14N_62,0U,62,HP,0,NA
BK27,IO_L4P_T0U_N6_DBC_AD7P_62,0U,62,HP,0,NA
BK28,IO_L4N_T0U_N7_DBC_AD7N_62,0U,62,HP,0,NA
BJ29,IO_L3P_T0L_N4_AD15P_62,0L,62,HP,0,NA
BJ30,IO_L3N_T0L_N5_AD15N_62,0L,62,HP,0,NA
BL27,IO_L2P_T0L_N2_62,0L,62,HP,0,NA
BL28,IO_L2N_T0L_N3_62,0L,62,HP,0,NA
BL29,IO_T0U_N12_VRP_62,0U,62,HP,0,NA
BH28,IO_L1P_T0L_N0_DBC_62,0L,62,HP,0,NA
BJ28,IO_L1N_T0L_N1_DBC_62,0L,62,HP,0,NA
AV28,VREF_62,NA,62,HP,0,NA
AR33,IO_L24P_T3U_N10_63,3U,63,HP,0,NA
AR34,IO_L24N_T3U_N11_63,3U,63,HP,0,NA
AT37,IO_T3U_N12_63,3U,63,HP,0,NA
AR35,IO_L23P_T3U_N8_63,3U,63,HP,0,NA
AT35,IO_L23N_T3U_N9_63,3U,63,HP,0,NA
AT33,IO_L22P_T3U_N6_DBC_AD0P_63,3U,63,HP,0,NA
AT34,IO_L22N_T3U_N7_DBC_AD0N_63,3U,63,HP,0,NA
AR36,IO_L21P_T3L_N4_AD8P_63,3L,63,HP,0,NA
AR37,IO_L21N_T3L_N5_AD8N_63,3L,63,HP,0,NA
AT32,IO_L20P_T3L_N2_AD1P_63,3L,63,HP,0,NA
AU32,IO_L20N_T3L_N3_AD1N_63,3L,63,HP,0,NA
AU36,IO_L19P_T3L_N0_DBC_AD9P_63,3L,63,HP,0,NA
AU37,IO_L19N_T3L_N1_DBC_AD9N_63,3L,63,HP,0,NA
AU34,IO_L18P_T2U_N10_AD2P_63,2U,63,HP,0,NA
AV34,IO_L18N_T2U_N11_AD2N_63,2U,63,HP,0,NA
AW33,IO_L17P_T2U_N8_AD10P_63,2U,63,HP,0,NA
AW34,IO_L17N_T2U_N9_AD10N_63,2U,63,HP,0,NA
AV32,IO_L16P_T2U_N6_QBC_AD3P_63,2U,63,HP,0,NA
AV33,IO_L16N_T2U_N7_QBC_AD3N_63,2U,63,HP,0,NA
AV36,IO_L15P_T2L_N4_AD11P_63,2L,63,HP,0,NA
AV37,IO_L15N_T2L_N5_AD11N_63,2L,63,HP,0,NA
AY35,IO_L14P_T2L_N2_GC_63,2L,63,HP,0,NA
AY36,IO_L14N_T2L_N3_GC_63,2L,63,HP,0,NA
AU35,IO_T2U_N12_63,2U,63,HP,0,NA
AW35,IO_L13P_T2L_N0_GC_QBC_63,2L,63,HP,0,NA
AW36,IO_L13N_T2L_N1_GC_QBC_63,2L,63,HP,0,NA
BA34,IO_L12P_T1U_N10_GC_63,1U,63,HP,0,NA
BB34,IO_L12N_T1U_N11_GC_63,1U,63,HP,0,NA
AY37,IO_T1U_N12_63,1U,63,HP,0,NA
BA35,IO_L11P_T1U_N8_GC_63,1U,63,HP,0,NA
BB35,IO_L11N_T1U_N9_GC_63,1U,63,HP,0,NA
BB36,IO_L10P_T1U_N6_QBC_AD4P_63,1U,63,HP,0,NA
BC36,IO_L10N_T1U_N7_QBC_AD4N_63,1U,63,HP,0,NA
BA37,IO_L9P_T1L_N4_AD12P_63,1L,63,HP,0,NA
BB37,IO_L9N_T1L_N5_AD12N_63,1L,63,HP,0,NA
BC37,IO_L8P_T1L_N2_AD5P_63,1L,63,HP,0,NA
BD37,IO_L8N_T1L_N3_AD5N_63,1L,63,HP,0,NA
BD35,IO_L7P_T1L_N0_QBC_AD13P_63,1L,63,HP,0,NA
BD36,IO_L7N_T1L_N1_QBC_AD13N_63,1L,63,HP,0,NA
BC34,IO_L6P_T0U_N10_AD6P_63,0U,63,HP,0,NA
BD34,IO_L6N_T0U_N11_AD6N_63,0U,63,HP,0,NA
BC33,IO_L5P_T0U_N8_AD14P_63,0U,63,HP,0,NA
BD33,IO_L5N_T0U_N9_AD14N_63,0U,63,HP,0,NA
AY33,IO_L4P_T0U_N6_DBC_AD7P_63,0U,63,HP,0,NA
BA33,IO_L4N_T0U_N7_DBC_AD7N_63,0U,63,HP,0,NA
AY32,IO_L3P_T0L_N4_AD15P_63,0L,63,HP,0,NA
BA32,IO_L3N_T0L_N5_AD15N_63,0L,63,HP,0,NA
BB32,IO_L2P_T0L_N2_63,0L,63,HP,0,NA
BC32,IO_L2N_T0L_N3_63,0L,63,HP,0,NA
BD31,IO_T0U_N12_VRP_63,0U,63,HP,0,NA
BE31,IO_L1P_T0L_N0_DBC_63,0L,63,HP,0,NA
BE32,IO_L1N_T0L_N1_DBC_63,0L,63,HP,0,NA
AR32,VREF_63,NA,63,HP,0,NA
BD16,IO_L24P_T3U_N10_EMCCLK_65,3U,65,HP,1,NA
BD15,IO_L24N_T3U_N11_DOUT_CSO_B_65,3U,65,HP,1,NA
BB15,IO_T3U_N12_PERSTN0_65,3U,65,HP,1,NA
BB16,IO_L23P_T3U_N8_I2C_SCLK_65,3U,65,HP,1,NA
BC16,IO_L23N_T3U_N9_I2C_SDA_65,3U,65,HP,1,NA
BD18,IO_L22P_T3U_N6_DBC_AD0P_D04_65,3U,65,HP,1,NA
BD17,IO_L22N_T3U_N7_DBC_AD0N_D05_65,3U,65,HP,1,NA
BB17,IO_L21P_T3L_N4_AD8P_D06_65,3L,65,HP,1,NA
BC17,IO_L21N_T3L_N5_AD8N_D07_65,3L,65,HP,1,NA
BA19,IO_L20P_T3L_N2_AD1P_D08_65,3L,65,HP,1,NA
BA18,IO_L20N_T3L_N3_AD1N_D09_65,3L,65,HP,1,NA
BC19,IO_L19P_T3L_N0_DBC_AD9P_D10_65,3L,65,HP,1,NA
BC18,IO_L19N_T3L_N1_DBC_AD9N_D11_65,3L,65,HP,1,NA
AV16,IO_L18P_T2U_N10_AD2P_D12_65,2U,65,HP,1,NA
AW15,IO_L18N_T2U_N11_AD2N_D13_65,2U,65,HP,1,NA
AY15,IO_L17P_T2U_N8_AD10P_D14_65,2U,65,HP,1,NA
BA15,IO_L17N_T2U_N9_AD10N_D15_65,2U,65,HP,1,NA
AU17,IO_L16P_T2U_N6_QBC_AD3P_A00_D16_65,2U,65,HP,1,NA
AV17,IO_L16N_T2U_N7_QBC_AD3N_A01_D17_65,2U,65,HP,1,NA
AW16,IO_L15P_T2L_N4_AD11P_A02_D18_65,2L,65,HP,1,NA
AY16,IO_L15N_T2L_N5_AD11N_A03_D19_65,2L,65,HP,1,NA
AY17,IO_L14P_T2L_N2_GC_A04_D20_65,2L,65,HP,1,NA
BA17,IO_L14N_T2L_N3_GC_A05_D21_65,2L,65,HP,1,NA
AV18,IO_T2U_N12_CSI_ADV_B_65,2U,65,HP,1,NA
AW18,IO_L13P_T2L_N0_GC_QBC_A06_D22_65,2L,65,HP,1,NA
AY18,IO_L13N_T2L_N1_GC_QBC_A07_D23_65,2L,65,HP,1,NA
AU19,IO_L12P_T1U_N10_GC_A08_D24_65,1U,65,HP,1,NA
AV19,IO_L12N_T1U_N11_GC_A09_D25_65,1U,65,HP,1,NA
AU22,IO_T1U_N12_PERSTN1_65,1U,65,HP,1,NA
AW20,IO_L11P_T1U_N8_GC_A10_D26_65,1U,65,HP,1,NA
AW19,IO_L11N_T1U_N9_GC_A11_D27_65,1U,65,HP,1,NA
AR18,IO_L10P_T1U_N6_QBC_AD4P_A12_D28_65,1U,65,HP,1,NA
AT18,IO_L10N_T1U_N7_QBC_AD4N_A13_D29_65,1U,65,HP,1,NA
AU21,IO_L9P_T1L_N4_AD12P_A14_D30_65,1L,65,HP,1,NA
AU20,IO_L9N_T1L_N5_AD12N_A15_D31_65,1L,65,HP,1,NA
AT20,IO_L8P_T1L_N2_AD5P_A16_65,1L,65,HP,1,NA
AT19,IO_L8N_T1L_N3_AD5N_A17_65,1L,65,HP,1,NA
AV22,IO_L7P_T1L_N0_QBC_AD13P_A18_65,1L,65,HP,1,NA
AV21,IO_L7N_T1L_N1_QBC_AD13N_A19_65,1L,65,HP,1,NA
AY20,IO_L6P_T0U_N10_AD6P_A20_65,0U,65,HP,1,NA
BA20,IO_L6N_T0U_N11_AD6N_A21_65,0U,65,HP,1,NA
BB20,IO_L5P_T0U_N8_AD14P_A22_65,0U,65,HP,1,NA
BB19,IO_L5N_T0U_N9_AD14N_A23_65,0U,65,HP,1,NA
AW21,IO_L4P_T0U_N6_DBC_AD7P_A24_65,0U,65,HP,1,NA
AY21,IO_L4N_T0U_N7_DBC_AD7N_A25_65,0U,65,HP,1,NA
BD20,IO_L3P_T0L_N4_AD15P_A26_65,0L,65,HP,1,NA
BD19,IO_L3N_T0L_N5_AD15N_A27_65,0L,65,HP,1,NA
AY22,IO_L2P_T0L_N2_FOE_B_65,0L,65,HP,1,NA
BA22,IO_L2N_T0L_N3_FWE_FCS2_B_65,0L,65,HP,1,NA
BD21,IO_T0U_N12_VRP_A28_65,0U,65,HP,1,NA
BB21,IO_L1P_T0L_N0_DBC_RS0_65,0L,65,HP,1,NA
BC21,IO_L1N_T0L_N1_DBC_RS1_65,0L,65,HP,1,NA
AR20,VREF_65,NA,65,HP,1,NA
AU15,IO_T3U_N12_66,3U,66,HP,1,NA
AT17,IO_L12P_T1U_N10_GC_66,1U,66,HP,1,NA
AU16,IO_L12N_T1U_N11_GC_66,1U,66,HP,1,NA
AR17,IO_L11P_T1U_N8_GC_66,1U,66,HP,1,NA
AR16,IO_L11N_T1U_N9_GC_66,1U,66,HP,1,NA
AT15,IO_T0U_N12_VRP_66,0U,66,HP,1,NA
AR15,VREF_66,NA,66,HP,1,NA
J34,IO_L24P_T3U_N10_67,3U,67,HP,1,NA
J35,IO_L24N_T3U_N11_67,3U,67,HP,1,NA
L32,IO_T3U_N12_67,3U,67,HP,1,NA
K36,IO_L23P_T3U_N8_67,3U,67,HP,1,NA
J36,IO_L23N_T3U_N9_67,3U,67,HP,1,NA
K32,IO_L22P_T3U_N6_DBC_AD0P_67,3U,67,HP,1,NA
K33,IO_L22N_T3U_N7_DBC_AD0N_67,3U,67,HP,1,NA
L37,IO_L21P_T3L_N4_AD8P_67,3L,67,HP,1,NA
K37,IO_L21N_T3L_N5_AD8N_67,3L,67,HP,1,NA
J32,IO_L20P_T3L_N2_AD1P_67,3L,67,HP,1,NA
J33,IO_L20N_T3L_N3_AD1N_67,3L,67,HP,1,NA
L35,IO_L19P_T3L_N0_DBC_AD9P_67,3L,67,HP,1,NA
K35,IO_L19N_T3L_N1_DBC_AD9N_67,3L,67,HP,1,NA
L33,IO_L18P_T2U_N10_AD2P_67,2U,67,HP,1,NA
L34,IO_L18N_T2U_N11_AD2N_67,2U,67,HP,1,NA
M36,IO_L17P_T2U_N8_AD10P_67,2U,67,HP,1,NA
M37,IO_L17N_T2U_N9_AD10N_67,2U,67,HP,1,NA
M34,IO_L16P_T2U_N6_QBC_AD3P_67,2U,67,HP,1,NA
M35,IO_L16N_T2U_N7_QBC_AD3N_67,2U,67,HP,1,NA
N36,IO_L15P_T2L_N4_AD11P_67,2L,67,HP,1,NA
N37,IO_L15N_T2L_N5_AD11N_67,2L,67,HP,1,NA
N33,IO_L14P_T2L_N2_GC_67,2L,67,HP,1,NA
N34,IO_L14N_T2L_N3_GC_67,2L,67,HP,1,NA
P36,IO_T2U_N12_67,2U,67,HP,1,NA
N32,IO_L13P_T2L_N0_GC_QBC_67,2L,67,HP,1,NA
M32,IO_L13N_T2L_N1_GC_QBC_67,2L,67,HP,1,NA
R32,IO_L12P_T1U_N10_GC_67,1U,67,HP,1,NA
R33,IO_L12N_T1U_N11_GC_67,1U,67,HP,1,NA
T34,IO_T1U_N12_67,1U,67,HP,1,NA
P33,IO_L11P_T1U_N8_GC_67,1U,67,HP,1,NA
P34,IO_L11N_T1U_N9_GC_67,1U,67,HP,1,NA
T32,IO_L10P_T1U_N6_QBC_AD4P_67,1U,67,HP,1,NA
T33,IO_L10N_T1U_N7_QBC_AD4N_67,1U,67,HP,1,NA
R36,IO_L9P_T1L_N4_AD12P_67,1L,67,HP,1,NA
R37,IO_L9N_T1L_N5_AD12N_67,1L,67,HP,1,NA
R31,IO_L8P_T1L_N2_AD5P_67,1L,67,HP,1,NA
P31,IO_L8N_T1L_N3_AD5N_67,1L,67,HP,1,NA
R35,IO_L7P_T1L_N0_QBC_AD13P_67,1L,67,HP,1,NA
P35,IO_L7N_T1L_N1_QBC_AD13N_67,1L,67,HP,1,NA
V32,IO_L6P_T0U_N10_AD6P_67,0U,67,HP,1,NA
U32,IO_L6N_T0U_N11_AD6N_67,0U,67,HP,1,NA
V33,IO_L5P_T0U_N8_AD14P_67,0U,67,HP,1,NA
V34,IO_L5N_T0U_N9_AD14N_67,0U,67,HP,1,NA
U34,IO_L4P_T0U_N6_DBC_AD7P_67,0U,67,HP,1,NA
U35,IO_L4N_T0U_N7_DBC_AD7N_67,0U,67,HP,1,NA
V35,IO_L3P_T0L_N4_AD15P_67,0L,67,HP,1,NA
U36,IO_L3N_T0L_N5_AD15N_67,0L,67,HP,1,NA
U37,IO_L2P_T0L_N2_67,0L,67,HP,1,NA
T37,IO_L2N_T0L_N3_67,0L,67,HP,1,NA
T35,IO_T0U_N12_VRP_67,0U,67,HP,1,NA
V36,IO_L1P_T0L_N0_DBC_67,0L,67,HP,1,NA
V37,IO_L1N_T0L_N1_DBC_67,0L,67,HP,1,NA
W32,VREF_67,NA,67,HP,1,NA
C29,IO_L12P_T1U_N10_GC_68,1U,68,HP,1,NA
C30,IO_L12N_T1U_N11_GC_68,1U,68,HP,1,NA
E28,IO_T1U_N12_68,1U,68,HP,1,NA
A28,IO_L11P_T1U_N8_GC_68,1U,68,HP,1,NA
A29,IO_L11N_T1U_N9_GC_68,1U,68,HP,1,NA
B30,IO_L10P_T1U_N6_QBC_AD4P_68,1U,68,HP,1,NA
A30,IO_L10N_T1U_N7_QBC_AD4N_68,1U,68,HP,1,NA
C28,IO_L9P_T1L_N4_AD12P_68,1L,68,HP,1,NA
B29,IO_L9N_T1L_N5_AD12N_68,1L,68,HP,1,NA
E30,IO_L8P_T1L_N2_AD5P_68,1L,68,HP,1,NA
D30,IO_L8N_T1L_N3_AD5N_68,1L,68,HP,1,NA
D28,IO_L7P_T1L_N0_QBC_AD13P_68,1L,68,HP,1,NA
D29,IO_L7N_T1L_N1_QBC_AD13N_68,1L,68,HP,1,NA
F28,IO_L6P_T0U_N10_AD6P_68,0U,68,HP,1,NA
F29,IO_L6N_T0U_N11_AD6N_68,0U,68,HP,1,NA
G30,IO_L5P_T0U_N8_AD14P_68,0U,68,HP,1,NA
F30,IO_L5N_T0U_N9_AD14N_68,0U,68,HP,1,NA
H29,IO_L4P_T0U_N6_DBC_AD7P_68,0U,68,HP,1,NA
G29,IO_L4N_T0U_N7_DBC_AD7N_68,0U,68,HP,1,NA
K30,IO_L3P_T0L_N4_AD15P_68,0L,68,HP,1,NA
J30,IO_L3N_T0L_N5_AD15N_68,0L,68,HP,1,NA
J29,IO_L2P_T0L_N2_68,0L,68,HP,1,NA
H30,IO_L2N_T0L_N3_68,0L,68,HP,1,NA
H28,IO_T0U_N12_VRP_68,0U,68,HP,1,NA
K31,IO_L1P_T0L_N0_DBC_68,0L,68,HP,1,NA
J31,IO_L1N_T0L_N1_DBC_68,0L,68,HP,1,NA
L30,VREF_68,NA,68,HP,1,NA
D26,IO_L24P_T3U_N10_70,3U,70,HP,2,NA
C27,IO_L24N_T3U_N11_70,3U,70,HP,2,NA
D25,IO_T3U_N12_70,3U,70,HP,2,NA
B25,IO_L23P_T3U_N8_70,3U,70,HP,2,NA
A25,IO_L23N_T3U_N9_70,3U,70,HP,2,NA
B27,IO_L22P_T3U_N6_DBC_AD0P_70,3U,70,HP,2,NA
A27,IO_L22N_T3U_N7_DBC_AD0N_70,3U,70,HP,2,NA
C26,IO_L21P_T3L_N4_AD8P_70,3L,70,HP,2,NA
B26,IO_L21N_T3L_N5_AD8N_70,3L,70,HP,2,NA
E26,IO_L20P_T3L_N2_AD1P_70,3L,70,HP,2,NA
E27,IO_L20N_T3L_N3_AD1N_70,3L,70,HP,2,NA
F25,IO_L19P_T3L_N0_DBC_AD9P_70,3L,70,HP,2,NA
E25,IO_L19N_T3L_N1_DBC_AD9N_70,3L,70,HP,2,NA
J25,IO_L18P_T2U_N10_AD2P_70,2U,70,HP,2,NA
H26,IO_L18N_T2U_N11_AD2N_70,2U,70,HP,2,NA
K26,IO_L17P_T2U_N8_AD10P_70,2U,70,HP,2,NA
J26,IO_L17N_T2U_N9_AD10N_70,2U,70,HP,2,NA
G27,IO_L16P_T2U_N6_QBC_AD3P_70,2U,70,HP,2,NA
F27,IO_L16N_T2U_N7_QBC_AD3N_70,2U,70,HP,2,NA
G25,IO_L15P_T2L_N4_AD11P_70,2L,70,HP,2,NA
G26,IO_L15N_T2L_N5_AD11N_70,2L,70,HP,2,NA
M26,IO_L14P_T2L_N2_GC_70,2L,70,HP,2,NA
L27,IO_L14N_T2L_N3_GC_70,2L,70,HP,2,NA
H27,IO_T2U_N12_70,2U,70,HP,2,NA
K27,IO_L13P_T2L_N0_GC_QBC_70,2L,70,HP,2,NA
K28,IO_L13N_T2L_N1_GC_QBC_70,2L,70,HP,2,NA
L28,IO_L12P_T1U_N10_GC_70,1U,70,HP,2,NA
L29,IO_L12N_T1U_N11_GC_70,1U,70,HP,2,NA
J28,IO_T1U_N12_70,1U,70,HP,2,NA
N27,IO_L11P_T1U_N8_GC_70,1U,70,HP,2,NA
M27,IO_L11N_T1U_N9_GC_70,1U,70,HP,2,NA
N31,IO_L10P_T1U_N6_QBC_AD4P_70,1U,70,HP,2,NA
M31,IO_L10N_T1U_N7_QBC_AD4N_70,1U,70,HP,2,NA
N28,IO_L9P_T1L_N4_AD12P_70,1L,70,HP,2,NA
N29,IO_L9N_T1L_N5_AD12N_70,1L,70,HP,2,NA
M29,IO_L8P_T1L_N2_AD5P_70,1L,70,HP,2,NA
M30,IO_L8N_T1L_N3_AD5N_70,1L,70,HP,2,NA
P26,IO_L7P_T1L_N0_QBC_AD13P_70,1L,70,HP,2,NA
N26,IO_L7N_T1L_N1_QBC_AD13N_70,1L,70,HP,2,NA
P29,IO_L6P_T0U_N10_AD6P_70,0U,70,HP,2,NA
P30,IO_L6N_T0U_N11_AD6N_70,0U,70,HP,2,NA
R26,IO_L5P_T0U_N8_AD14P_70,0U,70,HP,2,NA
R27,IO_L5N_T0U_N9_AD14N_70,0U,70,HP,2,NA
R28,IO_L4P_T0U_N6_DBC_AD7P_70,0U,70,HP,2,NA
P28,IO_L4N_T0U_N7_DBC_AD7N_70,0U,70,HP,2,NA
U26,IO_L3P_T0L_N4_AD15P_70,0L,70,HP,2,NA
T27,IO_L3N_T0L_N5_AD15N_70,0L,70,HP,2,NA
T28,IO_L2P_T0L_N2_70,0L,70,HP,2,NA
T29,IO_L2N_T0L_N3_70,0L,70,HP,2,NA
T31,IO_T0U_N12_VRP_70,0U,70,HP,2,NA
T30,IO_L1P_T0L_N0_DBC_70,0L,70,HP,2,NA
R30,IO_L1N_T0L_N1_DBC_70,0L,70,HP,2,NA
U25,VREF_70,NA,70,HP,2,NA
R23,IO_L24P_T3U_N10_71,3U,71,HP,2,NA
P23,IO_L24N_T3U_N11_71,3U,71,HP,2,NA
P21,IO_T3U_N12_71,3U,71,HP,2,NA
T22,IO_L23P_T3U_N8_71,3U,71,HP,2,NA
R22,IO_L23N_T3U_N9_71,3U,71,HP,2,NA
P25,IO_L22P_T3U_N6_DBC_AD0P_71,3U,71,HP,2,NA
P24,IO_L22N_T3U_N7_DBC_AD0N_71,3U,71,HP,2,NA
U23,IO_L21P_T3L_N4_AD8P_71,3L,71,HP,2,NA
U22,IO_L21N_T3L_N5_AD8N_71,3L,71,HP,2,NA
T25,IO_L20P_T3L_N2_AD1P_71,3L,71,HP,2,NA
R25,IO_L20N_T3L_N3_AD1N_71,3L,71,HP,2,NA
T24,IO_L19P_T3L_N0_DBC_AD9P_71,3L,71,HP,2,NA
T23,IO_L19N_T3L_N1_DBC_AD9N_71,3L,71,HP,2,NA
L25,IO_L18P_T2U_N10_AD2P_71,2U,71,HP,2,NA
K25,IO_L18N_T2U_N11_AD2N_71,2U,71,HP,2,NA
N22,IO_L17P_T2U_N8_AD10P_71,2U,71,HP,2,NA
N21,IO_L17N_T2U_N9_AD10N_71,2U,71,HP,2,NA
N24,IO_L16P_T2U_N6_QBC_AD3P_71,2U,71,HP,2,NA
M24,IO_L16N_T2U_N7_QBC_AD3N_71,2U,71,HP,2,NA
M25,IO_L15P_T2L_N4_AD11P_71,2L,71,HP,2,NA
L24,IO_L15N_T2L_N5_AD11N_71,2L,71,HP,2,NA
M22,IO_L14P_T2L_N2_GC_71,2L,71,HP,2,NA
M21,IO_L14N_T2L_N3_GC_71,2L,71,HP,2,NA
N23,IO_T2U_N12_71,2U,71,HP,2,NA
L23,IO_L13P_T2L_N0_GC_QBC_71,2L,71,HP,2,NA
L22,IO_L13N_T2L_N1_GC_QBC_71,2L,71,HP,2,NA
K23,IO_L12P_T1U_N10_GC_71,1U,71,HP,2,NA
K22,IO_L12N_T1U_N11_GC_71,1U,71,HP,2,NA
J24,IO_T1U_N12_71,1U,71,HP,2,NA
K21,IO_L11P_T1U_N8_GC_71,1U,71,HP,2,NA
J21,IO_L11N_T1U_N9_GC_71,1U,71,HP,2,NA
J23,IO_L10P_T1U_N6_QBC_AD4P_71,1U,71,HP,2,NA
H23,IO_L10N_T1U_N7_QBC_AD4N_71,1U,71,HP,2,NA
H22,IO_L9P_T1L_N4_AD12P_71,1L,71,HP,2,NA
G22,IO_L9N_T1L_N5_AD12N_71,1L,71,HP,2,NA
F24,IO_L8P_T1L_N2_AD5P_71,1L,71,HP,2,NA
F23,IO_L8N_T1L_N3_AD5N_71,1L,71,HP,2,NA
H24,IO_L7P_T1L_N0_QBC_AD13P_71,1L,71,HP,2,NA
G24,IO_L7N_T1L_N1_QBC_AD13N_71,1L,71,HP,2,NA
B22,IO_L6P_T0U_N10_AD6P_71,0U,71,HP,2,NA
A22,IO_L6N_T0U_N11_AD6N_71,0U,71,HP,2,NA
C23,IO_L5P_T0U_N8_AD14P_71,0U,71,HP,2,NA
C22,IO_L5N_T0U_N9_AD14N_71,0U,71,HP,2,NA
F22,IO_L4P_T0U_N6_DBC_AD7P_71,0U,71,HP,2,NA
E22,IO_L4N_T0U_N7_DBC_AD7N_71,0U,71,HP,2,NA
A24,IO_L3P_T0L_N4_AD15P_71,0L,71,HP,2,NA
A23,IO_L3N_T0L_N5_AD15N_71,0L,71,HP,2,NA
C24,IO_L2P_T0L_N2_71,0L,71,HP,2,NA
B24,IO_L2N_T0L_N3_71,0L,71,HP,2,NA
D24,IO_T0U_N12_VRP_71,0U,71,HP,2,NA
E23,IO_L1P_T0L_N0_DBC_71,0L,71,HP,2,NA
D23,IO_L1N_T0L_N1_DBC_71,0L,71,HP,2,NA
U24,VREF_71,NA,71,HP,2,NA
L20,IO_L24P_T3U_N10_72,3U,72,HP,2,NA
K20,IO_L24N_T3U_N11_72,3U,72,HP,2,NA
J20,IO_T3U_N12_72,3U,72,HP,2,NA
J19,IO_L23P_T3U_N8_72,3U,72,HP,2,NA
J18,IO_L23N_T3U_N9_72,3U,72,HP,2,NA
K18,IO_L22P_T3U_N6_DBC_AD0P_72,3U,72,HP,2,NA
K17,IO_L22N_T3U_N7_DBC_AD0N_72,3U,72,HP,2,NA
J16,IO_L21P_T3L_N4_AD8P_72,3L,72,HP,2,NA
J15,IO_L21N_T3L_N5_AD8N_72,3L,72,HP,2,NA
M15,IO_L20P_T3L_N2_AD1P_72,3L,72,HP,2,NA
L15,IO_L20N_T3L_N3_AD1N_72,3L,72,HP,2,NA
K16,IO_L19P_T3L_N0_DBC_AD9P_72,3L,72,HP,2,NA
K15,IO_L19N_T3L_N1_DBC_AD9N_72,3L,72,HP,2,NA
L18,IO_L18P_T2U_N10_AD2P_72,2U,72,HP,2,NA
L17,IO_L18N_T2U_N11_AD2N_72,2U,72,HP,2,NA
N16,IO_L17P_T2U_N8_AD10P_72,2U,72,HP,2,NA
M16,IO_L17N_T2U_N9_AD10N_72,2U,72,HP,2,NA
M19,IO_L16P_T2U_N6_QBC_AD3P_72,2U,72,HP,2,NA
L19,IO_L16N_T2U_N7_QBC_AD3N_72,2U,72,HP,2,NA
P16,IO_L15P_T2L_N4_AD11P_72,2L,72,HP,2,NA
P15,IO_L15N_T2L_N5_AD11N_72,2L,72,HP,2,NA
N19,IO_L14P_T2L_N2_GC_72,2L,72,HP,2,NA
N18,IO_L14N_T2L_N3_GC_72,2L,72,HP,2,NA
M20,IO_T2U_N12_72,2U,72,HP,2,NA
N17,IO_L13P_T2L_N0_GC_QBC_72,2L,72,HP,2,NA
M17,IO_L13N_T2L_N1_GC_QBC_72,2L,72,HP,2,NA
R18,IO_L12P_T1U_N10_GC_72,1U,72,HP,2,NA
R17,IO_L12N_T1U_N11_GC_72,1U,72,HP,2,NA
R21,IO_T1U_N12_72,1U,72,HP,2,NA
P19,IO_L11P_T1U_N8_GC_72,1U,72,HP,2,NA
P18,IO_L11N_T1U_N9_GC_72,1U,72,HP,2,NA
T20,IO_L10P_T1U_N6_QBC_AD4P_72,1U,72,HP,2,NA
T19,IO_L10N_T1U_N7_QBC_AD4N_72,1U,72,HP,2,NA
R20,IO_L9P_T1L_N4_AD12P_72,1L,72,HP,2,NA
P20,IO_L9N_T1L_N5_AD12N_72,1L,72,HP,2,NA
T18,IO_L8P_T1L_N2_AD5P_72,1L,72,HP,2,NA
T17,IO_L8N_T1L_N3_AD5N_72,1L,72,HP,2,NA
R16,IO_L7P_T1L_N0_QBC_AD13P_72,1L,72,HP,2,NA
R15,IO_L7N_T1L_N1_QBC_AD13N_72,1L,72,HP,2,NA
W16,IO_L6P_T0U_N10_AD6P_72,0U,72,HP,2,NA
V15,IO_L6N_T0U_N11_AD6N_72,0U,72,HP,2,NA
U20,IO_L5P_T0U_N8_AD14P_72,0U,72,HP,2,NA
U19,IO_L5N_T0U_N9_AD14N_72,0U,72,HP,2,NA
V17,IO_L4P_T0U_N6_DBC_AD7P_72,0U,72,HP,2,NA
V16,IO_L4N_T0U_N7_DBC_AD7N_72,0U,72,HP,2,NA
U17,IO_L3P_T0L_N4_AD15P_72,0L,72,HP,2,NA
U16,IO_L3N_T0L_N5_AD15N_72,0L,72,HP,2,NA
V19,IO_L2P_T0L_N2_72,0L,72,HP,2,NA
V18,IO_L2N_T0L_N3_72,0L,72,HP,2,NA
V21,IO_T0U_N12_VRP_72,0U,72,HP,2,NA
U15,IO_L1P_T0L_N0_DBC_72,0L,72,HP,2,NA
T15,IO_L1N_T0L_N1_DBC_72,0L,72,HP,2,NA
U21,VREF_72,NA,72,HP,2,NA
BG38,MGTYTXN3_119,NA,119,GTY,0,VU160,VU11P
BG37,MGTYTXP3_119,NA,119,GTY,0,VU160,VU11P
BH34,MGTYRXP3_119,NA,119,GTY,0,VU160,VU11P
BH35,MGTYRXN3_119,NA,119,GTY,0,VU160,VU11P
BC42,MGTREFCLK1N_119,NA,119,GTY,0,VU160,VU11P
BC41,MGTREFCLK1P_119,NA,119,GTY,0,VU160,VU11P
BJ38,MGTYTXN2_119,NA,119,GTY,0,VU160,VU11P
BJ37,MGTYTXP2_119,NA,119,GTY,0,VU160,VU11P
BJ32,MGTYRXP2_119,NA,119,GTY,0,VU160,VU11P
BJ33,MGTYRXN2_119,NA,119,GTY,0,VU160,VU11P
BF40,MGTYTXN1_119,NA,119,GTY,0,VU160,VU11P
BF39,MGTYTXP1_119,NA,119,GTY,0,VU160,VU11P
BF34,MGTYRXP1_119,NA,119,GTY,0,VU160,VU11P
BF35,MGTYRXN1_119,NA,119,GTY,0,VU160,VU11P
BD40,MGTREFCLK0N_119,NA,119,GTY,0,VU160,VU11P
BD39,MGTREFCLK0P_119,NA,119,GTY,0,VU160,VU11P
BH40,MGTYTXN0_119,NA,119,GTY,0,VU160,VU11P
BH39,MGTYTXP0_119,NA,119,GTY,0,VU160,VU11P
BG32,MGTYRXP0_119,NA,119,GTY,0,VU160,VU11P
BG33,MGTYRXN0_119,NA,119,GTY,0,VU160,VU11P
BK44,MGTYTXN3_120,NA,120,GTY,0,VU11P
BK43,MGTYTXP3_120,NA,120,GTY,0,VU11P
BJ46,MGTYRXP3_120,NA,120,GTY,0,VU11P
BJ47,MGTYRXN3_120,NA,120,GTY,0,VU11P
BA42,MGTREFCLK1N_120,NA,120,GTY,0,VU11P
BA41,MGTREFCLK1P_120,NA,120,GTY,0,VU11P
BL42,MGTYTXN2_120,NA,120,GTY,0,VU11P
BL41,MGTYTXP2_120,NA,120,GTY,0,VU11P
BL46,MGTYRXP2_120,NA,120,GTY,0,VU11P
BL47,MGTYRXN2_120,NA,120,GTY,0,VU11P
BE41,MGTAVTTRCAL_LS,NA,NA,NA,NA,NA
BE42,MGTRREF_LS,NA,NA,NA,NA,NA
BK40,MGTYTXN1_120,NA,120,GTY,0,VU11P
BK39,MGTYTXP1_120,NA,120,GTY,0,VU11P
BL32,MGTYRXP1_120,NA,120,GTY,0,VU11P
BL33,MGTYRXN1_120,NA,120,GTY,0,VU11P
BB40,MGTREFCLK0N_120,NA,120,GTY,0,VU11P
BB39,MGTREFCLK0P_120,NA,120,GTY,0,VU11P
BL38,MGTYTXN0_120,NA,120,GTY,0,VU11P
BL37,MGTYTXP0_120,NA,120,GTY,0,VU11P
BK34,MGTYRXP0_120,NA,120,GTY,0,VU11P
BK35,MGTYRXN0_120,NA,120,GTY,0,VU11P
BF44,MGTYTXN3_121,NA,121,GTY,0,VU11P
BF43,MGTYTXP3_121,NA,121,GTY,0,VU11P
BF48,MGTYRXP3_121,NA,121,GTY,0,VU11P
BF49,MGTYRXN3_121,NA,121,GTY,0,VU11P
AW42,MGTREFCLK1N_121,NA,121,GTY,0,VU11P
AW41,MGTREFCLK1P_121,NA,121,GTY,0,VU11P
BH44,MGTYTXN2_121,NA,121,GTY,0,VU11P
BH43,MGTYTXP2_121,NA,121,GTY,0,VU11P
BG46,MGTYRXP2_121,NA,121,GTY,0,VU11P
BG47,MGTYRXN2_121,NA,121,GTY,0,VU11P
BJ42,MGTYTXN1_121,NA,121,GTY,0,VU11P
BJ41,MGTYTXP1_121,NA,121,GTY,0,VU11P
BG50,MGTYRXP1_121,NA,121,GTY,0,VU11P
BG51,MGTYRXN1_121,NA,121,GTY,0,VU11P
AY40,MGTREFCLK0N_121,NA,121,GTY,0,VU11P
AY39,MGTREFCLK0P_121,NA,121,GTY,0,VU11P
BG42,MGTYTXN0_121,NA,121,GTY,0,VU11P
BG41,MGTYTXP0_121,NA,121,GTY,0,VU11P
BH48,MGTYRXP0_121,NA,121,GTY,0,VU11P
BH49,MGTYRXN0_121,NA,121,GTY,0,VU11P
BB44,MGTYTXN3_122,NA,122,GTY,0,VU11P
BB43,MGTYTXP3_122,NA,122,GTY,0,VU11P
BB48,MGTYRXP3_122,NA,122,GTY,0,VU11P
BB49,MGTYRXN3_122,NA,122,GTY,0,VU11P
AU42,MGTREFCLK1N_122,NA,122,GTY,0,VU11P
AU41,MGTREFCLK1P_122,NA,122,GTY,0,VU11P
BC46,MGTYTXN2_122,NA,122,GTY,0,VU11P
BC45,MGTYTXP2_122,NA,122,GTY,0,VU11P
BC50,MGTYRXP2_122,NA,122,GTY,0,VU11P
BC51,MGTYRXN2_122,NA,122,GTY,0,VU11P
BD44,MGTYTXN1_122,NA,122,GTY,0,VU11P
BD43,MGTYTXP1_122,NA,122,GTY,0,VU11P
BD48,MGTYRXP1_122,NA,122,GTY,0,VU11P
BD49,MGTYRXN1_122,NA,122,GTY,0,VU11P
AV40,MGTREFCLK0N_122,NA,122,GTY,0,VU11P
AV39,MGTREFCLK0P_122,NA,122,GTY,0,VU11P
BE46,MGTYTXN0_122,NA,122,GTY,0,VU11P
BE45,MGTYTXP0_122,NA,122,GTY,0,VU11P
BE50,MGTYRXP0_122,NA,122,GTY,0,VU11P
BE51,MGTYRXN0_122,NA,122,GTY,0,VU11P
AV44,MGTYTXN3_123,NA,123,GTY,0,NA
AV43,MGTYTXP3_123,NA,123,GTY,0,NA
AV48,MGTYRXP3_123,NA,123,GTY,0,NA
AV49,MGTYRXN3_123,NA,123,GTY,0,NA
AR42,MGTREFCLK1N_123,NA,123,GTY,0,NA
AR41,MGTREFCLK1P_123,NA,123,GTY,0,NA
AW46,MGTYTXN2_123,NA,123,GTY,0,NA
AW45,MGTYTXP2_123,NA,123,GTY,0,NA
AW50,MGTYRXP2_123,NA,123,GTY,0,NA
AW51,MGTYRXN2_123,NA,123,GTY,0,NA
AY44,MGTYTXN1_123,NA,123,GTY,0,NA
AY43,MGTYTXP1_123,NA,123,GTY,0,NA
AY48,MGTYRXP1_123,NA,123,GTY,0,NA
AY49,MGTYRXN1_123,NA,123,GTY,0,NA
AT40,MGTREFCLK0N_123,NA,123,GTY,0,NA
AT39,MGTREFCLK0P_123,NA,123,GTY,0,NA
BA46,MGTYTXN0_123,NA,123,GTY,0,NA
BA45,MGTYTXP0_123,NA,123,GTY,0,NA
BA50,MGTYRXP0_123,NA,123,GTY,0,NA
BA51,MGTYRXN0_123,NA,123,GTY,0,NA
AP44,MGTYTXN3_124,NA,124,GTY,1,NA
AP43,MGTYTXP3_124,NA,124,GTY,1,NA
AP48,MGTYRXP3_124,NA,124,GTY,1,NA
AP49,MGTYRXN3_124,NA,124,GTY,1,NA
AN42,MGTREFCLK1N_124,NA,124,GTY,1,NA
AN41,MGTREFCLK1P_124,NA,124,GTY,1,NA
AR46,MGTYTXN2_124,NA,124,GTY,1,NA
AR45,MGTYTXP2_124,NA,124,GTY,1,NA
AR50,MGTYRXP2_124,NA,124,GTY,1,NA
AR51,MGTYRXN2_124,NA,124,GTY,1,NA
AT44,MGTYTXN1_124,NA,124,GTY,1,NA
AT43,MGTYTXP1_124,NA,124,GTY,1,NA
AT48,MGTYRXP1_124,NA,124,GTY,1,NA
AT49,MGTYRXN1_124,NA,124,GTY,1,NA
AP40,MGTREFCLK0N_124,NA,124,GTY,1,NA
AP39,MGTREFCLK0P_124,NA,124,GTY,1,NA
AU46,MGTYTXN0_124,NA,124,GTY,1,NA
AU45,MGTYTXP0_124,NA,124,GTY,1,NA
AU50,MGTYRXP0_124,NA,124,GTY,1,NA
AU51,MGTYRXN0_124,NA,124,GTY,1,NA
AK44,MGTYTXN3_125,NA,125,GTY,1,NA
AK43,MGTYTXP3_125,NA,125,GTY,1,NA
AK48,MGTYRXP3_125,NA,125,GTY,1,NA
AK49,MGTYRXN3_125,NA,125,GTY,1,NA
AL42,MGTREFCLK1N_125,NA,125,GTY,1,NA
AL41,MGTREFCLK1P_125,NA,125,GTY,1,NA
AL46,MGTYTXN2_125,NA,125,GTY,1,NA
AL45,MGTYTXP2_125,NA,125,GTY,1,NA
AL50,MGTYRXP2_125,NA,125,GTY,1,NA
AL51,MGTYRXN2_125,NA,125,GTY,1,NA
AK39,MGTAVTTRCAL_LC,NA,NA,NA,NA,NA
AK40,MGTRREF_LC,NA,NA,NA,NA,NA
AM44,MGTYTXN1_125,NA,125,GTY,1,NA
AM43,MGTYTXP1_125,NA,125,GTY,1,NA
AM48,MGTYRXP1_125,NA,125,GTY,1,NA
AM49,MGTYRXN1_125,NA,125,GTY,1,NA
AM40,MGTREFCLK0N_125,NA,125,GTY,1,NA
AM39,MGTREFCLK0P_125,NA,125,GTY,1,NA
AN46,MGTYTXN0_125,NA,125,GTY,1,NA
AN45,MGTYTXP0_125,NA,125,GTY,1,NA
AN50,MGTYRXP0_125,NA,125,GTY,1,NA
AN51,MGTYRXN0_125,NA,125,GTY,1,NA
AF44,MGTYTXN3_126,NA,126,GTY,1,NA
AF43,MGTYTXP3_126,NA,126,GTY,1,NA
AF48,MGTYRXP3_126,NA,126,GTY,1,NA
AF49,MGTYRXN3_126,NA,126,GTY,1,NA
AG42,MGTREFCLK1N_126,NA,126,GTY,1,NA
AG41,MGTREFCLK1P_126,NA,126,GTY,1,NA
AG46,MGTYTXN2_126,NA,126,GTY,1,NA
AG45,MGTYTXP2_126,NA,126,GTY,1,NA
AG50,MGTYRXP2_126,NA,126,GTY,1,NA
AG51,MGTYRXN2_126,NA,126,GTY,1,NA
AH44,MGTYTXN1_126,NA,126,GTY,1,NA
AH43,MGTYTXP1_126,NA,126,GTY,1,NA
AH48,MGTYRXP1_126,NA,126,GTY,1,NA
AH49,MGTYRXN1_126,NA,126,GTY,1,NA
AJ42,MGTREFCLK0N_126,NA,126,GTY,1,NA
AJ41,MGTREFCLK0P_126,NA,126,GTY,1,NA
AJ46,MGTYTXN0_126,NA,126,GTY,1,NA
AJ45,MGTYTXP0_126,NA,126,GTY,1,NA
AJ50,MGTYRXP0_126,NA,126,GTY,1,NA
AJ51,MGTYRXN0_126,NA,126,GTY,1,NA
AB44,MGTYTXN3_127,NA,127,GTY,1,NA
AB43,MGTYTXP3_127,NA,127,GTY,1,NA
AB48,MGTYRXP3_127,NA,127,GTY,1,NA
AB49,MGTYRXN3_127,NA,127,GTY,1,NA
AC42,MGTREFCLK1N_127,NA,127,GTY,1,NA
AC41,MGTREFCLK1P_127,NA,127,GTY,1,NA
AC46,MGTYTXN2_127,NA,127,GTY,1,NA
AC45,MGTYTXP2_127,NA,127,GTY,1,NA
AC50,MGTYRXP2_127,NA,127,GTY,1,NA
AC51,MGTYRXN2_127,NA,127,GTY,1,NA
AD44,MGTYTXN1_127,NA,127,GTY,1,NA
AD43,MGTYTXP1_127,NA,127,GTY,1,NA
AD48,MGTYRXP1_127,NA,127,GTY,1,NA
AD49,MGTYRXN1_127,NA,127,GTY,1,NA
AE42,MGTREFCLK0N_127,NA,127,GTY,1,NA
AE41,MGTREFCLK0P_127,NA,127,GTY,1,NA
AE46,MGTYTXN0_127,NA,127,GTY,1,NA
AE45,MGTYTXP0_127,NA,127,GTY,1,NA
AE50,MGTYRXP0_127,NA,127,GTY,1,NA
AE51,MGTYRXN0_127,NA,127,GTY,1,NA
V44,MGTYTXN3_128,NA,128,GTY,1,NA
V43,MGTYTXP3_128,NA,128,GTY,1,NA
V48,MGTYRXP3_128,NA,128,GTY,1,NA
V49,MGTYRXN3_128,NA,128,GTY,1,NA
Y40,MGTREFCLK1N_128,NA,128,GTY,1,NA
Y39,MGTREFCLK1P_128,NA,128,GTY,1,NA
W46,MGTYTXN2_128,NA,128,GTY,1,NA
W45,MGTYTXP2_128,NA,128,GTY,1,NA
W50,MGTYRXP2_128,NA,128,GTY,1,NA
W51,MGTYRXN2_128,NA,128,GTY,1,NA
Y44,MGTYTXN1_128,NA,128,GTY,1,NA
Y43,MGTYTXP1_128,NA,128,GTY,1,NA
Y48,MGTYRXP1_128,NA,128,GTY,1,NA
Y49,MGTYRXN1_128,NA,128,GTY,1,NA
AA42,MGTREFCLK0N_128,NA,128,GTY,1,NA
AA41,MGTREFCLK0P_128,NA,128,GTY,1,NA
AA46,MGTYTXN0_128,NA,128,GTY,1,NA
AA45,MGTYTXP0_128,NA,128,GTY,1,NA
AA50,MGTYRXP0_128,NA,128,GTY,1,NA
AA51,MGTYRXN0_128,NA,128,GTY,1,NA
P44,MGTYTXN3_129,NA,129,GTY,2,NA
P43,MGTYTXP3_129,NA,129,GTY,2,NA
P48,MGTYRXP3_129,NA,129,GTY,2,NA
P49,MGTYRXN3_129,NA,129,GTY,2,NA
V40,MGTREFCLK1N_129,NA,129,GTY,2,NA
V39,MGTREFCLK1P_129,NA,129,GTY,2,NA
R46,MGTYTXN2_129,NA,129,GTY,2,NA
R45,MGTYTXP2_129,NA,129,GTY,2,NA
R50,MGTYRXP2_129,NA,129,GTY,2,NA
R51,MGTYRXN2_129,NA,129,GTY,2,NA
T44,MGTYTXN1_129,NA,129,GTY,2,NA
T43,MGTYTXP1_129,NA,129,GTY,2,NA
T48,MGTYRXP1_129,NA,129,GTY,2,NA
T49,MGTYRXN1_129,NA,129,GTY,2,NA
W42,MGTREFCLK0N_129,NA,129,GTY,2,NA
W41,MGTREFCLK0P_129,NA,129,GTY,2,NA
U46,MGTYTXN0_129,NA,129,GTY,2,NA
U45,MGTYTXP0_129,NA,129,GTY,2,NA
U50,MGTYRXP0_129,NA,129,GTY,2,NA
U51,MGTYRXN0_129,NA,129,GTY,2,NA
K44,MGTYTXN3_130,NA,130,GTY,2,NA
K43,MGTYTXP3_130,NA,130,GTY,2,NA
K48,MGTYRXP3_130,NA,130,GTY,2,NA
K49,MGTYRXN3_130,NA,130,GTY,2,NA
T40,MGTREFCLK1N_130,NA,130,GTY,2,NA
T39,MGTREFCLK1P_130,NA,130,GTY,2,NA
L46,MGTYTXN2_130,NA,130,GTY,2,NA
L45,MGTYTXP2_130,NA,130,GTY,2,NA
L50,MGTYRXP2_130,NA,130,GTY,2,NA
L51,MGTYRXN2_130,NA,130,GTY,2,NA
G41,MGTAVTTRCAL_LN,NA,NA,NA,NA,NA
G42,MGTRREF_LN,NA,NA,NA,NA,NA
M44,MGTYTXN1_130,NA,130,GTY,2,NA
M43,MGTYTXP1_130,NA,130,GTY,2,NA
M48,MGTYRXP1_130,NA,130,GTY,2,NA
M49,MGTYRXN1_130,NA,130,GTY,2,NA
U42,MGTREFCLK0N_130,NA,130,GTY,2,NA
U41,MGTREFCLK0P_130,NA,130,GTY,2,NA
N46,MGTYTXN0_130,NA,130,GTY,2,NA
N45,MGTYTXP0_130,NA,130,GTY,2,NA
N50,MGTYRXP0_130,NA,130,GTY,2,NA
N51,MGTYRXN0_130,NA,130,GTY,2,NA
F44,MGTYTXN3_131,NA,131,GTY,2,NA
F43,MGTYTXP3_131,NA,131,GTY,2,NA
F48,MGTYRXP3_131,NA,131,GTY,2,NA
F49,MGTYRXN3_131,NA,131,GTY,2,NA
P40,MGTREFCLK1N_131,NA,131,GTY,2,NA
P39,MGTREFCLK1P_131,NA,131,GTY,2,NA
G46,MGTYTXN2_131,NA,131,GTY,2,NA
G45,MGTYTXP2_131,NA,131,GTY,2,NA
G50,MGTYRXP2_131,NA,131,GTY,2,NA
G51,MGTYRXN2_131,NA,131,GTY,2,NA
H44,MGTYTXN1_131,NA,131,GTY,2,NA
H43,MGTYTXP1_131,NA,131,GTY,2,NA
H48,MGTYRXP1_131,NA,131,GTY,2,NA
H49,MGTYRXN1_131,NA,131,GTY,2,NA
R42,MGTREFCLK0N_131,NA,131,GTY,2,NA
R41,MGTREFCLK0P_131,NA,131,GTY,2,NA
J46,MGTYTXN0_131,NA,131,GTY,2,NA
J45,MGTYTXP0_131,NA,131,GTY,2,NA
J50,MGTYRXP0_131,NA,131,GTY,2,NA
J51,MGTYRXN0_131,NA,131,GTY,2,NA
E42,MGTYTXN3_132,NA,132,GTY,2,NA
E41,MGTYTXP3_132,NA,132,GTY,2,NA
C46,MGTYRXP3_132,NA,132,GTY,2,NA
C47,MGTYRXN3_132,NA,132,GTY,2,NA
M40,MGTREFCLK1N_132,NA,132,GTY,2,NA
M39,MGTREFCLK1P_132,NA,132,GTY,2,NA
C42,MGTYTXN2_132,NA,132,GTY,2,NA
C41,MGTYTXP2_132,NA,132,GTY,2,NA
E46,MGTYRXP2_132,NA,132,GTY,2,NA
E47,MGTYRXN2_132,NA,132,GTY,2,NA
B44,MGTYTXN1_132,NA,132,GTY,2,NA
B43,MGTYTXP1_132,NA,132,GTY,2,NA
D48,MGTYRXP1_132,NA,132,GTY,2,NA
D49,MGTYRXN1_132,NA,132,GTY,2,NA
N42,MGTREFCLK0N_132,NA,132,GTY,2,NA
N41,MGTREFCLK0P_132,NA,132,GTY,2,NA
D44,MGTYTXN0_132,NA,132,GTY,2,NA
D43,MGTYTXP0_132,NA,132,GTY,2,NA
E50,MGTYRXP0_132,NA,132,GTY,2,NA
E51,MGTYRXN0_132,NA,132,GTY,2,NA
C38,MGTYTXN3_133,NA,133,GTY,2,VU160
C37,MGTYTXP3_133,NA,133,GTY,2,VU160
C32,MGTYRXP3_133,NA,133,GTY,2,VU160
C33,MGTYRXN3_133,NA,133,GTY,2,VU160
K40,MGTREFCLK1N_133,NA,133,GTY,2,VU160
K39,MGTREFCLK1P_133,NA,133,GTY,2,VU160
A38,MGTYTXN2_133,NA,133,GTY,2,VU160
A37,MGTYTXP2_133,NA,133,GTY,2,VU160
B34,MGTYRXP2_133,NA,133,GTY,2,VU160
B35,MGTYRXN2_133,NA,133,GTY,2,VU160
B40,MGTYTXN1_133,NA,133,GTY,2,VU160
B39,MGTYTXP1_133,NA,133,GTY,2,VU160
A32,MGTYRXP1_133,NA,133,GTY,2,VU160
A33,MGTYRXN1_133,NA,133,GTY,2,VU160
L42,MGTREFCLK0N_133,NA,133,GTY,2,VU160
L41,MGTREFCLK0P_133,NA,133,GTY,2,VU160
A42,MGTYTXN0_133,NA,133,GTY,2,VU160
A41,MGTYTXP0_133,NA,133,GTY,2,VU160
A46,MGTYRXP0_133,NA,133,GTY,2,VU160
A47,MGTYRXN0_133,NA,133,GTY,2,VU160
BG15,MGTHTXP3_219,NA,219,GTH,0,VU160,VU11P
BH18,MGTHRXP3_219,NA,219,GTH,0,VU160,VU11P
BH17,MGTHRXN3_219,NA,219,GTH,0,VU160,VU11P
BG14,MGTHTXN3_219,NA,219,GTH,0,VU160,VU11P
BC11,MGTREFCLK1P_219,NA,219,GTH,0,VU160,VU11P
BC10,MGTREFCLK1N_219,NA,219,GTH,0,VU160,VU11P
BJ15,MGTHTXP2_219,NA,219,GTH,0,VU160,VU11P
BJ20,MGTHRXP2_219,NA,219,GTH,0,VU160,VU11P
BJ19,MGTHRXN2_219,NA,219,GTH,0,VU160,VU11P
BJ14,MGTHTXN2_219,NA,219,GTH,0,VU160,VU11P
BF13,MGTHTXP1_219,NA,219,GTH,0,VU160,VU11P
BF18,MGTHRXP1_219,NA,219,GTH,0,VU160,VU11P
BF17,MGTHRXN1_219,NA,219,GTH,0,VU160,VU11P
BF12,MGTHTXN1_219,NA,219,GTH,0,VU160,VU11P
BD13,MGTREFCLK0P_219,NA,219,GTH,0,VU160,VU11P
BD12,MGTREFCLK0N_219,NA,219,GTH,0,VU160,VU11P
BH13,MGTHTXP0_219,NA,219,GTH,0,VU160,VU11P
BG20,MGTHRXP0_219,NA,219,GTH,0,VU160,VU11P
BG19,MGTHRXN0_219,NA,219,GTH,0,VU160,VU11P
BH12,MGTHTXN0_219,NA,219,GTH,0,VU160,VU11P
BK9,MGTHTXP3_220,NA,220,GTH,0,VU11P
BJ6,MGTHRXP3_220,NA,220,GTH,0,VU11P
BJ5,MGTHRXN3_220,NA,220,GTH,0,VU11P
BK8,MGTHTXN3_220,NA,220,GTH,0,VU11P
BA11,MGTREFCLK1P_220,NA,220,GTH,0,VU11P
BA10,MGTREFCLK1N_220,NA,220,GTH,0,VU11P
BL11,MGTHTXP2_220,NA,220,GTH,0,VU11P
BL6,MGTHRXP2_220,NA,220,GTH,0,VU11P
BL5,MGTHRXN2_220,NA,220,GTH,0,VU11P
BL10,MGTHTXN2_220,NA,220,GTH,0,VU11P
BK13,MGTHTXP1_220,NA,220,GTH,0,VU11P
BL20,MGTHRXP1_220,NA,220,GTH,0,VU11P
BL19,MGTHRXN1_220,NA,220,GTH,0,VU11P
BK12,MGTHTXN1_220,NA,220,GTH,0,VU11P
BB13,MGTREFCLK0P_220,NA,220,GTH,0,VU11P
BB12,MGTREFCLK0N_220,NA,220,GTH,0,VU11P
BL15,MGTHTXP0_220,NA,220,GTH,0,VU11P
BK18,MGTHRXP0_220,NA,220,GTH,0,VU11P
BK17,MGTHRXN0_220,NA,220,GTH,0,VU11P
BL14,MGTHTXN0_220,NA,220,GTH,0,VU11P
BF9,MGTHTXP3_221,NA,221,GTH,0,VU11P
BF4,MGTHRXP3_221,NA,221,GTH,0,VU11P
BF3,MGTHRXN3_221,NA,221,GTH,0,VU11P
BF8,MGTHTXN3_221,NA,221,GTH,0,VU11P
AW11,MGTREFCLK1P_221,NA,221,GTH,0,VU11P
AW10,MGTREFCLK1N_221,NA,221,GTH,0,VU11P
BH9,MGTHTXP2_221,NA,221,GTH,0,VU11P
BG6,MGTHRXP2_221,NA,221,GTH,0,VU11P
BG5,MGTHRXN2_221,NA,221,GTH,0,VU11P
BH8,MGTHTXN2_221,NA,221,GTH,0,VU11P
BE10,MGTRREF_RS,NA,NA,NA,NA,NA
BE11,MGTAVTTRCAL_RS,NA,NA,NA,NA,NA
BJ11,MGTHTXP1_221,NA,221,GTH,0,VU11P
BG2,MGTHRXP1_221,NA,221,GTH,0,VU11P
BG1,MGTHRXN1_221,NA,221,GTH,0,VU11P
BJ10,MGTHTXN1_221,NA,221,GTH,0,VU11P
AY13,MGTREFCLK0P_221,NA,221,GTH,0,VU11P
AY12,MGTREFCLK0N_221,NA,221,GTH,0,VU11P
BG11,MGTHTXP0_221,NA,221,GTH,0,VU11P
BH4,MGTHRXP0_221,NA,221,GTH,0,VU11P
BH3,MGTHRXN0_221,NA,221,GTH,0,VU11P
BG10,MGTHTXN0_221,NA,221,GTH,0,VU11P
BB9,MGTHTXP3_222,NA,222,GTH,0,VU11P
BB4,MGTHRXP3_222,NA,222,GTH,0,VU11P
BB3,MGTHRXN3_222,NA,222,GTH,0,VU11P
BB8,MGTHTXN3_222,NA,222,GTH,0,VU11P
AU11,MGTREFCLK1P_222,NA,222,GTH,0,VU11P
AU10,MGTREFCLK1N_222,NA,222,GTH,0,VU11P
BC7,MGTHTXP2_222,NA,222,GTH,0,VU11P
BC2,MGTHRXP2_222,NA,222,GTH,0,VU11P
BC1,MGTHRXN2_222,NA,222,GTH,0,VU11P
BC6,MGTHTXN2_222,NA,222,GTH,0,VU11P
BD9,MGTHTXP1_222,NA,222,GTH,0,VU11P
BD4,MGTHRXP1_222,NA,222,GTH,0,VU11P
BD3,MGTHRXN1_222,NA,222,GTH,0,VU11P
BD8,MGTHTXN1_222,NA,222,GTH,0,VU11P
AV13,MGTREFCLK0P_222,NA,222,GTH,0,VU11P
AV12,MGTREFCLK0N_222,NA,222,GTH,0,VU11P
BE7,MGTHTXP0_222,NA,222,GTH,0,VU11P
BE2,MGTHRXP0_222,NA,222,GTH,0,VU11P
BE1,MGTHRXN0_222,NA,222,GTH,0,VU11P
BE6,MGTHTXN0_222,NA,222,GTH,0,VU11P
AV9,MGTHTXP3_223,NA,223,GTH,0,NA
AV4,MGTHRXP3_223,NA,223,GTH,0,NA
AV3,MGTHRXN3_223,NA,223,GTH,0,NA
AV8,MGTHTXN3_223,NA,223,GTH,0,NA
AR11,MGTREFCLK1P_223,NA,223,GTH,0,NA
AR10,MGTREFCLK1N_223,NA,223,GTH,0,NA
AW7,MGTHTXP2_223,NA,223,GTH,0,NA
AW2,MGTHRXP2_223,NA,223,GTH,0,NA
AW1,MGTHRXN2_223,NA,223,GTH,0,NA
AW6,MGTHTXN2_223,NA,223,GTH,0,NA
AY9,MGTHTXP1_223,NA,223,GTH,0,NA
AY4,MGTHRXP1_223,NA,223,GTH,0,NA
AY3,MGTHRXN1_223,NA,223,GTH,0,NA
AY8,MGTHTXN1_223,NA,223,GTH,0,NA
AT13,MGTREFCLK0P_223,NA,223,GTH,0,NA
AT12,MGTREFCLK0N_223,NA,223,GTH,0,NA
BA7,MGTHTXP0_223,NA,223,GTH,0,NA
BA2,MGTHRXP0_223,NA,223,GTH,0,NA
BA1,MGTHRXN0_223,NA,223,GTH,0,NA
BA6,MGTHTXN0_223,NA,223,GTH,0,NA
AP9,MGTHTXP3_224,NA,224,GTH,1,NA
AP4,MGTHRXP3_224,NA,224,GTH,1,NA
AP3,MGTHRXN3_224,NA,224,GTH,1,NA
AP8,MGTHTXN3_224,NA,224,GTH,1,NA
AN11,MGTREFCLK1P_224,NA,224,GTH,1,NA
AN10,MGTREFCLK1N_224,NA,224,GTH,1,NA
AR7,MGTHTXP2_224,NA,224,GTH,1,NA
AR2,MGTHRXP2_224,NA,224,GTH,1,NA
AR1,MGTHRXN2_224,NA,224,GTH,1,NA
AR6,MGTHTXN2_224,NA,224,GTH,1,NA
AT9,MGTHTXP1_224,NA,224,GTH,1,NA
AT4,MGTHRXP1_224,NA,224,GTH,1,NA
AT3,MGTHRXN1_224,NA,224,GTH,1,NA
AT8,MGTHTXN1_224,NA,224,GTH,1,NA
AP13,MGTREFCLK0P_224,NA,224,GTH,1,NA
AP12,MGTREFCLK0N_224,NA,224,GTH,1,NA
AU7,MGTHTXP0_224,NA,224,GTH,1,NA
AU2,MGTHRXP0_224,NA,224,GTH,1,NA
AU1,MGTHRXN0_224,NA,224,GTH,1,NA
AU6,MGTHTXN0_224,NA,224,GTH,1,NA
AK9,MGTHTXP3_225,NA,225,GTH,1,NA
AK4,MGTHRXP3_225,NA,225,GTH,1,NA
AK3,MGTHRXN3_225,NA,225,GTH,1,NA
AK8,MGTHTXN3_225,NA,225,GTH,1,NA
AL11,MGTREFCLK1P_225,NA,225,GTH,1,NA
AL10,MGTREFCLK1N_225,NA,225,GTH,1,NA
AL7,MGTHTXP2_225,NA,225,GTH,1,NA
AL2,MGTHRXP2_225,NA,225,GTH,1,NA
AL1,MGTHRXN2_225,NA,225,GTH,1,NA
AL6,MGTHTXN2_225,NA,225,GTH,1,NA
AM9,MGTHTXP1_225,NA,225,GTH,1,NA
AM4,MGTHRXP1_225,NA,225,GTH,1,NA
AM3,MGTHRXN1_225,NA,225,GTH,1,NA
AM8,MGTHTXN1_225,NA,225,GTH,1,NA
AM13,MGTREFCLK0P_225,NA,225,GTH,1,NA
AM12,MGTREFCLK0N_225,NA,225,GTH,1,NA
AN7,MGTHTXP0_225,NA,225,GTH,1,NA
AN2,MGTHRXP0_225,NA,225,GTH,1,NA
AN1,MGTHRXN0_225,NA,225,GTH,1,NA
AN6,MGTHTXN0_225,NA,225,GTH,1,NA
AF9,MGTHTXP3_226,NA,226,GTH,1,NA
AF4,MGTHRXP3_226,NA,226,GTH,1,NA
AF3,MGTHRXN3_226,NA,226,GTH,1,NA
AF8,MGTHTXN3_226,NA,226,GTH,1,NA
AG11,MGTREFCLK1P_226,NA,226,GTH,1,NA
AG10,MGTREFCLK1N_226,NA,226,GTH,1,NA
AG7,MGTHTXP2_226,NA,226,GTH,1,NA
AG2,MGTHRXP2_226,NA,226,GTH,1,NA
AG1,MGTHRXN2_226,NA,226,GTH,1,NA
AG6,MGTHTXN2_226,NA,226,GTH,1,NA
AK12,MGTRREF_RC,NA,NA,NA,NA,NA
AK13,MGTAVTTRCAL_RC,NA,NA,NA,NA,NA
AH9,MGTHTXP1_226,NA,226,GTH,1,NA
AH4,MGTHRXP1_226,NA,226,GTH,1,NA
AH3,MGTHRXN1_226,NA,226,GTH,1,NA
AH8,MGTHTXN1_226,NA,226,GTH,1,NA
AJ11,MGTREFCLK0P_226,NA,226,GTH,1,NA
AJ10,MGTREFCLK0N_226,NA,226,GTH,1,NA
AJ7,MGTHTXP0_226,NA,226,GTH,1,NA
AJ2,MGTHRXP0_226,NA,226,GTH,1,NA
AJ1,MGTHRXN0_226,NA,226,GTH,1,NA
AJ6,MGTHTXN0_226,NA,226,GTH,1,NA
AB9,MGTHTXP3_227,NA,227,GTH,1,NA
AB4,MGTHRXP3_227,NA,227,GTH,1,NA
AB3,MGTHRXN3_227,NA,227,GTH,1,NA
AB8,MGTHTXN3_227,NA,227,GTH,1,NA
AC11,MGTREFCLK1P_227,NA,227,GTH,1,NA
AC10,MGTREFCLK1N_227,NA,227,GTH,1,NA
AC7,MGTHTXP2_227,NA,227,GTH,1,NA
AC2,MGTHRXP2_227,NA,227,GTH,1,NA
AC1,MGTHRXN2_227,NA,227,GTH,1,NA
AC6,MGTHTXN2_227,NA,227,GTH,1,NA
AD9,MGTHTXP1_227,NA,227,GTH,1,NA
AD4,MGTHRXP1_227,NA,227,GTH,1,NA
AD3,MGTHRXN1_227,NA,227,GTH,1,NA
AD8,MGTHTXN1_227,NA,227,GTH,1,NA
AE11,MGTREFCLK0P_227,NA,227,GTH,1,NA
AE10,MGTREFCLK0N_227,NA,227,GTH,1,NA
AE7,MGTHTXP0_227,NA,227,GTH,1,NA
AE2,MGTHRXP0_227,NA,227,GTH,1,NA
AE1,MGTHRXN0_227,NA,227,GTH,1,NA
AE6,MGTHTXN0_227,NA,227,GTH,1,NA
V9,MGTHTXP3_228,NA,228,GTH,1,NA
V4,MGTHRXP3_228,NA,228,GTH,1,NA
V3,MGTHRXN3_228,NA,228,GTH,1,NA
V8,MGTHTXN3_228,NA,228,GTH,1,NA
Y13,MGTREFCLK1P_228,NA,228,GTH,1,NA
Y12,MGTREFCLK1N_228,NA,228,GTH,1,NA
W7,MGTHTXP2_228,NA,228,GTH,1,NA
W2,MGTHRXP2_228,NA,228,GTH,1,NA
W1,MGTHRXN2_228,NA,228,GTH,1,NA
W6,MGTHTXN2_228,NA,228,GTH,1,NA
Y9,MGTHTXP1_228,NA,228,GTH,1,NA
Y4,MGTHRXP1_228,NA,228,GTH,1,NA
Y3,MGTHRXN1_228,NA,228,GTH,1,NA
Y8,MGTHTXN1_228,NA,228,GTH,1,NA
AA11,MGTREFCLK0P_228,NA,228,GTH,1,NA
AA10,MGTREFCLK0N_228,NA,228,GTH,1,NA
AA7,MGTHTXP0_228,NA,228,GTH,1,NA
AA2,MGTHRXP0_228,NA,228,GTH,1,NA
AA1,MGTHRXN0_228,NA,228,GTH,1,NA
AA6,MGTHTXN0_228,NA,228,GTH,1,NA
P9,MGTHTXP3_229,NA,229,GTH,2,NA
P4,MGTHRXP3_229,NA,229,GTH,2,NA
P3,MGTHRXN3_229,NA,229,GTH,2,NA
P8,MGTHTXN3_229,NA,229,GTH,2,NA
V13,MGTREFCLK1P_229,NA,229,GTH,2,NA
V12,MGTREFCLK1N_229,NA,229,GTH,2,NA
R7,MGTHTXP2_229,NA,229,GTH,2,NA
R2,MGTHRXP2_229,NA,229,GTH,2,NA
R1,MGTHRXN2_229,NA,229,GTH,2,NA
R6,MGTHTXN2_229,NA,229,GTH,2,NA
T9,MGTHTXP1_229,NA,229,GTH,2,NA
T4,MGTHRXP1_229,NA,229,GTH,2,NA
T3,MGTHRXN1_229,NA,229,GTH,2,NA
T8,MGTHTXN1_229,NA,229,GTH,2,NA
W11,MGTREFCLK0P_229,NA,229,GTH,2,NA
W10,MGTREFCLK0N_229,NA,229,GTH,2,NA
U7,MGTHTXP0_229,NA,229,GTH,2,NA
U2,MGTHRXP0_229,NA,229,GTH,2,NA
U1,MGTHRXN0_229,NA,229,GTH,2,NA
U6,MGTHTXN0_229,NA,229,GTH,2,NA
K9,MGTHTXP3_230,NA,230,GTH,2,NA
K4,MGTHRXP3_230,NA,230,GTH,2,NA
K3,MGTHRXN3_230,NA,230,GTH,2,NA
K8,MGTHTXN3_230,NA,230,GTH,2,NA
T13,MGTREFCLK1P_230,NA,230,GTH,2,NA
T12,MGTREFCLK1N_230,NA,230,GTH,2,NA
L7,MGTHTXP2_230,NA,230,GTH,2,NA
L2,MGTHRXP2_230,NA,230,GTH,2,NA
L1,MGTHRXN2_230,NA,230,GTH,2,NA
L6,MGTHTXN2_230,NA,230,GTH,2,NA
M9,MGTHTXP1_230,NA,230,GTH,2,NA
M4,MGTHRXP1_230,NA,230,GTH,2,NA
M3,MGTHRXN1_230,NA,230,GTH,2,NA
M8,MGTHTXN1_230,NA,230,GTH,2,NA
U11,MGTREFCLK0P_230,NA,230,GTH,2,NA
U10,MGTREFCLK0N_230,NA,230,GTH,2,NA
N7,MGTHTXP0_230,NA,230,GTH,2,NA
N2,MGTHRXP0_230,NA,230,GTH,2,NA
N1,MGTHRXN0_230,NA,230,GTH,2,NA
N6,MGTHTXN0_230,NA,230,GTH,2,NA
F9,MGTHTXP3_231,NA,231,GTH,2,NA
F4,MGTHRXP3_231,NA,231,GTH,2,NA
F3,MGTHRXN3_231,NA,231,GTH,2,NA
F8,MGTHTXN3_231,NA,231,GTH,2,NA
P13,MGTREFCLK1P_231,NA,231,GTH,2,NA
P12,MGTREFCLK1N_231,NA,231,GTH,2,NA
G7,MGTHTXP2_231,NA,231,GTH,2,NA
G2,MGTHRXP2_231,NA,231,GTH,2,NA
G1,MGTHRXN2_231,NA,231,GTH,2,NA
G6,MGTHTXN2_231,NA,231,GTH,2,NA
G10,MGTRREF_RN,NA,NA,NA,NA,NA
G11,MGTAVTTRCAL_RN,NA,NA,NA,NA,NA
H9,MGTHTXP1_231,NA,231,GTH,2,NA
H4,MGTHRXP1_231,NA,231,GTH,2,NA
H3,MGTHRXN1_231,NA,231,GTH,2,NA
H8,MGTHTXN1_231,NA,231,GTH,2,NA
R11,MGTREFCLK0P_231,NA,231,GTH,2,NA
R10,MGTREFCLK0N_231,NA,231,GTH,2,NA
J7,MGTHTXP0_231,NA,231,GTH,2,NA
J2,MGTHRXP0_231,NA,231,GTH,2,NA
J1,MGTHRXN0_231,NA,231,GTH,2,NA
J6,MGTHTXN0_231,NA,231,GTH,2,NA
E11,MGTHTXP3_232,NA,232,GTH,2,NA
C6,MGTHRXP3_232,NA,232,GTH,2,NA
C5,MGTHRXN3_232,NA,232,GTH,2,NA
E10,MGTHTXN3_232,NA,232,GTH,2,NA
M13,MGTREFCLK1P_232,NA,232,GTH,2,NA
M12,MGTREFCLK1N_232,NA,232,GTH,2,NA
C11,MGTHTXP2_232,NA,232,GTH,2,NA
E6,MGTHRXP2_232,NA,232,GTH,2,NA
E5,MGTHRXN2_232,NA,232,GTH,2,NA
C10,MGTHTXN2_232,NA,232,GTH,2,NA
B9,MGTHTXP1_232,NA,232,GTH,2,NA
D4,MGTHRXP1_232,NA,232,GTH,2,NA
D3,MGTHRXN1_232,NA,232,GTH,2,NA
B8,MGTHTXN1_232,NA,232,GTH,2,NA
N11,MGTREFCLK0P_232,NA,232,GTH,2,NA
N10,MGTREFCLK0N_232,NA,232,GTH,2,NA
D9,MGTHTXP0_232,NA,232,GTH,2,NA
E2,MGTHRXP0_232,NA,232,GTH,2,NA
E1,MGTHRXN0_232,NA,232,GTH,2,NA
D8,MGTHTXN0_232,NA,232,GTH,2,NA
C15,MGTHTXP3_233,NA,233,GTH,2,VU160
C20,MGTHRXP3_233,NA,233,GTH,2,VU160
C19,MGTHRXN3_233,NA,233,GTH,2,VU160
C14,MGTHTXN3_233,NA,233,GTH,2,VU160
K13,MGTREFCLK1P_233,NA,233,GTH,2,VU160
K12,MGTREFCLK1N_233,NA,233,GTH,2,VU160
A15,MGTHTXP2_233,NA,233,GTH,2,VU160
B18,MGTHRXP2_233,NA,233,GTH,2,VU160
B17,MGTHRXN2_233,NA,233,GTH,2,VU160
A14,MGTHTXN2_233,NA,233,GTH,2,VU160
B13,MGTHTXP1_233,NA,233,GTH,2,VU160
A20,MGTHRXP1_233,NA,233,GTH,2,VU160
A19,MGTHRXN1_233,NA,233,GTH,2,VU160
B12,MGTHTXN1_233,NA,233,GTH,2,VU160
L11,MGTREFCLK0P_233,NA,233,GTH,2,VU160
L10,MGTREFCLK0N_233,NA,233,GTH,2,VU160
A11,MGTHTXP0_233,NA,233,GTH,2,VU160
A6,MGTHRXP0_233,NA,233,GTH,2,VU160
A5,MGTHRXN0_233,NA,233,GTH,2,VU160
A10,MGTHTXN0_233,NA,233,GTH,2,VU160
AH42,MGTAVCC_LLC,NA,NA,NA,NA,NA
AJ40,MGTAVCC_LLC,NA,NA,NA,NA,NA
AK41,MGTAVCC_LLC,NA,NA,NA,NA,NA
AM42,MGTAVCC_LLC,NA,NA,NA,NA,NA
AP41,MGTAVCC_LLC,NA,NA,NA,NA,NA
AR39,MGTAVCC_LLC,NA,NA,NA,NA,NA
AT42,MGTAVCC_LLC,NA,NA,NA,NA,NA
AU40,MGTAVCC_LLC,NA,NA,NA,NA,NA
G35,MGTAVCC_LN,NA,NA,NA,NA,NA
G39,MGTAVCC_LN,NA,NA,NA,NA,NA
H42,MGTAVCC_LN,NA,NA,NA,NA,NA
K41,MGTAVCC_LN,NA,NA,NA,NA,NA
M42,MGTAVCC_LN,NA,NA,NA,NA,NA
N40,MGTAVCC_LN,NA,NA,NA,NA,NA
P41,MGTAVCC_LN,NA,NA,NA,NA,NA
R39,MGTAVCC_LN,NA,NA,NA,NA,NA
AV41,MGTAVCC_LS,NA,NA,NA,NA,NA
AW39,MGTAVCC_LS,NA,NA,NA,NA,NA
AY42,MGTAVCC_LS,NA,NA,NA,NA,NA
BB41,MGTAVCC_LS,NA,NA,NA,NA,NA
BD42,MGTAVCC_LS,NA,NA,NA,NA,NA
BE39,MGTAVCC_LS,NA,NA,NA,NA,NA
BF37,MGTAVCC_LS,NA,NA,NA,NA,NA
BF38,MGTAVCC_LS,NA,NA,NA,NA,NA
AB41,MGTAVCC_LUC,NA,NA,NA,NA,NA
AC40,MGTAVCC_LUC,NA,NA,NA,NA,NA
AD42,MGTAVCC_LUC,NA,NA,NA,NA,NA
AF41,MGTAVCC_LUC,NA,NA,NA,NA,NA
T42,MGTAVCC_LUC,NA,NA,NA,NA,NA
U40,MGTAVCC_LUC,NA,NA,NA,NA,NA
V41,MGTAVCC_LUC,NA,NA,NA,NA,NA
Y42,MGTAVCC_LUC,NA,NA,NA,NA,NA
AH10,MGTAVCC_RLC,NA,NA,NA,NA,NA
AJ12,MGTAVCC_RLC,NA,NA,NA,NA,NA
AK11,MGTAVCC_RLC,NA,NA,NA,NA,NA
AM10,MGTAVCC_RLC,NA,NA,NA,NA,NA
AP11,MGTAVCC_RLC,NA,NA,NA,NA,NA
AR13,MGTAVCC_RLC,NA,NA,NA,NA,NA
AT10,MGTAVCC_RLC,NA,NA,NA,NA,NA
AU12,MGTAVCC_RLC,NA,NA,NA,NA,NA
G13,MGTAVCC_RN,NA,NA,NA,NA,NA
G17,MGTAVCC_RN,NA,NA,NA,NA,NA
H10,MGTAVCC_RN,NA,NA,NA,NA,NA
K11,MGTAVCC_RN,NA,NA,NA,NA,NA
M10,MGTAVCC_RN,NA,NA,NA,NA,NA
N12,MGTAVCC_RN,NA,NA,NA,NA,NA
P11,MGTAVCC_RN,NA,NA,NA,NA,NA
R13,MGTAVCC_RN,NA,NA,NA,NA,NA
AV11,MGTAVCC_RS,NA,NA,NA,NA,NA
AW13,MGTAVCC_RS,NA,NA,NA,NA,NA
AY10,MGTAVCC_RS,NA,NA,NA,NA,NA
BB11,MGTAVCC_RS,NA,NA,NA,NA,NA
BD10,MGTAVCC_RS,NA,NA,NA,NA,NA
BE13,MGTAVCC_RS,NA,NA,NA,NA,NA
BF14,MGTAVCC_RS,NA,NA,NA,NA,NA
BF15,MGTAVCC_RS,NA,NA,NA,NA,NA
AB11,MGTAVCC_RUC,NA,NA,NA,NA,NA
AC12,MGTAVCC_RUC,NA,NA,NA,NA,NA
AD10,MGTAVCC_RUC,NA,NA,NA,NA,NA
AF11,MGTAVCC_RUC,NA,NA,NA,NA,NA
T10,MGTAVCC_RUC,NA,NA,NA,NA,NA
U12,MGTAVCC_RUC,NA,NA,NA,NA,NA
V11,MGTAVCC_RUC,NA,NA,NA,NA,NA
Y10,MGTAVCC_RUC,NA,NA,NA,NA,NA
AF46,MGTAVTT_LLC,NA,NA,NA,NA,NA
AG43,MGTAVTT_LLC,NA,NA,NA,NA,NA
AH45,MGTAVTT_LLC,NA,NA,NA,NA,NA
AJ44,MGTAVTT_LLC,NA,NA,NA,NA,NA
AK46,MGTAVTT_LLC,NA,NA,NA,NA,NA
AL43,MGTAVTT_LLC,NA,NA,NA,NA,NA
AM45,MGTAVTT_LLC,NA,NA,NA,NA,NA
AN44,MGTAVTT_LLC,NA,NA,NA,NA,NA
AP46,MGTAVTT_LLC,NA,NA,NA,NA,NA
AR43,MGTAVTT_LLC,NA,NA,NA,NA,NA
AT45,MGTAVTT_LLC,NA,NA,NA,NA,NA
AU44,MGTAVTT_LLC,NA,NA,NA,NA,NA
AV46,MGTAVTT_LLC,NA,NA,NA,NA,NA
AW43,MGTAVTT_LLC,NA,NA,NA,NA,NA
AY45,MGTAVTT_LLC,NA,NA,NA,NA,NA
BA44,MGTAVTT_LLC,NA,NA,NA,NA,NA
A40,MGTAVTT_LN,NA,NA,NA,NA,NA
A44,MGTAVTT_LN,NA,NA,NA,NA,NA
B37,MGTAVTT_LN,NA,NA,NA,NA,NA
B41,MGTAVTT_LN,NA,NA,NA,NA,NA
C39,MGTAVTT_LN,NA,NA,NA,NA,NA
C43,MGTAVTT_LN,NA,NA,NA,NA,NA
D38,MGTAVTT_LN,NA,NA,NA,NA,NA
D42,MGTAVTT_LN,NA,NA,NA,NA,NA
E40,MGTAVTT_LN,NA,NA,NA,NA,NA
E44,MGTAVTT_LN,NA,NA,NA,NA,NA
F37,MGTAVTT_LN,NA,NA,NA,NA,NA
F41,MGTAVTT_LN,NA,NA,NA,NA,NA
G43,MGTAVTT_LN,NA,NA,NA,NA,NA
H45,MGTAVTT_LN,NA,NA,NA,NA,NA
J44,MGTAVTT_LN,NA,NA,NA,NA,NA
BB46,MGTAVTT_LS,NA,NA,NA,NA,NA
BC43,MGTAVTT_LS,NA,NA,NA,NA,NA
BD45,MGTAVTT_LS,NA,NA,NA,NA,NA
BE44,MGTAVTT_LS,NA,NA,NA,NA,NA
BF41,MGTAVTT_LS,NA,NA,NA,NA,NA
BG39,MGTAVTT_LS,NA,NA,NA,NA,NA
BG43,MGTAVTT_LS,NA,NA,NA,NA,NA
BH38,MGTAVTT_LS,NA,NA,NA,NA,NA
BH42,MGTAVTT_LS,NA,NA,NA,NA,NA
BJ40,MGTAVTT_LS,NA,NA,NA,NA,NA
BJ44,MGTAVTT_LS,NA,NA,NA,NA,NA
BK37,MGTAVTT_LS,NA,NA,NA,NA,NA
BK41,MGTAVTT_LS,NA,NA,NA,NA,NA
BL39,MGTAVTT_LS,NA,NA,NA,NA,NA
BL43,MGTAVTT_LS,NA,NA,NA,NA,NA
AA44,MGTAVTT_LUC,NA,NA,NA,NA,NA
AB46,MGTAVTT_LUC,NA,NA,NA,NA,NA
AC43,MGTAVTT_LUC,NA,NA,NA,NA,NA
AD45,MGTAVTT_LUC,NA,NA,NA,NA,NA
AE44,MGTAVTT_LUC,NA,NA,NA,NA,NA
K46,MGTAVTT_LUC,NA,NA,NA,NA,NA
L43,MGTAVTT_LUC,NA,NA,NA,NA,NA
M45,MGTAVTT_LUC,NA,NA,NA,NA,NA
N44,MGTAVTT_LUC,NA,NA,NA,NA,NA
P46,MGTAVTT_LUC,NA,NA,NA,NA,NA
R43,MGTAVTT_LUC,NA,NA,NA,NA,NA
T45,MGTAVTT_LUC,NA,NA,NA,NA,NA
U44,MGTAVTT_LUC,NA,NA,NA,NA,NA
V46,MGTAVTT_LUC,NA,NA,NA,NA,NA
W43,MGTAVTT_LUC,NA,NA,NA,NA,NA
Y45,MGTAVTT_LUC,NA,NA,NA,NA,NA
AF6,MGTAVTT_RLC,NA,NA,NA,NA,NA
AG9,MGTAVTT_RLC,NA,NA,NA,NA,NA
AH7,MGTAVTT_RLC,NA,NA,NA,NA,NA
AJ8,MGTAVTT_RLC,NA,NA,NA,NA,NA
AK6,MGTAVTT_RLC,NA,NA,NA,NA,NA
AL9,MGTAVTT_RLC,NA,NA,NA,NA,NA
AM7,MGTAVTT_RLC,NA,NA,NA,NA,NA
AN8,MGTAVTT_RLC,NA,NA,NA,NA,NA
AP6,MGTAVTT_RLC,NA,NA,NA,NA,NA
AR9,MGTAVTT_RLC,NA,NA,NA,NA,NA
AT7,MGTAVTT_RLC,NA,NA,NA,NA,NA
AU8,MGTAVTT_RLC,NA,NA,NA,NA,NA
AV6,MGTAVTT_RLC,NA,NA,NA,NA,NA
AW9,MGTAVTT_RLC,NA,NA,NA,NA,NA
AY7,MGTAVTT_RLC,NA,NA,NA,NA,NA
BA8,MGTAVTT_RLC,NA,NA,NA,NA,NA
A12,MGTAVTT_RN,NA,NA,NA,NA,NA
A8,MGTAVTT_RN,NA,NA,NA,NA,NA
B11,MGTAVTT_RN,NA,NA,NA,NA,NA
B15,MGTAVTT_RN,NA,NA,NA,NA,NA
C13,MGTAVTT_RN,NA,NA,NA,NA,NA
C9,MGTAVTT_RN,NA,NA,NA,NA,NA
D10,MGTAVTT_RN,NA,NA,NA,NA,NA
D14,MGTAVTT_RN,NA,NA,NA,NA,NA
E13,MGTAVTT_RN,NA,NA,NA,NA,NA
E8,MGTAVTT_RN,NA,NA,NA,NA,NA
F11,MGTAVTT_RN,NA,NA,NA,NA,NA
F15,MGTAVTT_RN,NA,NA,NA,NA,NA
G9,MGTAVTT_RN,NA,NA,NA,NA,NA
H7,MGTAVTT_RN,NA,NA,NA,NA,NA
J8,MGTAVTT_RN,NA,NA,NA,NA,NA
BB6,MGTAVTT_RS,NA,NA,NA,NA,NA
BC9,MGTAVTT_RS,NA,NA,NA,NA,NA
BD7,MGTAVTT_RS,NA,NA,NA,NA,NA
BE8,MGTAVTT_RS,NA,NA,NA,NA,NA
BF11,MGTAVTT_RS,NA,NA,NA,NA,NA
BG13,MGTAVTT_RS,NA,NA,NA,NA,NA
BG9,MGTAVTT_RS,NA,NA,NA,NA,NA
BH10,MGTAVTT_RS,NA,NA,NA,NA,NA
BH14,MGTAVTT_RS,NA,NA,NA,NA,NA
BJ12,MGTAVTT_RS,NA,NA,NA,NA,NA
BJ8,MGTAVTT_RS,NA,NA,NA,NA,NA
BK11,MGTAVTT_RS,NA,NA,NA,NA,NA
BK15,MGTAVTT_RS,NA,NA,NA,NA,NA
BL13,MGTAVTT_RS,NA,NA,NA,NA,NA
BL9,MGTAVTT_RS,NA,NA,NA,NA,NA
AA8,MGTAVTT_RUC,NA,NA,NA,NA,NA
AB6,MGTAVTT_RUC,NA,NA,NA,NA,NA
AC9,MGTAVTT_RUC,NA,NA,NA,NA,NA
AD7,MGTAVTT_RUC,NA,NA,NA,NA,NA
AE8,MGTAVTT_RUC,NA,NA,NA,NA,NA
K6,MGTAVTT_RUC,NA,NA,NA,NA,NA
L9,MGTAVTT_RUC,NA,NA,NA,NA,NA
M7,MGTAVTT_RUC,NA,NA,NA,NA,NA
N8,MGTAVTT_RUC,NA,NA,NA,NA,NA
P6,MGTAVTT_RUC,NA,NA,NA,NA,NA
R9,MGTAVTT_RUC,NA,NA,NA,NA,NA
T7,MGTAVTT_RUC,NA,NA,NA,NA,NA
U8,MGTAVTT_RUC,NA,NA,NA,NA,NA
V6,MGTAVTT_RUC,NA,NA,NA,NA,NA
W9,MGTAVTT_RUC,NA,NA,NA,NA,NA
Y7,MGTAVTT_RUC,NA,NA,NA,NA,NA
AL39,MGTVCCAUX_LLC,NA,NA,NA,NA,NA
AN39,MGTVCCAUX_LLC,NA,NA,NA,NA,NA
J39,MGTVCCAUX_LN,NA,NA,NA,NA,NA
L39,MGTVCCAUX_LN,NA,NA,NA,NA,NA
BA39,MGTVCCAUX_LS,NA,NA,NA,NA,NA
BC39,MGTVCCAUX_LS,NA,NA,NA,NA,NA
AA39,MGTVCCAUX_LUC,NA,NA,NA,NA,NA
W39,MGTVCCAUX_LUC,NA,NA,NA,NA,NA
AL13,MGTVCCAUX_RLC,NA,NA,NA,NA,NA
AN13,MGTVCCAUX_RLC,NA,NA,NA,NA,NA
J13,MGTVCCAUX_RN,NA,NA,NA,NA,NA
L13,MGTVCCAUX_RN,NA,NA,NA,NA,NA
BA13,MGTVCCAUX_RS,NA,NA,NA,NA,NA
BC13,MGTVCCAUX_RS,NA,NA,NA,NA,NA
AA13,MGTVCCAUX_RUC,NA,NA,NA,NA,NA
W13,MGTVCCAUX_RUC,NA,NA,NA,NA,NA
A13,GND,NA,NA,NA,NA,NA
A16,GND,NA,NA,NA,NA,NA
A17,GND,NA,NA,NA,NA,NA
A18,GND,NA,NA,NA,NA,NA
A21,GND,NA,NA,NA,NA,NA
A26,GND,NA,NA,NA,NA,NA
A31,GND,NA,NA,NA,NA,NA
A34,GND,NA,NA,NA,NA,NA
A35,GND,NA,NA,NA,NA,NA
A36,GND,NA,NA,NA,NA,NA
A39,GND,NA,NA,NA,NA,NA
A4,GND,NA,NA,NA,NA,NA
A43,GND,NA,NA,NA,NA,NA
A45,GND,NA,NA,NA,NA,NA
A48,GND,NA,NA,NA,NA,NA
A7,GND,NA,NA,NA,NA,NA
A9,GND,NA,NA,NA,NA,NA
AA12,GND,NA,NA,NA,NA,NA
AA14,GND,NA,NA,NA,NA,NA
AA16,GND,NA,NA,NA,NA,NA
AA18,GND,NA,NA,NA,NA,NA
AA20,GND,NA,NA,NA,NA,NA
AA22,GND,NA,NA,NA,NA,NA
AA24,GND,NA,NA,NA,NA,NA
AA26,GND,NA,NA,NA,NA,NA
AA28,GND,NA,NA,NA,NA,NA
AA3,GND,NA,NA,NA,NA,NA
AA30,GND,NA,NA,NA,NA,NA
AA32,GND,NA,NA,NA,NA,NA
AA34,GND,NA,NA,NA,NA,NA
AA36,GND,NA,NA,NA,NA,NA
AA38,GND,NA,NA,NA,NA,NA
AA4,GND,NA,NA,NA,NA,NA
AA40,GND,NA,NA,NA,NA,NA
AA43,GND,NA,NA,NA,NA,NA
AA47,GND,NA,NA,NA,NA,NA
AA48,GND,NA,NA,NA,NA,NA
AA49,GND,NA,NA,NA,NA,NA
AA5,GND,NA,NA,NA,NA,NA
AA9,GND,NA,NA,NA,NA,NA
AB1,GND,NA,NA,NA,NA,NA
AB10,GND,NA,NA,NA,NA,NA
AB15,GND,NA,NA,NA,NA,NA
AB17,GND,NA,NA,NA,NA,NA
AB19,GND,NA,NA,NA,NA,NA
AB2,GND,NA,NA,NA,NA,NA
AB21,GND,NA,NA,NA,NA,NA
AB23,GND,NA,NA,NA,NA,NA
AB25,GND,NA,NA,NA,NA,NA
AB27,GND,NA,NA,NA,NA,NA
AB29,GND,NA,NA,NA,NA,NA
AB31,GND,NA,NA,NA,NA,NA
AB33,GND,NA,NA,NA,NA,NA
AB35,GND,NA,NA,NA,NA,NA
AB37,GND,NA,NA,NA,NA,NA
AB38,GND,NA,NA,NA,NA,NA
AB42,GND,NA,NA,NA,NA,NA
AB45,GND,NA,NA,NA,NA,NA
AB47,GND,NA,NA,NA,NA,NA
AB5,GND,NA,NA,NA,NA,NA
AB50,GND,NA,NA,NA,NA,NA
AB51,GND,NA,NA,NA,NA,NA
AB7,GND,NA,NA,NA,NA,NA
AC14,GND,NA,NA,NA,NA,NA
AC16,GND,NA,NA,NA,NA,NA
AC18,GND,NA,NA,NA,NA,NA
AC20,GND,NA,NA,NA,NA,NA
AC22,GND,NA,NA,NA,NA,NA
AC24,GND,NA,NA,NA,NA,NA
AC26,GND,NA,NA,NA,NA,NA
AC28,GND,NA,NA,NA,NA,NA
AC3,GND,NA,NA,NA,NA,NA
AC30,GND,NA,NA,NA,NA,NA
AC32,GND,NA,NA,NA,NA,NA
AC34,GND,NA,NA,NA,NA,NA
AC36,GND,NA,NA,NA,NA,NA
AC38,GND,NA,NA,NA,NA,NA
AC39,GND,NA,NA,NA,NA,NA
AC4,GND,NA,NA,NA,NA,NA
AC44,GND,NA,NA,NA,NA,NA
AC47,GND,NA,NA,NA,NA,NA
AC48,GND,NA,NA,NA,NA,NA
AC49,GND,NA,NA,NA,NA,NA
AC5,GND,NA,NA,NA,NA,NA
AC8,GND,NA,NA,NA,NA,NA
AD1,GND,NA,NA,NA,NA,NA
AD11,GND,NA,NA,NA,NA,NA
AD12,GND,NA,NA,NA,NA,NA
AD15,GND,NA,NA,NA,NA,NA
AD17,GND,NA,NA,NA,NA,NA
AD19,GND,NA,NA,NA,NA,NA
AD2,GND,NA,NA,NA,NA,NA
AD21,GND,NA,NA,NA,NA,NA
AD23,GND,NA,NA,NA,NA,NA
AD25,GND,NA,NA,NA,NA,NA
AD27,GND,NA,NA,NA,NA,NA
AD29,GND,NA,NA,NA,NA,NA
AD31,GND,NA,NA,NA,NA,NA
AD33,GND,NA,NA,NA,NA,NA
AD35,GND,NA,NA,NA,NA,NA
AD37,GND,NA,NA,NA,NA,NA
AD39,GND,NA,NA,NA,NA,NA
AD40,GND,NA,NA,NA,NA,NA
AD41,GND,NA,NA,NA,NA,NA
AD46,GND,NA,NA,NA,NA,NA
AD47,GND,NA,NA,NA,NA,NA
AD5,GND,NA,NA,NA,NA,NA
AD50,GND,NA,NA,NA,NA,NA
AD51,GND,NA,NA,NA,NA,NA
AD6,GND,NA,NA,NA,NA,NA
AE12,GND,NA,NA,NA,NA,NA
AE16,GND,NA,NA,NA,NA,NA
AE18,GND,NA,NA,NA,NA,NA
AE20,GND,NA,NA,NA,NA,NA
AE22,GND,NA,NA,NA,NA,NA
AE24,GND,NA,NA,NA,NA,NA
AE26,GND,NA,NA,NA,NA,NA
AE28,GND,NA,NA,NA,NA,NA
AE3,GND,NA,NA,NA,NA,NA
AE30,GND,NA,NA,NA,NA,NA
AE32,GND,NA,NA,NA,NA,NA
AE34,GND,NA,NA,NA,NA,NA
AE36,GND,NA,NA,NA,NA,NA
AE38,GND,NA,NA,NA,NA,NA
AE4,GND,NA,NA,NA,NA,NA
AE40,GND,NA,NA,NA,NA,NA
AE43,GND,NA,NA,NA,NA,NA
AE47,GND,NA,NA,NA,NA,NA
AE48,GND,NA,NA,NA,NA,NA
AE49,GND,NA,NA,NA,NA,NA
AE5,GND,NA,NA,NA,NA,NA
AE9,GND,NA,NA,NA,NA,NA
AF1,GND,NA,NA,NA,NA,NA
AF10,GND,NA,NA,NA,NA,NA
AF12,GND,NA,NA,NA,NA,NA
AF15,GND,NA,NA,NA,NA,NA
AF17,GND,NA,NA,NA,NA,NA
AF19,GND,NA,NA,NA,NA,NA
AF2,GND,NA,NA,NA,NA,NA
AF21,GND,NA,NA,NA,NA,NA
AF23,GND,NA,NA,NA,NA,NA
AF25,GND,NA,NA,NA,NA,NA
AF27,GND,NA,NA,NA,NA,NA
AF29,GND,NA,NA,NA,NA,NA
AF31,GND,NA,NA,NA,NA,NA
AF33,GND,NA,NA,NA,NA,NA
AF35,GND,NA,NA,NA,NA,NA
AF37,GND,NA,NA,NA,NA,NA
AF39,GND,NA,NA,NA,NA,NA
AF40,GND,NA,NA,NA,NA,NA
AF42,GND,NA,NA,NA,NA,NA
AF45,GND,NA,NA,NA,NA,NA
AF47,GND,NA,NA,NA,NA,NA
AF5,GND,NA,NA,NA,NA,NA
AF50,GND,NA,NA,NA,NA,NA
AF51,GND,NA,NA,NA,NA,NA
AF7,GND,NA,NA,NA,NA,NA
AG12,GND,NA,NA,NA,NA,NA
AG16,GND,NA,NA,NA,NA,NA
AG20,GND,NA,NA,NA,NA,NA
AG22,GND,NA,NA,NA,NA,NA
AG24,GND,NA,NA,NA,NA,NA
AG26,GND,NA,NA,NA,NA,NA
AG28,GND,NA,NA,NA,NA,NA
AG3,GND,NA,NA,NA,NA,NA
AG30,GND,NA,NA,NA,NA,NA
AG32,GND,NA,NA,NA,NA,NA
AG34,GND,NA,NA,NA,NA,NA
AG36,GND,NA,NA,NA,NA,NA
AG38,GND,NA,NA,NA,NA,NA
AG4,GND,NA,NA,NA,NA,NA
AG40,GND,NA,NA,NA,NA,NA
AG44,GND,NA,NA,NA,NA,NA
AG47,GND,NA,NA,NA,NA,NA
AG48,GND,NA,NA,NA,NA,NA
AG49,GND,NA,NA,NA,NA,NA
AG5,GND,NA,NA,NA,NA,NA
AG8,GND,NA,NA,NA,NA,NA
AH1,GND,NA,NA,NA,NA,NA
AH11,GND,NA,NA,NA,NA,NA
AH12,GND,NA,NA,NA,NA,NA
AH15,GND,NA,NA,NA,NA,NA
AH17,GND,NA,NA,NA,NA,NA
AH2,GND,NA,NA,NA,NA,NA
AH21,GND,NA,NA,NA,NA,NA
AH23,GND,NA,NA,NA,NA,NA
AH25,GND,NA,NA,NA,NA,NA
AH27,GND,NA,NA,NA,NA,NA
AH29,GND,NA,NA,NA,NA,NA
AH31,GND,NA,NA,NA,NA,NA
AH33,GND,NA,NA,NA,NA,NA
AH35,GND,NA,NA,NA,NA,NA
AH37,GND,NA,NA,NA,NA,NA
AH39,GND,NA,NA,NA,NA,NA
AH40,GND,NA,NA,NA,NA,NA
AH41,GND,NA,NA,NA,NA,NA
AH46,GND,NA,NA,NA,NA,NA
AH47,GND,NA,NA,NA,NA,NA
AH5,GND,NA,NA,NA,NA,NA
AH50,GND,NA,NA,NA,NA,NA
AH51,GND,NA,NA,NA,NA,NA
AH6,GND,NA,NA,NA,NA,NA
AJ14,GND,NA,NA,NA,NA,NA
AJ16,GND,NA,NA,NA,NA,NA
AJ20,GND,NA,NA,NA,NA,NA
AJ22,GND,NA,NA,NA,NA,NA
AJ24,GND,NA,NA,NA,NA,NA
AJ26,GND,NA,NA,NA,NA,NA
AJ28,GND,NA,NA,NA,NA,NA
AJ3,GND,NA,NA,NA,NA,NA
AJ30,GND,NA,NA,NA,NA,NA
AJ32,GND,NA,NA,NA,NA,NA
AJ34,GND,NA,NA,NA,NA,NA
AJ36,GND,NA,NA,NA,NA,NA
AJ38,GND,NA,NA,NA,NA,NA
AJ39,GND,NA,NA,NA,NA,NA
AJ4,GND,NA,NA,NA,NA,NA
AJ43,GND,NA,NA,NA,NA,NA
AJ47,GND,NA,NA,NA,NA,NA
AJ48,GND,NA,NA,NA,NA,NA
AJ49,GND,NA,NA,NA,NA,NA
AJ5,GND,NA,NA,NA,NA,NA
AJ9,GND,NA,NA,NA,NA,NA
AK1,GND,NA,NA,NA,NA,NA
AK10,GND,NA,NA,NA,NA,NA
AK15,GND,NA,NA,NA,NA,NA
AK17,GND,NA,NA,NA,NA,NA
AK2,GND,NA,NA,NA,NA,NA
AK21,GND,NA,NA,NA,NA,NA
AK23,GND,NA,NA,NA,NA,NA
AK25,GND,NA,NA,NA,NA,NA
AK27,GND,NA,NA,NA,NA,NA
AK29,GND,NA,NA,NA,NA,NA
AK31,GND,NA,NA,NA,NA,NA
AK33,GND,NA,NA,NA,NA,NA
AK35,GND,NA,NA,NA,NA,NA
AK37,GND,NA,NA,NA,NA,NA
AK38,GND,NA,NA,NA,NA,NA
AK42,GND,NA,NA,NA,NA,NA
AK45,GND,NA,NA,NA,NA,NA
AK47,GND,NA,NA,NA,NA,NA
AK5,GND,NA,NA,NA,NA,NA
AK50,GND,NA,NA,NA,NA,NA
AK51,GND,NA,NA,NA,NA,NA
AK7,GND,NA,NA,NA,NA,NA
AL12,GND,NA,NA,NA,NA,NA
AL14,GND,NA,NA,NA,NA,NA
AL16,GND,NA,NA,NA,NA,NA
AL18,GND,NA,NA,NA,NA,NA
AL20,GND,NA,NA,NA,NA,NA
AL22,GND,NA,NA,NA,NA,NA
AL24,GND,NA,NA,NA,NA,NA
AL26,GND,NA,NA,NA,NA,NA
AL28,GND,NA,NA,NA,NA,NA
AL3,GND,NA,NA,NA,NA,NA
AL30,GND,NA,NA,NA,NA,NA
AL32,GND,NA,NA,NA,NA,NA
AL34,GND,NA,NA,NA,NA,NA
AL36,GND,NA,NA,NA,NA,NA
AL38,GND,NA,NA,NA,NA,NA
AL4,GND,NA,NA,NA,NA,NA
AL40,GND,NA,NA,NA,NA,NA
AL44,GND,NA,NA,NA,NA,NA
AL47,GND,NA,NA,NA,NA,NA
AL48,GND,NA,NA,NA,NA,NA
AL49,GND,NA,NA,NA,NA,NA
AL5,GND,NA,NA,NA,NA,NA
AL8,GND,NA,NA,NA,NA,NA
AM1,GND,NA,NA,NA,NA,NA
AM11,GND,NA,NA,NA,NA,NA
AM15,GND,NA,NA,NA,NA,NA
AM17,GND,NA,NA,NA,NA,NA
AM19,GND,NA,NA,NA,NA,NA
AM2,GND,NA,NA,NA,NA,NA
AM21,GND,NA,NA,NA,NA,NA
AM23,GND,NA,NA,NA,NA,NA
AM25,GND,NA,NA,NA,NA,NA
AM27,GND,NA,NA,NA,NA,NA
AM29,GND,NA,NA,NA,NA,NA
AM31,GND,NA,NA,NA,NA,NA
AM33,GND,NA,NA,NA,NA,NA
AM35,GND,NA,NA,NA,NA,NA
AM37,GND,NA,NA,NA,NA,NA
AM38,GND,NA,NA,NA,NA,NA
AM41,GND,NA,NA,NA,NA,NA
AM46,GND,NA,NA,NA,NA,NA
AM47,GND,NA,NA,NA,NA,NA
AM5,GND,NA,NA,NA,NA,NA
AM50,GND,NA,NA,NA,NA,NA
AM51,GND,NA,NA,NA,NA,NA
AM6,GND,NA,NA,NA,NA,NA
AN12,GND,NA,NA,NA,NA,NA
AN14,GND,NA,NA,NA,NA,NA
AN16,GND,NA,NA,NA,NA,NA
AN18,GND,NA,NA,NA,NA,NA
AN20,GND,NA,NA,NA,NA,NA
AN22,GND,NA,NA,NA,NA,NA
AN24,GND,NA,NA,NA,NA,NA
AN26,GND,NA,NA,NA,NA,NA
AN28,GND,NA,NA,NA,NA,NA
AN3,GND,NA,NA,NA,NA,NA
AN30,GND,NA,NA,NA,NA,NA
AN32,GND,NA,NA,NA,NA,NA
AN34,GND,NA,NA,NA,NA,NA
AN36,GND,NA,NA,NA,NA,NA
AN38,GND,NA,NA,NA,NA,NA
AN4,GND,NA,NA,NA,NA,NA
AN40,GND,NA,NA,NA,NA,NA
AN43,GND,NA,NA,NA,NA,NA
AN47,GND,NA,NA,NA,NA,NA
AN48,GND,NA,NA,NA,NA,NA
AN49,GND,NA,NA,NA,NA,NA
AN5,GND,NA,NA,NA,NA,NA
AN9,GND,NA,NA,NA,NA,NA
AP1,GND,NA,NA,NA,NA,NA
AP10,GND,NA,NA,NA,NA,NA
AP15,GND,NA,NA,NA,NA,NA
AP17,GND,NA,NA,NA,NA,NA
AP19,GND,NA,NA,NA,NA,NA
AP2,GND,NA,NA,NA,NA,NA
AP21,GND,NA,NA,NA,NA,NA
AP23,GND,NA,NA,NA,NA,NA
AP25,GND,NA,NA,NA,NA,NA
AP27,GND,NA,NA,NA,NA,NA
AP29,GND,NA,NA,NA,NA,NA
AP31,GND,NA,NA,NA,NA,NA
AP33,GND,NA,NA,NA,NA,NA
AP35,GND,NA,NA,NA,NA,NA
AP37,GND,NA,NA,NA,NA,NA
AP38,GND,NA,NA,NA,NA,NA
AP42,GND,NA,NA,NA,NA,NA
AP45,GND,NA,NA,NA,NA,NA
AP47,GND,NA,NA,NA,NA,NA
AP5,GND,NA,NA,NA,NA,NA
AP50,GND,NA,NA,NA,NA,NA
AP51,GND,NA,NA,NA,NA,NA
AP7,GND,NA,NA,NA,NA,NA
AR12,GND,NA,NA,NA,NA,NA
AR14,GND,NA,NA,NA,NA,NA
AR22,GND,NA,NA,NA,NA,NA
AR24,GND,NA,NA,NA,NA,NA
AR26,GND,NA,NA,NA,NA,NA
AR28,GND,NA,NA,NA,NA,NA
AR3,GND,NA,NA,NA,NA,NA
AR30,GND,NA,NA,NA,NA,NA
AR38,GND,NA,NA,NA,NA,NA
AR4,GND,NA,NA,NA,NA,NA
AR40,GND,NA,NA,NA,NA,NA
AR44,GND,NA,NA,NA,NA,NA
AR47,GND,NA,NA,NA,NA,NA
AR48,GND,NA,NA,NA,NA,NA
AR49,GND,NA,NA,NA,NA,NA
AR5,GND,NA,NA,NA,NA,NA
AR8,GND,NA,NA,NA,NA,NA
AT1,GND,NA,NA,NA,NA,NA
AT11,GND,NA,NA,NA,NA,NA
AT2,GND,NA,NA,NA,NA,NA
AT21,GND,NA,NA,NA,NA,NA
AT23,GND,NA,NA,NA,NA,NA
AT25,GND,NA,NA,NA,NA,NA
AT27,GND,NA,NA,NA,NA,NA
AT29,GND,NA,NA,NA,NA,NA
AT31,GND,NA,NA,NA,NA,NA
AT38,GND,NA,NA,NA,NA,NA
AT41,GND,NA,NA,NA,NA,NA
AT46,GND,NA,NA,NA,NA,NA
AT47,GND,NA,NA,NA,NA,NA
AT5,GND,NA,NA,NA,NA,NA
AT50,GND,NA,NA,NA,NA,NA
AT51,GND,NA,NA,NA,NA,NA
AT6,GND,NA,NA,NA,NA,NA
AU13,GND,NA,NA,NA,NA,NA
AU14,GND,NA,NA,NA,NA,NA
AU18,GND,NA,NA,NA,NA,NA
AU24,GND,NA,NA,NA,NA,NA
AU26,GND,NA,NA,NA,NA,NA
AU28,GND,NA,NA,NA,NA,NA
AU3,GND,NA,NA,NA,NA,NA
AU30,GND,NA,NA,NA,NA,NA
AU38,GND,NA,NA,NA,NA,NA
AU39,GND,NA,NA,NA,NA,NA
AU4,GND,NA,NA,NA,NA,NA
AU43,GND,NA,NA,NA,NA,NA
AU47,GND,NA,NA,NA,NA,NA
AU48,GND,NA,NA,NA,NA,NA
AU49,GND,NA,NA,NA,NA,NA
AU5,GND,NA,NA,NA,NA,NA
AU9,GND,NA,NA,NA,NA,NA
AV1,GND,NA,NA,NA,NA,NA
AV10,GND,NA,NA,NA,NA,NA
AV15,GND,NA,NA,NA,NA,NA
AV2,GND,NA,NA,NA,NA,NA
AV25,GND,NA,NA,NA,NA,NA
AV35,GND,NA,NA,NA,NA,NA
AV38,GND,NA,NA,NA,NA,NA
AV42,GND,NA,NA,NA,NA,NA
AV45,GND,NA,NA,NA,NA,NA
AV47,GND,NA,NA,NA,NA,NA
AV5,GND,NA,NA,NA,NA,NA
AV50,GND,NA,NA,NA,NA,NA
AV51,GND,NA,NA,NA,NA,NA
AV7,GND,NA,NA,NA,NA,NA
AW12,GND,NA,NA,NA,NA,NA
AW14,GND,NA,NA,NA,NA,NA
AW22,GND,NA,NA,NA,NA,NA
AW3,GND,NA,NA,NA,NA,NA
AW32,GND,NA,NA,NA,NA,NA
AW38,GND,NA,NA,NA,NA,NA
AW4,GND,NA,NA,NA,NA,NA
AW40,GND,NA,NA,NA,NA,NA
AW44,GND,NA,NA,NA,NA,NA
AW47,GND,NA,NA,NA,NA,NA
AW48,GND,NA,NA,NA,NA,NA
AW49,GND,NA,NA,NA,NA,NA
AW5,GND,NA,NA,NA,NA,NA
AW8,GND,NA,NA,NA,NA,NA
AY1,GND,NA,NA,NA,NA,NA
AY11,GND,NA,NA,NA,NA,NA
AY19,GND,NA,NA,NA,NA,NA
AY2,GND,NA,NA,NA,NA,NA
AY29,GND,NA,NA,NA,NA,NA
AY38,GND,NA,NA,NA,NA,NA
AY41,GND,NA,NA,NA,NA,NA
AY46,GND,NA,NA,NA,NA,NA
AY47,GND,NA,NA,NA,NA,NA
AY5,GND,NA,NA,NA,NA,NA
AY50,GND,NA,NA,NA,NA,NA
AY51,GND,NA,NA,NA,NA,NA
AY6,GND,NA,NA,NA,NA,NA
B10,GND,NA,NA,NA,NA,NA
B14,GND,NA,NA,NA,NA,NA
B16,GND,NA,NA,NA,NA,NA
B19,GND,NA,NA,NA,NA,NA
B20,GND,NA,NA,NA,NA,NA
B21,GND,NA,NA,NA,NA,NA
B23,GND,NA,NA,NA,NA,NA
B3,GND,NA,NA,NA,NA,NA
B31,GND,NA,NA,NA,NA,NA
B32,GND,NA,NA,NA,NA,NA
B33,GND,NA,NA,NA,NA,NA
B36,GND,NA,NA,NA,NA,NA
B38,GND,NA,NA,NA,NA,NA
B4,GND,NA,NA,NA,NA,NA
B42,GND,NA,NA,NA,NA,NA
B45,GND,NA,NA,NA,NA,NA
B46,GND,NA,NA,NA,NA,NA
B47,GND,NA,NA,NA,NA,NA
B48,GND,NA,NA,NA,NA,NA
B49,GND,NA,NA,NA,NA,NA
B5,GND,NA,NA,NA,NA,NA
B6,GND,NA,NA,NA,NA,NA
B7,GND,NA,NA,NA,NA,NA
BA12,GND,NA,NA,NA,NA,NA
BA14,GND,NA,NA,NA,NA,NA
BA16,GND,NA,NA,NA,NA,NA
BA26,GND,NA,NA,NA,NA,NA
BA3,GND,NA,NA,NA,NA,NA
BA36,GND,NA,NA,NA,NA,NA
BA38,GND,NA,NA,NA,NA,NA
BA4,GND,NA,NA,NA,NA,NA
BA40,GND,NA,NA,NA,NA,NA
BA43,GND,NA,NA,NA,NA,NA
BA47,GND,NA,NA,NA,NA,NA
BA48,GND,NA,NA,NA,NA,NA
BA49,GND,NA,NA,NA,NA,NA
BA5,GND,NA,NA,NA,NA,NA
BA9,GND,NA,NA,NA,NA,NA
BB1,GND,NA,NA,NA,NA,NA
BB10,GND,NA,NA,NA,NA,NA
BB2,GND,NA,NA,NA,NA,NA
BB23,GND,NA,NA,NA,NA,NA
BB33,GND,NA,NA,NA,NA,NA
BB38,GND,NA,NA,NA,NA,NA
BB42,GND,NA,NA,NA,NA,NA
BB45,GND,NA,NA,NA,NA,NA
BB47,GND,NA,NA,NA,NA,NA
BB5,GND,NA,NA,NA,NA,NA
BB50,GND,NA,NA,NA,NA,NA
BB51,GND,NA,NA,NA,NA,NA
BB7,GND,NA,NA,NA,NA,NA
BC12,GND,NA,NA,NA,NA,NA
BC14,GND,NA,NA,NA,NA,NA
BC20,GND,NA,NA,NA,NA,NA
BC3,GND,NA,NA,NA,NA,NA
BC30,GND,NA,NA,NA,NA,NA
BC38,GND,NA,NA,NA,NA,NA
BC4,GND,NA,NA,NA,NA,NA
BC40,GND,NA,NA,NA,NA,NA
BC44,GND,NA,NA,NA,NA,NA
BC47,GND,NA,NA,NA,NA,NA
BC48,GND,NA,NA,NA,NA,NA
BC49,GND,NA,NA,NA,NA,NA
BC5,GND,NA,NA,NA,NA,NA
BC8,GND,NA,NA,NA,NA,NA
BD1,GND,NA,NA,NA,NA,NA
BD11,GND,NA,NA,NA,NA,NA
BD14,GND,NA,NA,NA,NA,NA
BD2,GND,NA,NA,NA,NA,NA
BD27,GND,NA,NA,NA,NA,NA
BD38,GND,NA,NA,NA,NA,NA
BD41,GND,NA,NA,NA,NA,NA
BD46,GND,NA,NA,NA,NA,NA
BD47,GND,NA,NA,NA,NA,NA
BD5,GND,NA,NA,NA,NA,NA
BD50,GND,NA,NA,NA,NA,NA
BD51,GND,NA,NA,NA,NA,NA
BD6,GND,NA,NA,NA,NA,NA
BE12,GND,NA,NA,NA,NA,NA
BE14,GND,NA,NA,NA,NA,NA
BE15,GND,NA,NA,NA,NA,NA
BE16,GND,NA,NA,NA,NA,NA
BE17,GND,NA,NA,NA,NA,NA
BE18,GND,NA,NA,NA,NA,NA
BE19,GND,NA,NA,NA,NA,NA
BE24,GND,NA,NA,NA,NA,NA
BE3,GND,NA,NA,NA,NA,NA
BE33,GND,NA,NA,NA,NA,NA
BE34,GND,NA,NA,NA,NA,NA
BE35,GND,NA,NA,NA,NA,NA
BE36,GND,NA,NA,NA,NA,NA
BE37,GND,NA,NA,NA,NA,NA
BE38,GND,NA,NA,NA,NA,NA
BE4,GND,NA,NA,NA,NA,NA
BE40,GND,NA,NA,NA,NA,NA
BE43,GND,NA,NA,NA,NA,NA
BE47,GND,NA,NA,NA,NA,NA
BE48,GND,NA,NA,NA,NA,NA
BE49,GND,NA,NA,NA,NA,NA
BE5,GND,NA,NA,NA,NA,NA
BE9,GND,NA,NA,NA,NA,NA
BF1,GND,NA,NA,NA,NA,NA
BF10,GND,NA,NA,NA,NA,NA
BF16,GND,NA,NA,NA,NA,NA
BF19,GND,NA,NA,NA,NA,NA
BF2,GND,NA,NA,NA,NA,NA
BF20,GND,NA,NA,NA,NA,NA
BF21,GND,NA,NA,NA,NA,NA
BF31,GND,NA,NA,NA,NA,NA
BF32,GND,NA,NA,NA,NA,NA
BF33,GND,NA,NA,NA,NA,NA
BF36,GND,NA,NA,NA,NA,NA
BF42,GND,NA,NA,NA,NA,NA
BF45,GND,NA,NA,NA,NA,NA
BF46,GND,NA,NA,NA,NA,NA
BF47,GND,NA,NA,NA,NA,NA
BF5,GND,NA,NA,NA,NA,NA
BF50,GND,NA,NA,NA,NA,NA
BF51,GND,NA,NA,NA,NA,NA
BF6,GND,NA,NA,NA,NA,NA
BF7,GND,NA,NA,NA,NA,NA
BG12,GND,NA,NA,NA,NA,NA
BG16,GND,NA,NA,NA,NA,NA
BG17,GND,NA,NA,NA,NA,NA
BG18,GND,NA,NA,NA,NA,NA
BG21,GND,NA,NA,NA,NA,NA
BG28,GND,NA,NA,NA,NA,NA
BG3,GND,NA,NA,NA,NA,NA
BG31,GND,NA,NA,NA,NA,NA
BG34,GND,NA,NA,NA,NA,NA
BG35,GND,NA,NA,NA,NA,NA
BG36,GND,NA,NA,NA,NA,NA
BG4,GND,NA,NA,NA,NA,NA
BG40,GND,NA,NA,NA,NA,NA
BG44,GND,NA,NA,NA,NA,NA
BG45,GND,NA,NA,NA,NA,NA
BG48,GND,NA,NA,NA,NA,NA
BG49,GND,NA,NA,NA,NA,NA
BG7,GND,NA,NA,NA,NA,NA
BG8,GND,NA,NA,NA,NA,NA
BH1,GND,NA,NA,NA,NA,NA
BH11,GND,NA,NA,NA,NA,NA
BH15,GND,NA,NA,NA,NA,NA
BH16,GND,NA,NA,NA,NA,NA
BH19,GND,NA,NA,NA,NA,NA
BH2,GND,NA,NA,NA,NA,NA
BH20,GND,NA,NA,NA,NA,NA
BH21,GND,NA,NA,NA,NA,NA
BH25,GND,NA,NA,NA,NA,NA
BH31,GND,NA,NA,NA,NA,NA
BH32,GND,NA,NA,NA,NA,NA
BH33,GND,NA,NA,NA,NA,NA
BH36,GND,NA,NA,NA,NA,NA
BH37,GND,NA,NA,NA,NA,NA
BH41,GND,NA,NA,NA,NA,NA
BH45,GND,NA,NA,NA,NA,NA
BH46,GND,NA,NA,NA,NA,NA
BH47,GND,NA,NA,NA,NA,NA
BH5,GND,NA,NA,NA,NA,NA
BH50,GND,NA,NA,NA,NA,NA
BH51,GND,NA,NA,NA,NA,NA
BH6,GND,NA,NA,NA,NA,NA
BH7,GND,NA,NA,NA,NA,NA
BJ13,GND,NA,NA,NA,NA,NA
BJ16,GND,NA,NA,NA,NA,NA
BJ17,GND,NA,NA,NA,NA,NA
BJ18,GND,NA,NA,NA,NA,NA
BJ2,GND,NA,NA,NA,NA,NA
BJ21,GND,NA,NA,NA,NA,NA
BJ22,GND,NA,NA,NA,NA,NA
BJ3,GND,NA,NA,NA,NA,NA
BJ31,GND,NA,NA,NA,NA,NA
BJ34,GND,NA,NA,NA,NA,NA
BJ35,GND,NA,NA,NA,NA,NA
BJ36,GND,NA,NA,NA,NA,NA
BJ39,GND,NA,NA,NA,NA,NA
BJ4,GND,NA,NA,NA,NA,NA
BJ43,GND,NA,NA,NA,NA,NA
BJ45,GND,NA,NA,NA,NA,NA
BJ48,GND,NA,NA,NA,NA,NA
BJ49,GND,NA,NA,NA,NA,NA
BJ50,GND,NA,NA,NA,NA,NA
BJ7,GND,NA,NA,NA,NA,NA
BJ9,GND,NA,NA,NA,NA,NA
BK10,GND,NA,NA,NA,NA,NA
BK14,GND,NA,NA,NA,NA,NA
BK16,GND,NA,NA,NA,NA,NA
BK19,GND,NA,NA,NA,NA,NA
BK20,GND,NA,NA,NA,NA,NA
BK21,GND,NA,NA,NA,NA,NA
BK29,GND,NA,NA,NA,NA,NA
BK3,GND,NA,NA,NA,NA,NA
BK31,GND,NA,NA,NA,NA,NA
BK32,GND,NA,NA,NA,NA,NA
BK33,GND,NA,NA,NA,NA,NA
BK36,GND,NA,NA,NA,NA,NA
BK38,GND,NA,NA,NA,NA,NA
BK4,GND,NA,NA,NA,NA,NA
BK42,GND,NA,NA,NA,NA,NA
BK45,GND,NA,NA,NA,NA,NA
BK46,GND,NA,NA,NA,NA,NA
BK47,GND,NA,NA,NA,NA,NA
BK48,GND,NA,NA,NA,NA,NA
BK49,GND,NA,NA,NA,NA,NA
BK5,GND,NA,NA,NA,NA,NA
BK6,GND,NA,NA,NA,NA,NA
BK7,GND,NA,NA,NA,NA,NA
BL12,GND,NA,NA,NA,NA,NA
BL16,GND,NA,NA,NA,NA,NA
BL17,GND,NA,NA,NA,NA,NA
BL18,GND,NA,NA,NA,NA,NA
BL21,GND,NA,NA,NA,NA,NA
BL26,GND,NA,NA,NA,NA,NA
BL31,GND,NA,NA,NA,NA,NA
BL34,GND,NA,NA,NA,NA,NA
BL35,GND,NA,NA,NA,NA,NA
BL36,GND,NA,NA,NA,NA,NA
BL4,GND,NA,NA,NA,NA,NA
BL40,GND,NA,NA,NA,NA,NA
BL44,GND,NA,NA,NA,NA,NA
BL45,GND,NA,NA,NA,NA,NA
BL48,GND,NA,NA,NA,NA,NA
BL7,GND,NA,NA,NA,NA,NA
BL8,GND,NA,NA,NA,NA,NA
C12,GND,NA,NA,NA,NA,NA
C16,GND,NA,NA,NA,NA,NA
C17,GND,NA,NA,NA,NA,NA
C18,GND,NA,NA,NA,NA,NA
C2,GND,NA,NA,NA,NA,NA
C21,GND,NA,NA,NA,NA,NA
C3,GND,NA,NA,NA,NA,NA
C31,GND,NA,NA,NA,NA,NA
C34,GND,NA,NA,NA,NA,NA
C35,GND,NA,NA,NA,NA,NA
C36,GND,NA,NA,NA,NA,NA
C4,GND,NA,NA,NA,NA,NA
C40,GND,NA,NA,NA,NA,NA
C44,GND,NA,NA,NA,NA,NA
C45,GND,NA,NA,NA,NA,NA
C48,GND,NA,NA,NA,NA,NA
C49,GND,NA,NA,NA,NA,NA
C50,GND,NA,NA,NA,NA,NA
C7,GND,NA,NA,NA,NA,NA
C8,GND,NA,NA,NA,NA,NA
D1,GND,NA,NA,NA,NA,NA
D11,GND,NA,NA,NA,NA,NA
D15,GND,NA,NA,NA,NA,NA
D16,GND,NA,NA,NA,NA,NA
D19,GND,NA,NA,NA,NA,NA
D2,GND,NA,NA,NA,NA,NA
D20,GND,NA,NA,NA,NA,NA
D21,GND,NA,NA,NA,NA,NA
D27,GND,NA,NA,NA,NA,NA
D31,GND,NA,NA,NA,NA,NA
D32,GND,NA,NA,NA,NA,NA
D33,GND,NA,NA,NA,NA,NA
D36,GND,NA,NA,NA,NA,NA
D37,GND,NA,NA,NA,NA,NA
D41,GND,NA,NA,NA,NA,NA
D45,GND,NA,NA,NA,NA,NA
D46,GND,NA,NA,NA,NA,NA
D47,GND,NA,NA,NA,NA,NA
D5,GND,NA,NA,NA,NA,NA
D50,GND,NA,NA,NA,NA,NA
D51,GND,NA,NA,NA,NA,NA
D6,GND,NA,NA,NA,NA,NA
D7,GND,NA,NA,NA,NA,NA
E12,GND,NA,NA,NA,NA,NA
E16,GND,NA,NA,NA,NA,NA
E17,GND,NA,NA,NA,NA,NA
E18,GND,NA,NA,NA,NA,NA
E21,GND,NA,NA,NA,NA,NA
E24,GND,NA,NA,NA,NA,NA
E3,GND,NA,NA,NA,NA,NA
E31,GND,NA,NA,NA,NA,NA
E34,GND,NA,NA,NA,NA,NA
E35,GND,NA,NA,NA,NA,NA
E36,GND,NA,NA,NA,NA,NA
E39,GND,NA,NA,NA,NA,NA
E4,GND,NA,NA,NA,NA,NA
E43,GND,NA,NA,NA,NA,NA
E45,GND,NA,NA,NA,NA,NA
E48,GND,NA,NA,NA,NA,NA
E49,GND,NA,NA,NA,NA,NA
E7,GND,NA,NA,NA,NA,NA
E9,GND,NA,NA,NA,NA,NA
F1,GND,NA,NA,NA,NA,NA
F10,GND,NA,NA,NA,NA,NA
F14,GND,NA,NA,NA,NA,NA
F16,GND,NA,NA,NA,NA,NA
F19,GND,NA,NA,NA,NA,NA
F2,GND,NA,NA,NA,NA,NA
F20,GND,NA,NA,NA,NA,NA
F21,GND,NA,NA,NA,NA,NA
F31,GND,NA,NA,NA,NA,NA
F32,GND,NA,NA,NA,NA,NA
F33,GND,NA,NA,NA,NA,NA
F36,GND,NA,NA,NA,NA,NA
F38,GND,NA,NA,NA,NA,NA
F42,GND,NA,NA,NA,NA,NA
F45,GND,NA,NA,NA,NA,NA
F46,GND,NA,NA,NA,NA,NA
F47,GND,NA,NA,NA,NA,NA
F5,GND,NA,NA,NA,NA,NA
F50,GND,NA,NA,NA,NA,NA
F51,GND,NA,NA,NA,NA,NA
F6,GND,NA,NA,NA,NA,NA
F7,GND,NA,NA,NA,NA,NA
G12,GND,NA,NA,NA,NA,NA
G16,GND,NA,NA,NA,NA,NA
G18,GND,NA,NA,NA,NA,NA
G21,GND,NA,NA,NA,NA,NA
G28,GND,NA,NA,NA,NA,NA
G3,GND,NA,NA,NA,NA,NA
G31,GND,NA,NA,NA,NA,NA
G34,GND,NA,NA,NA,NA,NA
G36,GND,NA,NA,NA,NA,NA
G4,GND,NA,NA,NA,NA,NA
G40,GND,NA,NA,NA,NA,NA
G44,GND,NA,NA,NA,NA,NA
G47,GND,NA,NA,NA,NA,NA
G48,GND,NA,NA,NA,NA,NA
G49,GND,NA,NA,NA,NA,NA
G5,GND,NA,NA,NA,NA,NA
G8,GND,NA,NA,NA,NA,NA
H1,GND,NA,NA,NA,NA,NA
H11,GND,NA,NA,NA,NA,NA
H14,GND,NA,NA,NA,NA,NA
H15,GND,NA,NA,NA,NA,NA
H16,GND,NA,NA,NA,NA,NA
H17,GND,NA,NA,NA,NA,NA
H18,GND,NA,NA,NA,NA,NA
H19,GND,NA,NA,NA,NA,NA
H2,GND,NA,NA,NA,NA,NA
H20,GND,NA,NA,NA,NA,NA
H21,GND,NA,NA,NA,NA,NA
H25,GND,NA,NA,NA,NA,NA
H31,GND,NA,NA,NA,NA,NA
H32,GND,NA,NA,NA,NA,NA
H33,GND,NA,NA,NA,NA,NA
H34,GND,NA,NA,NA,NA,NA
H35,GND,NA,NA,NA,NA,NA
H36,GND,NA,NA,NA,NA,NA
H37,GND,NA,NA,NA,NA,NA
H38,GND,NA,NA,NA,NA,NA
H41,GND,NA,NA,NA,NA,NA
H46,GND,NA,NA,NA,NA,NA
H47,GND,NA,NA,NA,NA,NA
H5,GND,NA,NA,NA,NA,NA
H50,GND,NA,NA,NA,NA,NA
H51,GND,NA,NA,NA,NA,NA
H6,GND,NA,NA,NA,NA,NA
J12,GND,NA,NA,NA,NA,NA
J14,GND,NA,NA,NA,NA,NA
J22,GND,NA,NA,NA,NA,NA
J3,GND,NA,NA,NA,NA,NA
J38,GND,NA,NA,NA,NA,NA
J4,GND,NA,NA,NA,NA,NA
J40,GND,NA,NA,NA,NA,NA
J43,GND,NA,NA,NA,NA,NA
J47,GND,NA,NA,NA,NA,NA
J48,GND,NA,NA,NA,NA,NA
J49,GND,NA,NA,NA,NA,NA
J5,GND,NA,NA,NA,NA,NA
J9,GND,NA,NA,NA,NA,NA
K1,GND,NA,NA,NA,NA,NA
K10,GND,NA,NA,NA,NA,NA
K14,GND,NA,NA,NA,NA,NA
K19,GND,NA,NA,NA,NA,NA
K2,GND,NA,NA,NA,NA,NA
K29,GND,NA,NA,NA,NA,NA
K38,GND,NA,NA,NA,NA,NA
K42,GND,NA,NA,NA,NA,NA
K45,GND,NA,NA,NA,NA,NA
K47,GND,NA,NA,NA,NA,NA
K5,GND,NA,NA,NA,NA,NA
K50,GND,NA,NA,NA,NA,NA
K51,GND,NA,NA,NA,NA,NA
K7,GND,NA,NA,NA,NA,NA
L12,GND,NA,NA,NA,NA,NA
L14,GND,NA,NA,NA,NA,NA
L16,GND,NA,NA,NA,NA,NA
L26,GND,NA,NA,NA,NA,NA
L3,GND,NA,NA,NA,NA,NA
L36,GND,NA,NA,NA,NA,NA
L38,GND,NA,NA,NA,NA,NA
L4,GND,NA,NA,NA,NA,NA
L40,GND,NA,NA,NA,NA,NA
L44,GND,NA,NA,NA,NA,NA
L47,GND,NA,NA,NA,NA,NA
L48,GND,NA,NA,NA,NA,NA
L49,GND,NA,NA,NA,NA,NA
L5,GND,NA,NA,NA,NA,NA
L8,GND,NA,NA,NA,NA,NA
M1,GND,NA,NA,NA,NA,NA
M11,GND,NA,NA,NA,NA,NA
M2,GND,NA,NA,NA,NA,NA
M23,GND,NA,NA,NA,NA,NA
M33,GND,NA,NA,NA,NA,NA
M38,GND,NA,NA,NA,NA,NA
M41,GND,NA,NA,NA,NA,NA
M46,GND,NA,NA,NA,NA,NA
M47,GND,NA,NA,NA,NA,NA
M5,GND,NA,NA,NA,NA,NA
M50,GND,NA,NA,NA,NA,NA
M51,GND,NA,NA,NA,NA,NA
M6,GND,NA,NA,NA,NA,NA
N13,GND,NA,NA,NA,NA,NA
N14,GND,NA,NA,NA,NA,NA
N20,GND,NA,NA,NA,NA,NA
N3,GND,NA,NA,NA,NA,NA
N30,GND,NA,NA,NA,NA,NA
N38,GND,NA,NA,NA,NA,NA
N39,GND,NA,NA,NA,NA,NA
N4,GND,NA,NA,NA,NA,NA
N43,GND,NA,NA,NA,NA,NA
N47,GND,NA,NA,NA,NA,NA
N48,GND,NA,NA,NA,NA,NA
N49,GND,NA,NA,NA,NA,NA
N5,GND,NA,NA,NA,NA,NA
N9,GND,NA,NA,NA,NA,NA
P1,GND,NA,NA,NA,NA,NA
P10,GND,NA,NA,NA,NA,NA
P17,GND,NA,NA,NA,NA,NA
P2,GND,NA,NA,NA,NA,NA
P27,GND,NA,NA,NA,NA,NA
P37,GND,NA,NA,NA,NA,NA
P38,GND,NA,NA,NA,NA,NA
P42,GND,NA,NA,NA,NA,NA
P45,GND,NA,NA,NA,NA,NA
P47,GND,NA,NA,NA,NA,NA
P5,GND,NA,NA,NA,NA,NA
P50,GND,NA,NA,NA,NA,NA
P51,GND,NA,NA,NA,NA,NA
P7,GND,NA,NA,NA,NA,NA
R12,GND,NA,NA,NA,NA,NA
R14,GND,NA,NA,NA,NA,NA
R24,GND,NA,NA,NA,NA,NA
R3,GND,NA,NA,NA,NA,NA
R34,GND,NA,NA,NA,NA,NA
R38,GND,NA,NA,NA,NA,NA
R4,GND,NA,NA,NA,NA,NA
R40,GND,NA,NA,NA,NA,NA
R44,GND,NA,NA,NA,NA,NA
R47,GND,NA,NA,NA,NA,NA
R48,GND,NA,NA,NA,NA,NA
R49,GND,NA,NA,NA,NA,NA
R5,GND,NA,NA,NA,NA,NA
R8,GND,NA,NA,NA,NA,NA
T1,GND,NA,NA,NA,NA,NA
T11,GND,NA,NA,NA,NA,NA
T2,GND,NA,NA,NA,NA,NA
T21,GND,NA,NA,NA,NA,NA
T38,GND,NA,NA,NA,NA,NA
T41,GND,NA,NA,NA,NA,NA
T46,GND,NA,NA,NA,NA,NA
T47,GND,NA,NA,NA,NA,NA
T5,GND,NA,NA,NA,NA,NA
T50,GND,NA,NA,NA,NA,NA
T51,GND,NA,NA,NA,NA,NA
T6,GND,NA,NA,NA,NA,NA
U13,GND,NA,NA,NA,NA,NA
U14,GND,NA,NA,NA,NA,NA
U18,GND,NA,NA,NA,NA,NA
U28,GND,NA,NA,NA,NA,NA
U3,GND,NA,NA,NA,NA,NA
U30,GND,NA,NA,NA,NA,NA
U38,GND,NA,NA,NA,NA,NA
U39,GND,NA,NA,NA,NA,NA
U4,GND,NA,NA,NA,NA,NA
U43,GND,NA,NA,NA,NA,NA
U47,GND,NA,NA,NA,NA,NA
U48,GND,NA,NA,NA,NA,NA
U49,GND,NA,NA,NA,NA,NA
U5,GND,NA,NA,NA,NA,NA
U9,GND,NA,NA,NA,NA,NA
V1,GND,NA,NA,NA,NA,NA
V10,GND,NA,NA,NA,NA,NA
V2,GND,NA,NA,NA,NA,NA
V23,GND,NA,NA,NA,NA,NA
V25,GND,NA,NA,NA,NA,NA
V27,GND,NA,NA,NA,NA,NA
V29,GND,NA,NA,NA,NA,NA
V31,GND,NA,NA,NA,NA,NA
V38,GND,NA,NA,NA,NA,NA
V42,GND,NA,NA,NA,NA,NA
V45,GND,NA,NA,NA,NA,NA
V47,GND,NA,NA,NA,NA,NA
V5,GND,NA,NA,NA,NA,NA
V50,GND,NA,NA,NA,NA,NA
V51,GND,NA,NA,NA,NA,NA
V7,GND,NA,NA,NA,NA,NA
W12,GND,NA,NA,NA,NA,NA
W14,GND,NA,NA,NA,NA,NA
W18,GND,NA,NA,NA,NA,NA
W20,GND,NA,NA,NA,NA,NA
W22,GND,NA,NA,NA,NA,NA
W24,GND,NA,NA,NA,NA,NA
W26,GND,NA,NA,NA,NA,NA
W28,GND,NA,NA,NA,NA,NA
W3,GND,NA,NA,NA,NA,NA
W30,GND,NA,NA,NA,NA,NA
W34,GND,NA,NA,NA,NA,NA
W36,GND,NA,NA,NA,NA,NA
W38,GND,NA,NA,NA,NA,NA
W4,GND,NA,NA,NA,NA,NA
W40,GND,NA,NA,NA,NA,NA
W44,GND,NA,NA,NA,NA,NA
W47,GND,NA,NA,NA,NA,NA
W48,GND,NA,NA,NA,NA,NA
W49,GND,NA,NA,NA,NA,NA
W5,GND,NA,NA,NA,NA,NA
W8,GND,NA,NA,NA,NA,NA
Y1,GND,NA,NA,NA,NA,NA
Y11,GND,NA,NA,NA,NA,NA
Y15,GND,NA,NA,NA,NA,NA
Y17,GND,NA,NA,NA,NA,NA
Y19,GND,NA,NA,NA,NA,NA
Y2,GND,NA,NA,NA,NA,NA
Y21,GND,NA,NA,NA,NA,NA
Y23,GND,NA,NA,NA,NA,NA
Y25,GND,NA,NA,NA,NA,NA
Y27,GND,NA,NA,NA,NA,NA
Y29,GND,NA,NA,NA,NA,NA
Y31,GND,NA,NA,NA,NA,NA
Y33,GND,NA,NA,NA,NA,NA
Y35,GND,NA,NA,NA,NA,NA
Y37,GND,NA,NA,NA,NA,NA
Y38,GND,NA,NA,NA,NA,NA
Y41,GND,NA,NA,NA,NA,NA
Y46,GND,NA,NA,NA,NA,NA
Y47,GND,NA,NA,NA,NA,NA
Y5,GND,NA,NA,NA,NA,NA
Y50,GND,NA,NA,NA,NA,NA
Y51,GND,NA,NA,NA,NA,NA
Y6,GND,NA,NA,NA,NA,NA
AA17,VCCINT,NA,NA,NA,NA,NA
AA19,VCCINT,NA,NA,NA,NA,NA
AA21,VCCINT,NA,NA,NA,NA,NA
AA23,VCCINT,NA,NA,NA,NA,NA
AA25,VCCINT,NA,NA,NA,NA,NA
AA27,VCCINT,NA,NA,NA,NA,NA
AA29,VCCINT,NA,NA,NA,NA,NA
AA31,VCCINT,NA,NA,NA,NA,NA
AB16,VCCINT,NA,NA,NA,NA,NA
AB18,VCCINT,NA,NA,NA,NA,NA
AB20,VCCINT,NA,NA,NA,NA,NA
AB22,VCCINT,NA,NA,NA,NA,NA
AB24,VCCINT,NA,NA,NA,NA,NA
AB26,VCCINT,NA,NA,NA,NA,NA
AB28,VCCINT,NA,NA,NA,NA,NA
AB30,VCCINT,NA,NA,NA,NA,NA
AC17,VCCINT,NA,NA,NA,NA,NA
AC19,VCCINT,NA,NA,NA,NA,NA
AC21,VCCINT,NA,NA,NA,NA,NA
AC23,VCCINT,NA,NA,NA,NA,NA
AC25,VCCINT,NA,NA,NA,NA,NA
AC27,VCCINT,NA,NA,NA,NA,NA
AC29,VCCINT,NA,NA,NA,NA,NA
AC31,VCCINT,NA,NA,NA,NA,NA
AD16,VCCINT,NA,NA,NA,NA,NA
AD18,VCCINT,NA,NA,NA,NA,NA
AD20,VCCINT,NA,NA,NA,NA,NA
AD22,VCCINT,NA,NA,NA,NA,NA
AD24,VCCINT,NA,NA,NA,NA,NA
AD26,VCCINT,NA,NA,NA,NA,NA
AD28,VCCINT,NA,NA,NA,NA,NA
AD30,VCCINT,NA,NA,NA,NA,NA
AE17,VCCINT,NA,NA,NA,NA,NA
AE19,VCCINT,NA,NA,NA,NA,NA
AE21,VCCINT,NA,NA,NA,NA,NA
AE23,VCCINT,NA,NA,NA,NA,NA
AE25,VCCINT,NA,NA,NA,NA,NA
AE27,VCCINT,NA,NA,NA,NA,NA
AE29,VCCINT,NA,NA,NA,NA,NA
AE31,VCCINT,NA,NA,NA,NA,NA
AF16,VCCINT,NA,NA,NA,NA,NA
AF18,VCCINT,NA,NA,NA,NA,NA
AF20,VCCINT,NA,NA,NA,NA,NA
AF22,VCCINT,NA,NA,NA,NA,NA
AF24,VCCINT,NA,NA,NA,NA,NA
AF26,VCCINT,NA,NA,NA,NA,NA
AF28,VCCINT,NA,NA,NA,NA,NA
AF30,VCCINT,NA,NA,NA,NA,NA
AG17,VCCINT,NA,NA,NA,NA,NA
AG21,VCCINT,NA,NA,NA,NA,NA
AG23,VCCINT,NA,NA,NA,NA,NA
AG25,VCCINT,NA,NA,NA,NA,NA
AG27,VCCINT,NA,NA,NA,NA,NA
AG29,VCCINT,NA,NA,NA,NA,NA
AG31,VCCINT,NA,NA,NA,NA,NA
AH16,VCCINT,NA,NA,NA,NA,NA
AH20,VCCINT,NA,NA,NA,NA,NA
AH22,VCCINT,NA,NA,NA,NA,NA
AH24,VCCINT,NA,NA,NA,NA,NA
AH26,VCCINT,NA,NA,NA,NA,NA
AH28,VCCINT,NA,NA,NA,NA,NA
AH30,VCCINT,NA,NA,NA,NA,NA
AJ17,VCCINT,NA,NA,NA,NA,NA
AJ21,VCCINT,NA,NA,NA,NA,NA
AJ23,VCCINT,NA,NA,NA,NA,NA
AJ25,VCCINT,NA,NA,NA,NA,NA
AJ27,VCCINT,NA,NA,NA,NA,NA
AJ29,VCCINT,NA,NA,NA,NA,NA
AJ31,VCCINT,NA,NA,NA,NA,NA
AK16,VCCINT,NA,NA,NA,NA,NA
AK20,VCCINT,NA,NA,NA,NA,NA
AK22,VCCINT,NA,NA,NA,NA,NA
AK24,VCCINT,NA,NA,NA,NA,NA
AK26,VCCINT,NA,NA,NA,NA,NA
AK28,VCCINT,NA,NA,NA,NA,NA
AK30,VCCINT,NA,NA,NA,NA,NA
AL17,VCCINT,NA,NA,NA,NA,NA
AL19,VCCINT,NA,NA,NA,NA,NA
AL21,VCCINT,NA,NA,NA,NA,NA
AL23,VCCINT,NA,NA,NA,NA,NA
AL25,VCCINT,NA,NA,NA,NA,NA
AL27,VCCINT,NA,NA,NA,NA,NA
AL29,VCCINT,NA,NA,NA,NA,NA
AL31,VCCINT,NA,NA,NA,NA,NA
AM18,VCCINT,NA,NA,NA,NA,NA
AM20,VCCINT,NA,NA,NA,NA,NA
AM22,VCCINT,NA,NA,NA,NA,NA
AM24,VCCINT,NA,NA,NA,NA,NA
AM26,VCCINT,NA,NA,NA,NA,NA
AM28,VCCINT,NA,NA,NA,NA,NA
AM30,VCCINT,NA,NA,NA,NA,NA
AN17,VCCINT,NA,NA,NA,NA,NA
AN19,VCCINT,NA,NA,NA,NA,NA
AN21,VCCINT,NA,NA,NA,NA,NA
AN23,VCCINT,NA,NA,NA,NA,NA
AN25,VCCINT,NA,NA,NA,NA,NA
AN27,VCCINT,NA,NA,NA,NA,NA
AN29,VCCINT,NA,NA,NA,NA,NA
AN31,VCCINT,NA,NA,NA,NA,NA
AP18,VCCINT,NA,NA,NA,NA,NA
AP20,VCCINT,NA,NA,NA,NA,NA
AP22,VCCINT,NA,NA,NA,NA,NA
AP24,VCCINT,NA,NA,NA,NA,NA
AP26,VCCINT,NA,NA,NA,NA,NA
AP28,VCCINT,NA,NA,NA,NA,NA
AP30,VCCINT,NA,NA,NA,NA,NA
AR21,VCCINT,NA,NA,NA,NA,NA
AR23,VCCINT,NA,NA,NA,NA,NA
AR25,VCCINT,NA,NA,NA,NA,NA
AR27,VCCINT,NA,NA,NA,NA,NA
AR29,VCCINT,NA,NA,NA,NA,NA
AR31,VCCINT,NA,NA,NA,NA,NA
AT22,VCCINT,NA,NA,NA,NA,NA
AT24,VCCINT,NA,NA,NA,NA,NA
AT26,VCCINT,NA,NA,NA,NA,NA
AT28,VCCINT,NA,NA,NA,NA,NA
AT30,VCCINT,NA,NA,NA,NA,NA
AU23,VCCINT,NA,NA,NA,NA,NA
AU25,VCCINT,NA,NA,NA,NA,NA
AU27,VCCINT,NA,NA,NA,NA,NA
AU29,VCCINT,NA,NA,NA,NA,NA
U27,VCCINT,NA,NA,NA,NA,NA
U29,VCCINT,NA,NA,NA,NA,NA
U31,VCCINT,NA,NA,NA,NA,NA
V22,VCCINT,NA,NA,NA,NA,NA
V24,VCCINT,NA,NA,NA,NA,NA
V26,VCCINT,NA,NA,NA,NA,NA
V28,VCCINT,NA,NA,NA,NA,NA
V30,VCCINT,NA,NA,NA,NA,NA
W17,VCCINT,NA,NA,NA,NA,NA
W19,VCCINT,NA,NA,NA,NA,NA
W21,VCCINT,NA,NA,NA,NA,NA
W23,VCCINT,NA,NA,NA,NA,NA
W25,VCCINT,NA,NA,NA,NA,NA
W27,VCCINT,NA,NA,NA,NA,NA
W29,VCCINT,NA,NA,NA,NA,NA
W31,VCCINT,NA,NA,NA,NA,NA
Y18,VCCINT,NA,NA,NA,NA,NA
Y20,VCCINT,NA,NA,NA,NA,NA
Y22,VCCINT,NA,NA,NA,NA,NA
Y24,VCCINT,NA,NA,NA,NA,NA
Y26,VCCINT,NA,NA,NA,NA,NA
Y28,VCCINT,NA,NA,NA,NA,NA
Y30,VCCINT,NA,NA,NA,NA,NA
AA33,VCCINT_IO,NA,NA,NA,NA,NA
AB32,VCCINT_IO,NA,NA,NA,NA,NA
AC33,VCCINT_IO,NA,NA,NA,NA,NA
AD32,VCCINT_IO,NA,NA,NA,NA,NA
AE33,VCCINT_IO,NA,NA,NA,NA,NA
AF32,VCCINT_IO,NA,NA,NA,NA,NA
AG33,VCCINT_IO,NA,NA,NA,NA,NA
AH32,VCCINT_IO,NA,NA,NA,NA,NA
AJ33,VCCINT_IO,NA,NA,NA,NA,NA
AK32,VCCINT_IO,NA,NA,NA,NA,NA
AL33,VCCINT_IO,NA,NA,NA,NA,NA
AM32,VCCINT_IO,NA,NA,NA,NA,NA
AN33,VCCINT_IO,NA,NA,NA,NA,NA
AP32,VCCINT_IO,NA,NA,NA,NA,NA
W33,VCCINT_IO,NA,NA,NA,NA,NA
Y32,VCCINT_IO,NA,NA,NA,NA,NA
AA37,VCCAUX,NA,NA,NA,NA,NA
AC37,VCCAUX,NA,NA,NA,NA,NA
AD36,VCCAUX,NA,NA,NA,NA,NA
AD38,VCCAUX,NA,NA,NA,NA,NA
AE37,VCCAUX,NA,NA,NA,NA,NA
AE39,VCCAUX,NA,NA,NA,NA,NA
AF36,VCCAUX,NA,NA,NA,NA,NA
AF38,VCCAUX,NA,NA,NA,NA,NA
AG37,VCCAUX,NA,NA,NA,NA,NA
AG39,VCCAUX,NA,NA,NA,NA,NA
AH38,VCCAUX,NA,NA,NA,NA,NA
AJ37,VCCAUX,NA,NA,NA,NA,NA
AL37,VCCAUX,NA,NA,NA,NA,NA
AN37,VCCAUX,NA,NA,NA,NA,NA
W37,VCCAUX,NA,NA,NA,NA,NA
AA35,VCCAUX_IO,NA,NA,NA,NA,NA
AB34,VCCAUX_IO,NA,NA,NA,NA,NA
AB36,VCCAUX_IO,NA,NA,NA,NA,NA
AC35,VCCAUX_IO,NA,NA,NA,NA,NA
AD34,VCCAUX_IO,NA,NA,NA,NA,NA
AE35,VCCAUX_IO,NA,NA,NA,NA,NA
AF34,VCCAUX_IO,NA,NA,NA,NA,NA
AG35,VCCAUX_IO,NA,NA,NA,NA,NA
AH34,VCCAUX_IO,NA,NA,NA,NA,NA
AH36,VCCAUX_IO,NA,NA,NA,NA,NA
AJ35,VCCAUX_IO,NA,NA,NA,NA,NA
AK34,VCCAUX_IO,NA,NA,NA,NA,NA
AK36,VCCAUX_IO,NA,NA,NA,NA,NA
AL35,VCCAUX_IO,NA,NA,NA,NA,NA
AM34,VCCAUX_IO,NA,NA,NA,NA,NA
AM36,VCCAUX_IO,NA,NA,NA,NA,NA
AN35,VCCAUX_IO,NA,NA,NA,NA,NA
AP34,VCCAUX_IO,NA,NA,NA,NA,NA
AP36,VCCAUX_IO,NA,NA,NA,NA,NA
W35,VCCAUX_IO,NA,NA,NA,NA,NA
Y34,VCCAUX_IO,NA,NA,NA,NA,NA
Y36,VCCAUX_IO,NA,NA,NA,NA,NA
AE13,VCCO_0,NA,0,NA,NA,NA
AG13,VCCO_0,NA,0,NA,NA,NA
AW27,VCCO_61,NA,61,NA,NA,NA
AY24,VCCO_61,NA,61,NA,NA,NA
BC25,VCCO_61,NA,61,NA,NA,NA
BD22,VCCO_61,NA,61,NA,NA,NA
BG23,VCCO_61,NA,61,NA,NA,NA
BK24,VCCO_61,NA,61,NA,NA,NA
BJ27,VCCO_62,NA,62,NA,NA,NA
AV30,VCCO_62,NA,62,NA,NA,NA
BA31,VCCO_62,NA,62,NA,NA,NA
BB28,VCCO_62,NA,62,NA,NA,NA
BE29,VCCO_62,NA,62,NA,NA,NA
BF26,VCCO_62,NA,62,NA,NA,NA
BH30,VCCO_62,NA,62,NA,NA,NA
AT36,VCCO_63,NA,63,NA,NA,NA
AU33,VCCO_63,NA,63,NA,NA,NA
AW37,VCCO_63,NA,63,NA,NA,NA
AY34,VCCO_63,NA,63,NA,NA,NA
BC35,VCCO_63,NA,63,NA,NA,NA
BD32,VCCO_63,NA,63,NA,NA,NA
AR19,VCCO_65,NA,65,NA,NA,NA
AV20,VCCO_65,NA,65,NA,NA,NA
AW17,VCCO_65,NA,65,NA,NA,NA
BA21,VCCO_65,NA,65,NA,NA,NA
BB18,VCCO_65,NA,65,NA,NA,NA
BC15,VCCO_65,NA,65,NA,NA,NA
AT16,VCCO_66,NA,66,NA,NA,NA
J37,VCCO_67,NA,67,NA,NA,NA
K34,VCCO_67,NA,67,NA,NA,NA
N35,VCCO_67,NA,67,NA,NA,NA
P32,VCCO_67,NA,67,NA,NA,NA
T36,VCCO_67,NA,67,NA,NA,NA
U33,VCCO_67,NA,67,NA,NA,NA
B28,VCCO_68,NA,68,NA,NA,NA
E29,VCCO_68,NA,68,NA,NA,NA
L31,VCCO_68,NA,68,NA,NA,NA
C25,VCCO_70,NA,70,NA,NA,NA
F26,VCCO_70,NA,70,NA,NA,NA
J27,VCCO_70,NA,70,NA,NA,NA
M28,VCCO_70,NA,70,NA,NA,NA
R29,VCCO_70,NA,70,NA,NA,NA
T26,VCCO_70,NA,70,NA,NA,NA
D22,VCCO_71,NA,71,NA,NA,NA
G23,VCCO_71,NA,71,NA,NA,NA
K24,VCCO_71,NA,71,NA,NA,NA
L21,VCCO_71,NA,71,NA,NA,NA
N25,VCCO_71,NA,71,NA,NA,NA
P22,VCCO_71,NA,71,NA,NA,NA
J17,VCCO_72,NA,72,NA,NA,NA
M18,VCCO_72,NA,72,NA,NA,NA
N15,VCCO_72,NA,72,NA,NA,NA
R19,VCCO_72,NA,72,NA,NA,NA
T16,VCCO_72,NA,72,NA,NA,NA
V20,VCCO_72,NA,72,NA,NA,NA
AA15,VCCBRAM,NA,NA,NA,NA,NA
AC15,VCCBRAM,NA,NA,NA,NA,NA
AD14,VCCBRAM,NA,NA,NA,NA,NA
AE15,VCCBRAM,NA,NA,NA,NA,NA
AF14,VCCBRAM,NA,NA,NA,NA,NA
AG15,VCCBRAM,NA,NA,NA,NA,NA
AH14,VCCBRAM,NA,NA,NA,NA,NA
AJ15,VCCBRAM,NA,NA,NA,NA,NA
AL15,VCCBRAM,NA,NA,NA,NA,NA
AM16,VCCBRAM,NA,NA,NA,NA,NA
AN15,VCCBRAM,NA,NA,NA,NA,NA
AP16,VCCBRAM,NA,NA,NA,NA,NA
W15,VCCBRAM,NA,NA,NA,NA,NA
Y16,VCCBRAM,NA,NA,NA,NA,NA
AG19,VCCADC,NA,NA,NA,NA,NA
AG18,GNDADC,NA,NA,NA,NA,NA
D34,NC,NA,NA,NA,NA,NA
D35,NC,NA,NA,NA,NA,NA
D39,NC,NA,NA,NA,NA,NA
D40,NC,NA,NA,NA,NA,NA
AB12,NC,NA,NA,NA,NA,NA
AB13,NC,NA,NA,NA,NA,NA
AB39,NC,NA,NA,NA,NA,NA
AB40,NC,NA,NA,NA,NA,NA
D12,NC,NA,NA,NA,NA,NA
D13,NC,NA,NA,NA,NA,NA
D17,NC,NA,NA,NA,NA,NA
D18,NC,NA,NA,NA,NA,NA
E14,NC,NA,NA,NA,NA,NA
E15,NC,NA,NA,NA,NA,NA
E19,NC,NA,NA,NA,NA,NA
E20,NC,NA,NA,NA,NA,NA
E32,NC,NA,NA,NA,NA,NA
E33,NC,NA,NA,NA,NA,NA
E37,NC,NA,NA,NA,NA,NA
E38,NC,NA,NA,NA,NA,NA
F12,NC,NA,NA,NA,NA,NA
F13,NC,NA,NA,NA,NA,NA
F17,NC,NA,NA,NA,NA,NA
F18,NC,NA,NA,NA,NA,NA
F34,NC,NA,NA,NA,NA,NA
F35,NC,NA,NA,NA,NA,NA
F39,NC,NA,NA,NA,NA,NA
F40,NC,NA,NA,NA,NA,NA
G14,NC,NA,NA,NA,NA,NA
G15,NC,NA,NA,NA,NA,NA
G19,NC,NA,NA,NA,NA,NA
G20,NC,NA,NA,NA,NA,NA
G32,NC,NA,NA,NA,NA,NA
G33,NC,NA,NA,NA,NA,NA
G37,NC,NA,NA,NA,NA,NA
G38,NC,NA,NA,NA,NA,NA
H12,NC,NA,NA,NA,NA,NA
H13,NC,NA,NA,NA,NA,NA
H39,NC,NA,NA,NA,NA,NA
H40,NC,NA,NA,NA,NA,NA
J10,NC,NA,NA,NA,NA,NA
J11,NC,NA,NA,NA,NA,NA
J41,NC,NA,NA,NA,NA,NA
J42,NC,NA,NA,NA,NA,NA
,,,,,,
Total Number of Pins, 2577,,,,,,
