Device/Package xcvu125flvb2104 3/22/2016 18:20:39,,,,,,
,,,,,,
Pin,Pin Name,Memory Byte Group,Bank,I/O Type,Super Logic Region,No-Connect
AJ18,DXN,NA,NA,NA,NA,NA
AF19,VCCADC,NA,NA,NA,NA,NA
AF18,GNDADC,NA,NA,NA,NA,NA
AJ19,DXP,NA,NA,NA,NA,NA
AH19,VREFP,NA,NA,NA,NA,NA
AG18,VREFN,NA,NA,NA,NA,NA
AG19,VP,NA,NA,NA,NA,NA
AH18,VN,NA,NA,NA,NA,NA
V12,M0_0,NA,0,CONFIG,0,NA
U12,M1_0,NA,0,CONFIG,0,NA
Y12,INIT_B_0,NA,0,CONFIG,0,NA
R12,M2_0,NA,0,CONFIG,0,NA
W12,CFGBVS_0,NA,0,CONFIG,0,NA
AA12,PUDC_B_0,NA,0,CONFIG,0,NA
AD12,POR_OVERRIDE,NA,NA,NA,NA,NA
AC12,DONE_0,NA,0,CONFIG,0,NA
AE12,PROGRAM_B_0,NA,0,CONFIG,0,NA
AE15,TDI_0,NA,0,CONFIG,0,NA
AG12,RDWR_FCS_B_0,NA,0,CONFIG,0,NA
AL12,D02_0,NA,0,CONFIG,0,NA
AK12,D00_MOSI_0,NA,0,CONFIG,0,NA
AH12,D03_0,NA,0,CONFIG,0,NA
AJ12,D01_DIN_0,NA,0,CONFIG,0,NA
AG15,TMS_0,NA,0,CONFIG,0,NA
AG13,CCLK_0,NA,0,CONFIG,0,NA
AE13,TCK_0,NA,0,CONFIG,0,NA
AM12,VBATT,NA,NA,NA,NA,NA
AC13,TDO_0,NA,0,CONFIG,0,NA
AL29,IO_L24P_T3U_N10_44,3U,44,HP,0,NA
AL30,IO_L24N_T3U_N11_44,3U,44,HP,0,NA
AR32,IO_T3U_N12_44,3U,44,HP,0,NA
AM31,IO_L23P_T3U_N8_44,3U,44,HP,0,NA
AN31,IO_L23N_T3U_N9_44,3U,44,HP,0,NA
AM29,IO_L22P_T3U_N6_DBC_AD0P_44,3U,44,HP,0,NA
AM30,IO_L22N_T3U_N7_DBC_AD0N_44,3U,44,HP,0,NA
AN29,IO_L21P_T3L_N4_AD8P_44,3L,44,HP,0,NA
AP29,IO_L21N_T3L_N5_AD8N_44,3L,44,HP,0,NA
AP30,IO_L20P_T3L_N2_AD1P_44,3L,44,HP,0,NA
AR30,IO_L20N_T3L_N3_AD1N_44,3L,44,HP,0,NA
AP31,IO_L19P_T3L_N0_DBC_AD9P_44,3L,44,HP,0,NA
AR31,IO_L19N_T3L_N1_DBC_AD9N_44,3L,44,HP,0,NA
AT29,IO_L18P_T2U_N10_AD2P_44,2U,44,HP,0,NA
AT30,IO_L18N_T2U_N11_AD2N_44,2U,44,HP,0,NA
AU30,IO_L17P_T2U_N8_AD10P_44,2U,44,HP,0,NA
AU31,IO_L17N_T2U_N9_AD10N_44,2U,44,HP,0,NA
AU29,IO_L16P_T2U_N6_QBC_AD3P_44,2U,44,HP,0,NA
AV29,IO_L16N_T2U_N7_QBC_AD3N_44,2U,44,HP,0,NA
AU32,IO_L15P_T2L_N4_AD11P_44,2L,44,HP,0,NA
AV32,IO_L15N_T2L_N5_AD11N_44,2L,44,HP,0,NA
AV31,IO_L14P_T2L_N2_GC_44,2L,44,HP,0,NA
AW31,IO_L14N_T2L_N3_GC_44,2L,44,HP,0,NA
AT32,IO_T2U_N12_44,2U,44,HP,0,NA
AW29,IO_L13P_T2L_N0_GC_QBC_44,2L,44,HP,0,NA
AW30,IO_L13N_T2L_N1_GC_QBC_44,2L,44,HP,0,NA
AY31,IO_L12P_T1U_N10_GC_44,1U,44,HP,0,NA
AY32,IO_L12N_T1U_N11_GC_44,1U,44,HP,0,NA
BC33,IO_T1U_N12_44,1U,44,HP,0,NA
AY30,IO_L11P_T1U_N8_GC_44,1U,44,HP,0,NA
BA30,IO_L11N_T1U_N9_GC_44,1U,44,HP,0,NA
BA32,IO_L10P_T1U_N6_QBC_AD4P_44,1U,44,HP,0,NA
BB32,IO_L10N_T1U_N7_QBC_AD4N_44,1U,44,HP,0,NA
BA29,IO_L9P_T1L_N4_AD12P_44,1L,44,HP,0,NA
BB29,IO_L9N_T1L_N5_AD12N_44,1L,44,HP,0,NA
BB30,IO_L8P_T1L_N2_AD5P_44,1L,44,HP,0,NA
BB31,IO_L8N_T1L_N3_AD5N_44,1L,44,HP,0,NA
BC31,IO_L7P_T1L_N0_QBC_AD13P_44,1L,44,HP,0,NA
BC32,IO_L7N_T1L_N1_QBC_AD13N_44,1L,44,HP,0,NA
BC29,IO_L6P_T0U_N10_AD6P_44,0U,44,HP,0,NA
BD29,IO_L6N_T0U_N11_AD6N_44,0U,44,HP,0,NA
BD33,IO_L5P_T0U_N8_AD14P_44,0U,44,HP,0,NA
BE33,IO_L5N_T0U_N9_AD14N_44,0U,44,HP,0,NA
BD30,IO_L4P_T0U_N6_DBC_AD7P_44,0U,44,HP,0,NA
BD31,IO_L4N_T0U_N7_DBC_AD7N_44,0U,44,HP,0,NA
BE30,IO_L3P_T0L_N4_AD15P_44,0L,44,HP,0,NA
BF30,IO_L3N_T0L_N5_AD15N_44,0L,44,HP,0,NA
BE31,IO_L2P_T0L_N2_44,0L,44,HP,0,NA
BE32,IO_L2N_T0L_N3_44,0L,44,HP,0,NA
BF34,IO_T0U_N12_VRP_44,0U,44,HP,0,NA
BF32,IO_L1P_T0L_N0_DBC_44,0L,44,HP,0,NA
BF33,IO_L1N_T0L_N1_DBC_44,0L,44,HP,0,NA
AK30,VREF_44,NA,44,HP,0,NA
AL34,IO_L24P_T3U_N10_45,3U,45,HP,0,VU11P
AM34,IO_L24N_T3U_N11_45,3U,45,HP,0,VU11P
AL33,IO_T3U_N12_45,3U,45,HP,0,VU11P
AL32,IO_L23P_T3U_N8_45,3U,45,HP,0,VU11P
AM32,IO_L23N_T3U_N9_45,3U,45,HP,0,VU11P
AN32,IO_L22P_T3U_N6_DBC_AD0P_45,3U,45,HP,0,VU11P
AN33,IO_L22N_T3U_N7_DBC_AD0N_45,3U,45,HP,0,VU11P
AN34,IO_L21P_T3L_N4_AD8P_45,3L,45,HP,0,VU11P
AP34,IO_L21N_T3L_N5_AD8N_45,3L,45,HP,0,VU11P
AP33,IO_L20P_T3L_N2_AD1P_45,3L,45,HP,0,VU11P
AR33,IO_L20N_T3L_N3_AD1N_45,3L,45,HP,0,VU11P
AT33,IO_L19P_T3L_N0_DBC_AD9P_45,3L,45,HP,0,VU11P
AT34,IO_L19N_T3L_N1_DBC_AD9N_45,3L,45,HP,0,VU11P
AV33,IO_L18P_T2U_N10_AD2P_45,2U,45,HP,0,VU11P
AW33,IO_L18N_T2U_N11_AD2N_45,2U,45,HP,0,VU11P
AV34,IO_L17P_T2U_N8_AD10P_45,2U,45,HP,0,VU11P
AW34,IO_L17N_T2U_N9_AD10N_45,2U,45,HP,0,VU11P
AW35,IO_L16P_T2U_N6_QBC_AD3P_45,2U,45,HP,0,VU11P
AW36,IO_L16N_T2U_N7_QBC_AD3N_45,2U,45,HP,0,VU11P
AY33,IO_L15P_T2L_N4_AD11P_45,2L,45,HP,0,VU11P
BA33,IO_L15N_T2L_N5_AD11N_45,2L,45,HP,0,VU11P
AY35,IO_L14P_T2L_N2_GC_45,2L,45,HP,0,VU11P
AY36,IO_L14N_T2L_N3_GC_45,2L,45,HP,0,VU11P
AU34,IO_T2U_N12_45,2U,45,HP,0,VU11P
BA34,IO_L13P_T2L_N0_GC_QBC_45,2L,45,HP,0,VU11P
BB34,IO_L13N_T2L_N1_GC_QBC_45,2L,45,HP,0,VU11P
BA35,IO_L12P_T1U_N10_GC_45,1U,45,HP,0,VU11P
BB35,IO_L12N_T1U_N11_GC_45,1U,45,HP,0,VU11P
BF35,IO_T1U_N12_45,1U,45,HP,0,VU11P
BB36,IO_L11P_T1U_N8_GC_45,1U,45,HP,0,VU11P
BC36,IO_L11N_T1U_N9_GC_45,1U,45,HP,0,VU11P
BB37,IO_L10P_T1U_N6_QBC_AD4P_45,1U,45,HP,0,VU11P
BC37,IO_L10N_T1U_N7_QBC_AD4N_45,1U,45,HP,0,VU11P
BD36,IO_L9P_T1L_N4_AD12P_45,1L,45,HP,0,VU11P
BE36,IO_L9N_T1L_N5_AD12N_45,1L,45,HP,0,VU11P
BD35,IO_L8P_T1L_N2_AD5P_45,1L,45,HP,0,VU11P
BE35,IO_L8N_T1L_N3_AD5N_45,1L,45,HP,0,VU11P
BC34,IO_L7P_T1L_N0_QBC_AD13P_45,1L,45,HP,0,VU11P
BD34,IO_L7N_T1L_N1_QBC_AD13N_45,1L,45,HP,0,VU11P
BB38,IO_L6P_T0U_N10_AD6P_45,0U,45,HP,0,VU11P
BC38,IO_L6N_T0U_N11_AD6N_45,0U,45,HP,0,VU11P
BC39,IO_L5P_T0U_N8_AD14P_45,0U,45,HP,0,VU11P
BD39,IO_L5N_T0U_N9_AD14N_45,0U,45,HP,0,VU11P
BD40,IO_L4P_T0U_N6_DBC_AD7P_45,0U,45,HP,0,VU11P
BE40,IO_L4N_T0U_N7_DBC_AD7N_45,0U,45,HP,0,VU11P
BE37,IO_L3P_T0L_N4_AD15P_45,0L,45,HP,0,VU11P
BF37,IO_L3N_T0L_N5_AD15N_45,0L,45,HP,0,VU11P
BE38,IO_L2P_T0L_N2_45,0L,45,HP,0,VU11P
BF38,IO_L2N_T0L_N3_45,0L,45,HP,0,VU11P
BD38,IO_T0U_N12_VRP_45,0U,45,HP,0,VU11P
BF39,IO_L1P_T0L_N0_DBC_45,0L,45,HP,0,VU11P
BF40,IO_L1N_T0L_N1_DBC_45,0L,45,HP,0,VU11P
AK33,VREF_45,NA,45,HP,0,VU11P
W33,IO_L24P_T3U_N10_46,3U,46,HP,0,VU11P
W34,IO_L24N_T3U_N11_46,3U,46,HP,0,VU11P
AB32,IO_T3U_N12_46,3U,46,HP,0,VU11P
Y32,IO_L23P_T3U_N8_46,3U,46,HP,0,VU11P
Y33,IO_L23N_T3U_N9_46,3U,46,HP,0,VU11P
W31,IO_L22P_T3U_N6_DBC_AD0P_46,3U,46,HP,0,VU11P
Y31,IO_L22N_T3U_N7_DBC_AD0N_46,3U,46,HP,0,VU11P
W30,IO_L21P_T3L_N4_AD8P_46,3L,46,HP,0,VU11P
Y30,IO_L21N_T3L_N5_AD8N_46,3L,46,HP,0,VU11P
AA34,IO_L20P_T3L_N2_AD1P_46,3L,46,HP,0,VU11P
AB34,IO_L20N_T3L_N3_AD1N_46,3L,46,HP,0,VU11P
AA32,IO_L19P_T3L_N0_DBC_AD9P_46,3L,46,HP,0,VU11P
AA33,IO_L19N_T3L_N1_DBC_AD9N_46,3L,46,HP,0,VU11P
AC34,IO_L18P_T2U_N10_AD2P_46,2U,46,HP,0,VU11P
AD34,IO_L18N_T2U_N11_AD2N_46,2U,46,HP,0,VU11P
AC32,IO_L17P_T2U_N8_AD10P_46,2U,46,HP,0,VU11P
AC33,IO_L17N_T2U_N9_AD10N_46,2U,46,HP,0,VU11P
AC31,IO_L16P_T2U_N6_QBC_AD3P_46,2U,46,HP,0,VU11P
AD31,IO_L16N_T2U_N7_QBC_AD3N_46,2U,46,HP,0,VU11P
AE30,IO_L15P_T2L_N4_AD11P_46,2L,46,HP,0,VU11P
AF30,IO_L15N_T2L_N5_AD11N_46,2L,46,HP,0,VU11P
AD33,IO_L14P_T2L_N2_GC_46,2L,46,HP,0,VU11P
AE33,IO_L14N_T2L_N3_GC_46,2L,46,HP,0,VU11P
AD30,IO_T2U_N12_46,2U,46,HP,0,VU11P
AE31,IO_L13P_T2L_N0_GC_QBC_46,2L,46,HP,0,VU11P
AE32,IO_L13N_T2L_N1_GC_QBC_46,2L,46,HP,0,VU11P
AF32,IO_L12P_T1U_N10_GC_46,1U,46,HP,0,VU11P
AF33,IO_L12N_T1U_N11_GC_46,1U,46,HP,0,VU11P
AK32,IO_T1U_N12_46,1U,46,HP,0,VU11P
AG31,IO_L11P_T1U_N8_GC_46,1U,46,HP,0,VU11P
AG32,IO_L11N_T1U_N9_GC_46,1U,46,HP,0,VU11P
AH31,IO_L10P_T1U_N6_QBC_AD4P_46,1U,46,HP,0,VU11P
AH32,IO_L10N_T1U_N7_QBC_AD4N_46,1U,46,HP,0,VU11P
AF34,IO_L9P_T1L_N4_AD12P_46,1L,46,HP,0,VU11P
AG34,IO_L9N_T1L_N5_AD12N_46,1L,46,HP,0,VU11P
AH33,IO_L8P_T1L_N2_AD5P_46,1L,46,HP,0,VU11P
AJ33,IO_L8N_T1L_N3_AD5N_46,1L,46,HP,0,VU11P
AH34,IO_L7P_T1L_N0_QBC_AD13P_46,1L,46,HP,0,VU11P
AJ34,IO_L7N_T1L_N1_QBC_AD13N_46,1L,46,HP,0,VU11P
AJ31,IO_L6P_T0U_N10_AD6P_46,0U,46,HP,0,VU11P
AK31,IO_L6N_T0U_N11_AD6N_46,0U,46,HP,0,VU11P
AG29,IO_L5P_T0U_N8_AD14P_46,0U,46,HP,0,VU11P
AG30,IO_L5N_T0U_N9_AD14N_46,0U,46,HP,0,VU11P
AH28,IO_L4P_T0U_N6_DBC_AD7P_46,0U,46,HP,0,VU11P
AH29,IO_L4N_T0U_N7_DBC_AD7N_46,0U,46,HP,0,VU11P
AJ29,IO_L3P_T0L_N4_AD15P_46,0L,46,HP,0,VU11P
AJ30,IO_L3N_T0L_N5_AD15N_46,0L,46,HP,0,VU11P
AJ28,IO_L2P_T0L_N2_46,0L,46,HP,0,VU11P
AK28,IO_L2N_T0L_N3_46,0L,46,HP,0,VU11P
AK26,IO_T0U_N12_VRP_46,0U,46,HP,0,VU11P
AJ27,IO_L1P_T0L_N0_DBC_46,0L,46,HP,0,VU11P
AK27,IO_L1N_T0L_N1_DBC_46,0L,46,HP,0,VU11P
AB31,VREF_46,NA,46,HP,0,VU11P
F33,IO_L24P_T3U_N10_50,3U,50,HP,1,NA
E33,IO_L24N_T3U_N11_50,3U,50,HP,1,NA
E31,IO_T3U_N12_50,3U,50,HP,1,NA
F32,IO_L23P_T3U_N8_50,3U,50,HP,1,NA
E32,IO_L23N_T3U_N9_50,3U,50,HP,1,NA
J33,IO_L22P_T3U_N6_DBC_AD0P_50,3U,50,HP,1,NA
H33,IO_L22N_T3U_N7_DBC_AD0N_50,3U,50,HP,1,NA
H32,IO_L21P_T3L_N4_AD8P_50,3L,50,HP,1,NA
G32,IO_L21N_T3L_N5_AD8N_50,3L,50,HP,1,NA
H31,IO_L20P_T3L_N2_AD1P_50,3L,50,HP,1,NA
G31,IO_L20N_T3L_N3_AD1N_50,3L,50,HP,1,NA
G30,IO_L19P_T3L_N0_DBC_AD9P_50,3L,50,HP,1,NA
F30,IO_L19N_T3L_N1_DBC_AD9N_50,3L,50,HP,1,NA
L33,IO_L18P_T2U_N10_AD2P_50,2U,50,HP,1,NA
K33,IO_L18N_T2U_N11_AD2N_50,2U,50,HP,1,NA
K31,IO_L17P_T2U_N8_AD10P_50,2U,50,HP,1,NA
J31,IO_L17N_T2U_N9_AD10N_50,2U,50,HP,1,NA
K30,IO_L16P_T2U_N6_QBC_AD3P_50,2U,50,HP,1,NA
J30,IO_L16N_T2U_N7_QBC_AD3N_50,2U,50,HP,1,NA
M30,IO_L15P_T2L_N4_AD11P_50,2L,50,HP,1,NA
L30,IO_L15N_T2L_N5_AD11N_50,2L,50,HP,1,NA
L32,IO_L14P_T2L_N2_GC_50,2L,50,HP,1,NA
K32,IO_L14N_T2L_N3_GC_50,2L,50,HP,1,NA
K34,IO_T2U_N12_50,2U,50,HP,1,NA
M31,IO_L13P_T2L_N0_GC_QBC_50,2L,50,HP,1,NA
M32,IO_L13N_T2L_N1_GC_QBC_50,2L,50,HP,1,NA
N32,IO_L12P_T1U_N10_GC_50,1U,50,HP,1,NA
N33,IO_L12N_T1U_N11_GC_50,1U,50,HP,1,NA
P33,IO_T1U_N12_50,1U,50,HP,1,NA
P31,IO_L11P_T1U_N8_GC_50,1U,50,HP,1,NA
N31,IO_L11N_T1U_N9_GC_50,1U,50,HP,1,NA
M34,IO_L10P_T1U_N6_QBC_AD4P_50,1U,50,HP,1,NA
L34,IO_L10N_T1U_N7_QBC_AD4N_50,1U,50,HP,1,NA
P34,IO_L9P_T1L_N4_AD12P_50,1L,50,HP,1,NA
N34,IO_L9N_T1L_N5_AD12N_50,1L,50,HP,1,NA
R31,IO_L8P_T1L_N2_AD5P_50,1L,50,HP,1,NA
R32,IO_L8N_T1L_N3_AD5N_50,1L,50,HP,1,NA
R30,IO_L7P_T1L_N0_QBC_AD13P_50,1L,50,HP,1,NA
P30,IO_L7N_T1L_N1_QBC_AD13N_50,1L,50,HP,1,NA
U30,IO_L6P_T0U_N10_AD6P_50,0U,50,HP,1,NA
T30,IO_L6N_T0U_N11_AD6N_50,0U,50,HP,1,NA
V31,IO_L5P_T0U_N8_AD14P_50,0U,50,HP,1,NA
U31,IO_L5N_T0U_N9_AD14N_50,0U,50,HP,1,NA
V32,IO_L4P_T0U_N6_DBC_AD7P_50,0U,50,HP,1,NA
V33,IO_L4N_T0U_N7_DBC_AD7N_50,0U,50,HP,1,NA
U32,IO_L3P_T0L_N4_AD15P_50,0L,50,HP,1,NA
T32,IO_L3N_T0L_N5_AD15N_50,0L,50,HP,1,NA
T33,IO_L2P_T0L_N2_50,0L,50,HP,1,NA
R33,IO_L2N_T0L_N3_50,0L,50,HP,1,NA
V34,IO_T0U_N12_VRP_50,0U,50,HP,1,NA
U34,IO_L1P_T0L_N0_DBC_50,0L,50,HP,1,NA
T34,IO_L1N_T0L_N1_DBC_50,0L,50,HP,1,NA
U29,VREF_50,NA,50,HP,1,NA
D31,IO_L24P_T3U_N10_51,3U,51,HP,1,NA
C31,IO_L24N_T3U_N11_51,3U,51,HP,1,NA
B31,IO_T3U_N12_51,3U,51,HP,1,NA
C32,IO_L23P_T3U_N8_51,3U,51,HP,1,NA
B32,IO_L23N_T3U_N9_51,3U,51,HP,1,NA
A32,IO_L22P_T3U_N6_DBC_AD0P_51,3U,51,HP,1,NA
A33,IO_L22N_T3U_N7_DBC_AD0N_51,3U,51,HP,1,NA
D33,IO_L21P_T3L_N4_AD8P_51,3L,51,HP,1,NA
C33,IO_L21N_T3L_N5_AD8N_51,3L,51,HP,1,NA
D34,IO_L20P_T3L_N2_AD1P_51,3L,51,HP,1,NA
C34,IO_L20N_T3L_N3_AD1N_51,3L,51,HP,1,NA
B34,IO_L19P_T3L_N0_DBC_AD9P_51,3L,51,HP,1,NA
A34,IO_L19N_T3L_N1_DBC_AD9N_51,3L,51,HP,1,NA
E35,IO_L18P_T2U_N10_AD2P_51,2U,51,HP,1,NA
D35,IO_L18N_T2U_N11_AD2N_51,2U,51,HP,1,NA
B35,IO_L17P_T2U_N8_AD10P_51,2U,51,HP,1,NA
A35,IO_L17N_T2U_N9_AD10N_51,2U,51,HP,1,NA
B36,IO_L16P_T2U_N6_QBC_AD3P_51,2U,51,HP,1,NA
B37,IO_L16N_T2U_N7_QBC_AD3N_51,2U,51,HP,1,NA
A37,IO_L15P_T2L_N4_AD11P_51,2L,51,HP,1,NA
A38,IO_L15N_T2L_N5_AD11N_51,2L,51,HP,1,NA
E36,IO_L14P_T2L_N2_GC_51,2L,51,HP,1,NA
D36,IO_L14N_T2L_N3_GC_51,2L,51,HP,1,NA
E37,IO_T2U_N12_51,2U,51,HP,1,NA
C36,IO_L13P_T2L_N0_GC_QBC_51,2L,51,HP,1,NA
C37,IO_L13N_T2L_N1_GC_QBC_51,2L,51,HP,1,NA
C38,IO_L12P_T1U_N10_GC_51,1U,51,HP,1,NA
C39,IO_L12N_T1U_N11_GC_51,1U,51,HP,1,NA
F38,IO_T1U_N12_51,1U,51,HP,1,NA
E38,IO_L11P_T1U_N8_GC_51,1U,51,HP,1,NA
D38,IO_L11N_T1U_N9_GC_51,1U,51,HP,1,NA
B39,IO_L10P_T1U_N6_QBC_AD4P_51,1U,51,HP,1,NA
A39,IO_L10N_T1U_N7_QBC_AD4N_51,1U,51,HP,1,NA
B40,IO_L9P_T1L_N4_AD12P_51,1L,51,HP,1,NA
A40,IO_L9N_T1L_N5_AD12N_51,1L,51,HP,1,NA
E39,IO_L8P_T1L_N2_AD5P_51,1L,51,HP,1,NA
D39,IO_L8N_T1L_N3_AD5N_51,1L,51,HP,1,NA
E40,IO_L7P_T1L_N0_QBC_AD13P_51,1L,51,HP,1,NA
D40,IO_L7N_T1L_N1_QBC_AD13N_51,1L,51,HP,1,NA
F34,IO_L6P_T0U_N10_AD6P_51,0U,51,HP,1,NA
F35,IO_L6N_T0U_N11_AD6N_51,0U,51,HP,1,NA
H34,IO_L5P_T0U_N8_AD14P_51,0U,51,HP,1,NA
G34,IO_L5N_T0U_N9_AD14N_51,0U,51,HP,1,NA
H36,IO_L4P_T0U_N6_DBC_AD7P_51,0U,51,HP,1,NA
G36,IO_L4N_T0U_N7_DBC_AD7N_51,0U,51,HP,1,NA
J35,IO_L3P_T0L_N4_AD15P_51,0L,51,HP,1,NA
J36,IO_L3N_T0L_N5_AD15N_51,0L,51,HP,1,NA
G37,IO_L2P_T0L_N2_51,0L,51,HP,1,NA
F37,IO_L2N_T0L_N3_51,0L,51,HP,1,NA
G35,IO_T0U_N12_VRP_51,0U,51,HP,1,NA
H37,IO_L1P_T0L_N0_DBC_51,0L,51,HP,1,NA
H38,IO_L1N_T0L_N1_DBC_51,0L,51,HP,1,NA
J34,VREF_51,NA,51,HP,1,NA
B30,IO_L24P_T3U_N10_52,3U,52,HP,1,NA
A30,IO_L24N_T3U_N11_52,3U,52,HP,1,NA
C28,IO_T3U_N12_52,3U,52,HP,1,NA
B29,IO_L23P_T3U_N8_52,3U,52,HP,1,NA
A29,IO_L23N_T3U_N9_52,3U,52,HP,1,NA
A27,IO_L22P_T3U_N6_DBC_AD0P_52,3U,52,HP,1,NA
A28,IO_L22N_T3U_N7_DBC_AD0N_52,3U,52,HP,1,NA
E30,IO_L21P_T3L_N4_AD8P_52,3L,52,HP,1,NA
D30,IO_L21N_T3L_N5_AD8N_52,3L,52,HP,1,NA
D29,IO_L20P_T3L_N2_AD1P_52,3L,52,HP,1,NA
C29,IO_L20N_T3L_N3_AD1N_52,3L,52,HP,1,NA
C27,IO_L19P_T3L_N0_DBC_AD9P_52,3L,52,HP,1,NA
B27,IO_L19N_T3L_N1_DBC_AD9N_52,3L,52,HP,1,NA
E28,IO_L18P_T2U_N10_AD2P_52,2U,52,HP,1,NA
D28,IO_L18N_T2U_N11_AD2N_52,2U,52,HP,1,NA
F27,IO_L17P_T2U_N8_AD10P_52,2U,52,HP,1,NA
E27,IO_L17N_T2U_N9_AD10N_52,2U,52,HP,1,NA
F28,IO_L16P_T2U_N6_QBC_AD3P_52,2U,52,HP,1,NA
F29,IO_L16N_T2U_N7_QBC_AD3N_52,2U,52,HP,1,NA
H29,IO_L15P_T2L_N4_AD11P_52,2L,52,HP,1,NA
G29,IO_L15N_T2L_N5_AD11N_52,2L,52,HP,1,NA
G26,IO_L14P_T2L_N2_GC_52,2L,52,HP,1,NA
G27,IO_L14N_T2L_N3_GC_52,2L,52,HP,1,NA
E26,IO_T2U_N12_52,2U,52,HP,1,NA
J26,IO_L13P_T2L_N0_GC_QBC_52,2L,52,HP,1,NA
H26,IO_L13N_T2L_N1_GC_QBC_52,2L,52,HP,1,NA
J28,IO_L12P_T1U_N10_GC_52,1U,52,HP,1,NA
J29,IO_L12N_T1U_N11_GC_52,1U,52,HP,1,NA
M26,IO_T1U_N12_52,1U,52,HP,1,NA
H27,IO_L11P_T1U_N8_GC_52,1U,52,HP,1,NA
H28,IO_L11N_T1U_N9_GC_52,1U,52,HP,1,NA
K26,IO_L10P_T1U_N6_QBC_AD4P_52,1U,52,HP,1,NA
K27,IO_L10N_T1U_N7_QBC_AD4N_52,1U,52,HP,1,NA
M27,IO_L9P_T1L_N4_AD12P_52,1L,52,HP,1,NA
L27,IO_L9N_T1L_N5_AD12N_52,1L,52,HP,1,NA
L28,IO_L8P_T1L_N2_AD5P_52,1L,52,HP,1,NA
K28,IO_L8N_T1L_N3_AD5N_52,1L,52,HP,1,NA
M29,IO_L7P_T1L_N0_QBC_AD13P_52,1L,52,HP,1,NA
L29,IO_L7N_T1L_N1_QBC_AD13N_52,1L,52,HP,1,NA
P26,IO_L6P_T0U_N10_AD6P_52,0U,52,HP,1,NA
N26,IO_L6N_T0U_N11_AD6N_52,0U,52,HP,1,NA
P28,IO_L5P_T0U_N8_AD14P_52,0U,52,HP,1,NA
N28,IO_L5N_T0U_N9_AD14N_52,0U,52,HP,1,NA
P29,IO_L4P_T0U_N6_DBC_AD7P_52,0U,52,HP,1,NA
N29,IO_L4N_T0U_N7_DBC_AD7N_52,0U,52,HP,1,NA
T26,IO_L3P_T0L_N4_AD15P_52,0L,52,HP,1,NA
R26,IO_L3N_T0L_N5_AD15N_52,0L,52,HP,1,NA
T27,IO_L2P_T0L_N2_52,0L,52,HP,1,NA
R27,IO_L2N_T0L_N3_52,0L,52,HP,1,NA
N27,IO_T0U_N12_VRP_52,0U,52,HP,1,NA
T28,IO_L1P_T0L_N0_DBC_52,0L,52,HP,1,NA
R28,IO_L1N_T0L_N1_DBC_52,0L,52,HP,1,NA
T29,VREF_52,NA,52,HP,1,NA
AL27,IO_L24P_T3U_N10_EMCCLK_65,3U,65,HP,0,NA
AL28,IO_L24N_T3U_N11_DOUT_CSO_B_65,3U,65,HP,0,NA
AR26,IO_T3U_N12_PERSTN0_65,3U,65,HP,0,NA
AM27,IO_L23P_T3U_N8_I2C_SCLK_65,3U,65,HP,0,NA
AN27,IO_L23N_T3U_N9_I2C_SDA_65,3U,65,HP,0,NA
AM26,IO_L22P_T3U_N6_DBC_AD0P_D04_65,3U,65,HP,0,NA
AN26,IO_L22N_T3U_N7_DBC_AD0N_D05_65,3U,65,HP,0,NA
AL25,IO_L21P_T3L_N4_AD8P_D06_65,3L,65,HP,0,NA
AM25,IO_L21N_T3L_N5_AD8N_D07_65,3L,65,HP,0,NA
AN28,IO_L20P_T3L_N2_AD1P_D08_65,3L,65,HP,0,NA
AP28,IO_L20N_T3L_N3_AD1N_D09_65,3L,65,HP,0,NA
AP25,IO_L19P_T3L_N0_DBC_AD9P_D10_65,3L,65,HP,0,NA
AP26,IO_L19N_T3L_N1_DBC_AD9N_D11_65,3L,65,HP,0,NA
AR28,IO_L18P_T2U_N10_AD2P_D12_65,2U,65,HP,0,NA
AT28,IO_L18N_T2U_N11_AD2N_D13_65,2U,65,HP,0,NA
AR27,IO_L17P_T2U_N8_AD10P_D14_65,2U,65,HP,0,NA
AT27,IO_L17N_T2U_N9_AD10N_D15_65,2U,65,HP,0,NA
AR25,IO_L16P_T2U_N6_QBC_AD3P_A00_D16_65,2U,65,HP,0,NA
AT25,IO_L16N_T2U_N7_QBC_AD3N_A01_D17_65,2U,65,HP,0,NA
AU26,IO_L15P_T2L_N4_AD11P_A02_D18_65,2L,65,HP,0,NA
AU27,IO_L15N_T2L_N5_AD11N_A03_D19_65,2L,65,HP,0,NA
AV27,IO_L14P_T2L_N2_GC_A04_D20_65,2L,65,HP,0,NA
AV28,IO_L14N_T2L_N3_GC_A05_D21_65,2L,65,HP,0,NA
AU25,IO_T2U_N12_CSI_ADV_B_65,2U,65,HP,0,NA
AV26,IO_L13P_T2L_N0_GC_QBC_A06_D22_65,2L,65,HP,0,NA
AW26,IO_L13N_T2L_N1_GC_QBC_A07_D23_65,2L,65,HP,0,NA
AW28,IO_L12P_T1U_N10_GC_A08_D24_65,1U,65,HP,0,NA
AY28,IO_L12N_T1U_N11_GC_A09_D25_65,1U,65,HP,0,NA
BC28,IO_T1U_N12_PERSTN1_65,1U,65,HP,0,NA
AY26,IO_L11P_T1U_N8_GC_A10_D26_65,1U,65,HP,0,NA
AY27,IO_L11N_T1U_N9_GC_A11_D27_65,1U,65,HP,0,NA
AW25,IO_L10P_T1U_N6_QBC_AD4P_A12_D28_65,1U,65,HP,0,NA
AY25,IO_L10N_T1U_N7_QBC_AD4N_A13_D29_65,1U,65,HP,0,NA
BA27,IO_L9P_T1L_N4_AD12P_A14_D30_65,1L,65,HP,0,NA
BA28,IO_L9N_T1L_N5_AD12N_A15_D31_65,1L,65,HP,0,NA
BB26,IO_L8P_T1L_N2_AD5P_A16_65,1L,65,HP,0,NA
BB27,IO_L8N_T1L_N3_AD5N_A17_65,1L,65,HP,0,NA
BA25,IO_L7P_T1L_N0_QBC_AD13P_A18_65,1L,65,HP,0,NA
BB25,IO_L7N_T1L_N1_QBC_AD13N_A19_65,1L,65,HP,0,NA
BC26,IO_L6P_T0U_N10_AD6P_A20_65,0U,65,HP,0,NA
BC27,IO_L6N_T0U_N11_AD6N_A21_65,0U,65,HP,0,NA
BE25,IO_L5P_T0U_N8_AD14P_A22_65,0U,65,HP,0,NA
BF25,IO_L5N_T0U_N9_AD14N_A23_65,0U,65,HP,0,NA
BD26,IO_L4P_T0U_N6_DBC_AD7P_A24_65,0U,65,HP,0,NA
BE26,IO_L4N_T0U_N7_DBC_AD7N_A25_65,0U,65,HP,0,NA
BD28,IO_L3P_T0L_N4_AD15P_A26_65,0L,65,HP,0,NA
BE28,IO_L3N_T0L_N5_AD15N_A27_65,0L,65,HP,0,NA
BE27,IO_L2P_T0L_N2_FOE_B_65,0L,65,HP,0,NA
BF27,IO_L2N_T0L_N3_FWE_FCS2_B_65,0L,65,HP,0,NA
BD25,IO_T0U_N12_VRP_A28_65,0U,65,HP,0,NA
BF28,IO_L1P_T0L_N0_DBC_RS0_65,0L,65,HP,0,NA
BF29,IO_L1N_T0L_N1_DBC_RS1_65,0L,65,HP,0,NA
AK25,VREF_65,NA,65,HP,0,NA
AL20,IO_L24P_T3U_N10_66,3U,66,HP,0,NA
AM20,IO_L24N_T3U_N11_66,3U,66,HP,0,NA
AP16,IO_T3U_N12_66,3U,66,HP,0,NA
AL19,IO_L23P_T3U_N8_66,3U,66,HP,0,NA
AM19,IO_L23N_T3U_N9_66,3U,66,HP,0,NA
AL17,IO_L22P_T3U_N6_DBC_AD0P_66,3U,66,HP,0,NA
AM17,IO_L22N_T3U_N7_DBC_AD0N_66,3U,66,HP,0,NA
AM16,IO_L21P_T3L_N4_AD8P_66,3L,66,HP,0,NA
AN16,IO_L21N_T3L_N5_AD8N_66,3L,66,HP,0,NA
AN19,IO_L20P_T3L_N2_AD1P_66,3L,66,HP,0,NA
AP19,IO_L20N_T3L_N3_AD1N_66,3L,66,HP,0,NA
AN18,IO_L19P_T3L_N0_DBC_AD9P_66,3L,66,HP,0,NA
AN17,IO_L19N_T3L_N1_DBC_AD9N_66,3L,66,HP,0,NA
AP20,IO_L18P_T2U_N10_AD2P_66,2U,66,HP,0,NA
AR20,IO_L18N_T2U_N11_AD2N_66,2U,66,HP,0,NA
AP18,IO_L17P_T2U_N8_AD10P_66,2U,66,HP,0,NA
AR18,IO_L17N_T2U_N9_AD10N_66,2U,66,HP,0,NA
AR17,IO_L16P_T2U_N6_QBC_AD3P_66,2U,66,HP,0,NA
AT17,IO_L16N_T2U_N7_QBC_AD3N_66,2U,66,HP,0,NA
AT18,IO_L15P_T2L_N4_AD11P_66,2L,66,HP,0,NA
AU17,IO_L15N_T2L_N5_AD11N_66,2L,66,HP,0,NA
AT20,IO_L14P_T2L_N2_GC_66,2L,66,HP,0,NA
AU20,IO_L14N_T2L_N3_GC_66,2L,66,HP,0,NA
AU21,IO_T2U_N12_66,2U,66,HP,0,NA
AT19,IO_L13P_T2L_N0_GC_QBC_66,2L,66,HP,0,NA
AU19,IO_L13N_T2L_N1_GC_QBC_66,2L,66,HP,0,NA
AV19,IO_L12P_T1U_N10_GC_66,1U,66,HP,0,NA
AW19,IO_L12N_T1U_N11_GC_66,1U,66,HP,0,NA
AV17,IO_T1U_N12_66,1U,66,HP,0,NA
AV18,IO_L11P_T1U_N8_GC_66,1U,66,HP,0,NA
AW18,IO_L11N_T1U_N9_GC_66,1U,66,HP,0,NA
AV21,IO_L10P_T1U_N6_QBC_AD4P_66,1U,66,HP,0,NA
AW21,IO_L10N_T1U_N7_QBC_AD4N_66,1U,66,HP,0,NA
AW20,IO_L9P_T1L_N4_AD12P_66,1L,66,HP,0,NA
AY20,IO_L9N_T1L_N5_AD12N_66,1L,66,HP,0,NA
AY18,IO_L8P_T1L_N2_AD5P_66,1L,66,HP,0,NA
BA18,IO_L8N_T1L_N3_AD5N_66,1L,66,HP,0,NA
AY17,IO_L7P_T1L_N0_QBC_AD13P_66,1L,66,HP,0,NA
BA17,IO_L7N_T1L_N1_QBC_AD13N_66,1L,66,HP,0,NA
BB19,IO_L6P_T0U_N10_AD6P_66,0U,66,HP,0,NA
BC18,IO_L6N_T0U_N11_AD6N_66,0U,66,HP,0,NA
BB17,IO_L5P_T0U_N8_AD14P_66,0U,66,HP,0,NA
BC17,IO_L5N_T0U_N9_AD14N_66,0U,66,HP,0,NA
BC19,IO_L4P_T0U_N6_DBC_AD7P_66,0U,66,HP,0,NA
BD19,IO_L4N_T0U_N7_DBC_AD7N_66,0U,66,HP,0,NA
BD18,IO_L3P_T0L_N4_AD15P_66,0L,66,HP,0,NA
BE18,IO_L3N_T0L_N5_AD15N_66,0L,66,HP,0,NA
BF19,IO_L2P_T0L_N2_66,0L,66,HP,0,NA
BF18,IO_L2N_T0L_N3_66,0L,66,HP,0,NA
BA19,IO_T0U_N12_VRP_66,0U,66,HP,0,NA
BE17,IO_L1P_T0L_N0_DBC_66,0L,66,HP,0,NA
BF17,IO_L1N_T0L_N1_DBC_66,0L,66,HP,0,NA
AL18,VREF_66,NA,66,HP,0,NA
AL14,IO_L24P_T3U_N10_67,3U,67,HP,0,NA
AM14,IO_L24N_T3U_N11_67,3U,67,HP,0,NA
AT13,IO_T3U_N12_67,3U,67,HP,0,NA
AL15,IO_L23P_T3U_N8_67,3U,67,HP,0,NA
AM15,IO_L23N_T3U_N9_67,3U,67,HP,0,NA
AP13,IO_L22P_T3U_N6_DBC_AD0P_67,3U,67,HP,0,NA
AR13,IO_L22N_T3U_N7_DBC_AD0N_67,3U,67,HP,0,NA
AN14,IO_L21P_T3L_N4_AD8P_67,3L,67,HP,0,NA
AN13,IO_L21N_T3L_N5_AD8N_67,3L,67,HP,0,NA
AP15,IO_L20P_T3L_N2_AD1P_67,3L,67,HP,0,NA
AP14,IO_L20N_T3L_N3_AD1N_67,3L,67,HP,0,NA
AR16,IO_L19P_T3L_N0_DBC_AD9P_67,3L,67,HP,0,NA
AR15,IO_L19N_T3L_N1_DBC_AD9N_67,3L,67,HP,0,NA
AU16,IO_L18P_T2U_N10_AD2P_67,2U,67,HP,0,NA
AV16,IO_L18N_T2U_N11_AD2N_67,2U,67,HP,0,NA
AT15,IO_L17P_T2U_N8_AD10P_67,2U,67,HP,0,NA
AU15,IO_L17N_T2U_N9_AD10N_67,2U,67,HP,0,NA
AU14,IO_L16P_T2U_N6_QBC_AD3P_67,2U,67,HP,0,NA
AV14,IO_L16N_T2U_N7_QBC_AD3N_67,2U,67,HP,0,NA
AU13,IO_L15P_T2L_N4_AD11P_67,2L,67,HP,0,NA
AV13,IO_L15N_T2L_N5_AD11N_67,2L,67,HP,0,NA
AW16,IO_L14P_T2L_N2_GC_67,2L,67,HP,0,NA
AW15,IO_L14N_T2L_N3_GC_67,2L,67,HP,0,NA
AT14,IO_T2U_N12_67,2U,67,HP,0,NA
AW14,IO_L13P_T2L_N0_GC_QBC_67,2L,67,HP,0,NA
AW13,IO_L13N_T2L_N1_GC_QBC_67,2L,67,HP,0,NA
AY13,IO_L12P_T1U_N10_GC_67,1U,67,HP,0,NA
BA13,IO_L12N_T1U_N11_GC_67,1U,67,HP,0,NA
BB16,IO_T1U_N12_67,1U,67,HP,0,NA
BA15,IO_L11P_T1U_N8_GC_67,1U,67,HP,0,NA
BA14,IO_L11N_T1U_N9_GC_67,1U,67,HP,0,NA
BB15,IO_L10P_T1U_N6_QBC_AD4P_67,1U,67,HP,0,NA
BB14,IO_L10N_T1U_N7_QBC_AD4N_67,1U,67,HP,0,NA
AY16,IO_L9P_T1L_N4_AD12P_67,1L,67,HP,0,NA
AY15,IO_L9N_T1L_N5_AD12N_67,1L,67,HP,0,NA
AY12,IO_L8P_T1L_N2_AD5P_67,1L,67,HP,0,NA
AY11,IO_L8N_T1L_N3_AD5N_67,1L,67,HP,0,NA
BA12,IO_L7P_T1L_N0_QBC_AD13P_67,1L,67,HP,0,NA
BB12,IO_L7N_T1L_N1_QBC_AD13N_67,1L,67,HP,0,NA
BC14,IO_L6P_T0U_N10_AD6P_67,0U,67,HP,0,NA
BC13,IO_L6N_T0U_N11_AD6N_67,0U,67,HP,0,NA
BD15,IO_L5P_T0U_N8_AD14P_67,0U,67,HP,0,NA
BD14,IO_L5N_T0U_N9_AD14N_67,0U,67,HP,0,NA
BD13,IO_L4P_T0U_N6_DBC_AD7P_67,0U,67,HP,0,NA
BE13,IO_L4N_T0U_N7_DBC_AD7N_67,0U,67,HP,0,NA
BD16,IO_L3P_T0L_N4_AD15P_67,0L,67,HP,0,NA
BE16,IO_L3N_T0L_N5_AD15N_67,0L,67,HP,0,NA
BE15,IO_L2P_T0L_N2_67,0L,67,HP,0,NA
BF15,IO_L2N_T0L_N3_67,0L,67,HP,0,NA
BC16,IO_T0U_N12_VRP_67,0U,67,HP,0,NA
BF14,IO_L1P_T0L_N0_DBC_67,0L,67,HP,0,NA
BF13,IO_L1N_T0L_N1_DBC_67,0L,67,HP,0,NA
AL13,VREF_67,NA,67,HP,0,NA
BA9,IO_L12P_T1U_N10_GC_68,1U,68,HP,0,VU11P
BA8,IO_L12N_T1U_N11_GC_68,1U,68,HP,0,VU11P
BD11,IO_T1U_N12_68,1U,68,HP,0,VU11P
BB9,IO_L11P_T1U_N8_GC_68,1U,68,HP,0,VU11P
BC9,IO_L11N_T1U_N9_GC_68,1U,68,HP,0,VU11P
BA7,IO_L10P_T1U_N6_QBC_AD4P_68,1U,68,HP,0,VU11P
BB7,IO_L10N_T1U_N7_QBC_AD4N_68,1U,68,HP,0,VU11P
BC8,IO_L9P_T1L_N4_AD12P_68,1L,68,HP,0,VU11P
BC7,IO_L9N_T1L_N5_AD12N_68,1L,68,HP,0,VU11P
BB11,IO_L8P_T1L_N2_AD5P_68,1L,68,HP,0,VU11P
BB10,IO_L8N_T1L_N3_AD5N_68,1L,68,HP,0,VU11P
BC12,IO_L7P_T1L_N0_QBC_AD13P_68,1L,68,HP,0,VU11P
BC11,IO_L7N_T1L_N1_QBC_AD13N_68,1L,68,HP,0,VU11P
BD9,IO_L6P_T0U_N10_AD6P_68,0U,68,HP,0,VU11P
BD8,IO_L6N_T0U_N11_AD6N_68,0U,68,HP,0,VU11P
BE12,IO_L5P_T0U_N8_AD14P_68,0U,68,HP,0,VU11P
BF12,IO_L5N_T0U_N9_AD14N_68,0U,68,HP,0,VU11P
BE11,IO_L4P_T0U_N6_DBC_AD7P_68,0U,68,HP,0,VU11P
BE10,IO_L4N_T0U_N7_DBC_AD7N_68,0U,68,HP,0,VU11P
BF10,IO_L3P_T0L_N4_AD15P_68,0L,68,HP,0,VU11P
BF9,IO_L3N_T0L_N5_AD15N_68,0L,68,HP,0,VU11P
BE8,IO_L2P_T0L_N2_68,0L,68,HP,0,VU11P
BF8,IO_L2N_T0L_N3_68,0L,68,HP,0,VU11P
BD10,IO_T0U_N12_VRP_68,0U,68,HP,0,VU11P
BE7,IO_L1P_T0L_N0_DBC_68,0L,68,HP,0,VU11P
BF7,IO_L1N_T0L_N1_DBC_68,0L,68,HP,0,VU11P
BA10,VREF_68,NA,68,HP,0,VU11P
B17,IO_L24P_T3U_N10_70,3U,70,HP,1,NA
A17,IO_L24N_T3U_N11_70,3U,70,HP,1,NA
C17,IO_T3U_N12_70,3U,70,HP,1,NA
C16,IO_L23P_T3U_N8_70,3U,70,HP,1,NA
B16,IO_L23N_T3U_N9_70,3U,70,HP,1,NA
B15,IO_L22P_T3U_N6_DBC_AD0P_70,3U,70,HP,1,NA
A15,IO_L22N_T3U_N7_DBC_AD0N_70,3U,70,HP,1,NA
A14,IO_L21P_T3L_N4_AD8P_70,3L,70,HP,1,NA
A13,IO_L21N_T3L_N5_AD8N_70,3L,70,HP,1,NA
C14,IO_L20P_T3L_N2_AD1P_70,3L,70,HP,1,NA
B14,IO_L20N_T3L_N3_AD1N_70,3L,70,HP,1,NA
D13,IO_L19P_T3L_N0_DBC_AD9P_70,3L,70,HP,1,NA
C13,IO_L19N_T3L_N1_DBC_AD9N_70,3L,70,HP,1,NA
E16,IO_L18P_T2U_N10_AD2P_70,2U,70,HP,1,NA
D16,IO_L18N_T2U_N11_AD2N_70,2U,70,HP,1,NA
E15,IO_L17P_T2U_N8_AD10P_70,2U,70,HP,1,NA
D15,IO_L17N_T2U_N9_AD10N_70,2U,70,HP,1,NA
G17,IO_L16P_T2U_N6_QBC_AD3P_70,2U,70,HP,1,NA
G16,IO_L16N_T2U_N7_QBC_AD3N_70,2U,70,HP,1,NA
F13,IO_L15P_T2L_N4_AD11P_70,2L,70,HP,1,NA
E13,IO_L15N_T2L_N5_AD11N_70,2L,70,HP,1,NA
G15,IO_L14P_T2L_N2_GC_70,2L,70,HP,1,NA
F15,IO_L14N_T2L_N3_GC_70,2L,70,HP,1,NA
D14,IO_T2U_N12_70,2U,70,HP,1,NA
G14,IO_L13P_T2L_N0_GC_QBC_70,2L,70,HP,1,NA
F14,IO_L13N_T2L_N1_GC_QBC_70,2L,70,HP,1,NA
J16,IO_L12P_T1U_N10_GC_70,1U,70,HP,1,NA
J15,IO_L12N_T1U_N11_GC_70,1U,70,HP,1,NA
L15,IO_T1U_N12_70,1U,70,HP,1,NA
J14,IO_L11P_T1U_N8_GC_70,1U,70,HP,1,NA
H14,IO_L11N_T1U_N9_GC_70,1U,70,HP,1,NA
H17,IO_L10P_T1U_N6_QBC_AD4P_70,1U,70,HP,1,NA
H16,IO_L10N_T1U_N7_QBC_AD4N_70,1U,70,HP,1,NA
J13,IO_L9P_T1L_N4_AD12P_70,1L,70,HP,1,NA
H13,IO_L9N_T1L_N5_AD12N_70,1L,70,HP,1,NA
K16,IO_L8P_T1L_N2_AD5P_70,1L,70,HP,1,NA
K15,IO_L8N_T1L_N3_AD5N_70,1L,70,HP,1,NA
L13,IO_L7P_T1L_N0_QBC_AD13P_70,1L,70,HP,1,NA
K13,IO_L7N_T1L_N1_QBC_AD13N_70,1L,70,HP,1,NA
N16,IO_L6P_T0U_N10_AD6P_70,0U,70,HP,1,NA
M16,IO_L6N_T0U_N11_AD6N_70,0U,70,HP,1,NA
M14,IO_L5P_T0U_N8_AD14P_70,0U,70,HP,1,NA
L14,IO_L5N_T0U_N9_AD14N_70,0U,70,HP,1,NA
R16,IO_L4P_T0U_N6_DBC_AD7P_70,0U,70,HP,1,NA
P16,IO_L4N_T0U_N7_DBC_AD7N_70,0U,70,HP,1,NA
R15,IO_L3P_T0L_N4_AD15P_70,0L,70,HP,1,NA
P15,IO_L3N_T0L_N5_AD15N_70,0L,70,HP,1,NA
P14,IO_L2P_T0L_N2_70,0L,70,HP,1,NA
N14,IO_L2N_T0L_N3_70,0L,70,HP,1,NA
M15,IO_T0U_N12_VRP_70,0U,70,HP,1,NA
P13,IO_L1P_T0L_N0_DBC_70,0L,70,HP,1,NA
N13,IO_L1N_T0L_N1_DBC_70,0L,70,HP,1,NA
R13,VREF_70,NA,70,HP,1,NA
B20,IO_L24P_T3U_N10_71,3U,71,HP,1,NA
A20,IO_L24N_T3U_N11_71,3U,71,HP,1,NA
A18,IO_T3U_N12_71,3U,71,HP,1,NA
B19,IO_L23P_T3U_N8_71,3U,71,HP,1,NA
A19,IO_L23N_T3U_N9_71,3U,71,HP,1,NA
D18,IO_L22P_T3U_N6_DBC_AD0P_71,3U,71,HP,1,NA
C18,IO_L22N_T3U_N7_DBC_AD0N_71,3U,71,HP,1,NA
C21,IO_L21P_T3L_N4_AD8P_71,3L,71,HP,1,NA
B21,IO_L21N_T3L_N5_AD8N_71,3L,71,HP,1,NA
D21,IO_L20P_T3L_N2_AD1P_71,3L,71,HP,1,NA
D20,IO_L20N_T3L_N3_AD1N_71,3L,71,HP,1,NA
D19,IO_L19P_T3L_N0_DBC_AD9P_71,3L,71,HP,1,NA
C19,IO_L19N_T3L_N1_DBC_AD9N_71,3L,71,HP,1,NA
F18,IO_L18P_T2U_N10_AD2P_71,2U,71,HP,1,NA
F17,IO_L18N_T2U_N11_AD2N_71,2U,71,HP,1,NA
E21,IO_L17P_T2U_N8_AD10P_71,2U,71,HP,1,NA
E20,IO_L17N_T2U_N9_AD10N_71,2U,71,HP,1,NA
E18,IO_L16P_T2U_N6_QBC_AD3P_71,2U,71,HP,1,NA
E17,IO_L16N_T2U_N7_QBC_AD3N_71,2U,71,HP,1,NA
F20,IO_L15P_T2L_N4_AD11P_71,2L,71,HP,1,NA
F19,IO_L15N_T2L_N5_AD11N_71,2L,71,HP,1,NA
G20,IO_L14P_T2L_N2_GC_71,2L,71,HP,1,NA
G19,IO_L14N_T2L_N3_GC_71,2L,71,HP,1,NA
G21,IO_T2U_N12_71,2U,71,HP,1,NA
H19,IO_L13P_T2L_N0_GC_QBC_71,2L,71,HP,1,NA
H18,IO_L13N_T2L_N1_GC_QBC_71,2L,71,HP,1,NA
J20,IO_L12P_T1U_N10_GC_71,1U,71,HP,1,NA
J19,IO_L12N_T1U_N11_GC_71,1U,71,HP,1,NA
K21,IO_T1U_N12_71,1U,71,HP,1,NA
K18,IO_L11P_T1U_N8_GC_71,1U,71,HP,1,NA
J18,IO_L11N_T1U_N9_GC_71,1U,71,HP,1,NA
J21,IO_L10P_T1U_N6_QBC_AD4P_71,1U,71,HP,1,NA
H21,IO_L10N_T1U_N7_QBC_AD4N_71,1U,71,HP,1,NA
L20,IO_L9P_T1L_N4_AD12P_71,1L,71,HP,1,NA
K20,IO_L9N_T1L_N5_AD12N_71,1L,71,HP,1,NA
L19,IO_L8P_T1L_N2_AD5P_71,1L,71,HP,1,NA
L18,IO_L8N_T1L_N3_AD5N_71,1L,71,HP,1,NA
L17,IO_L7P_T1L_N0_QBC_AD13P_71,1L,71,HP,1,NA
K17,IO_L7N_T1L_N1_QBC_AD13N_71,1L,71,HP,1,NA
N21,IO_L6P_T0U_N10_AD6P_71,0U,71,HP,1,NA
M21,IO_L6N_T0U_N11_AD6N_71,0U,71,HP,1,NA
R20,IO_L5P_T0U_N8_AD14P_71,0U,71,HP,1,NA
P20,IO_L5N_T0U_N9_AD14N_71,0U,71,HP,1,NA
P19,IO_L4P_T0U_N6_DBC_AD7P_71,0U,71,HP,1,NA
N19,IO_L4N_T0U_N7_DBC_AD7N_71,0U,71,HP,1,NA
M20,IO_L3P_T0L_N4_AD15P_71,0L,71,HP,1,NA
M19,IO_L3N_T0L_N5_AD15N_71,0L,71,HP,1,NA
P18,IO_L2P_T0L_N2_71,0L,71,HP,1,NA
N18,IO_L2N_T0L_N3_71,0L,71,HP,1,NA
R18,IO_T0U_N12_VRP_71,0U,71,HP,1,NA
N17,IO_L1P_T0L_N0_DBC_71,0L,71,HP,1,NA
M17,IO_L1N_T0L_N1_DBC_71,0L,71,HP,1,NA
R17,VREF_71,NA,71,HP,1,NA
B25,IO_L24P_T3U_N10_72,3U,72,HP,1,NA
A25,IO_L24N_T3U_N11_72,3U,72,HP,1,NA
D26,IO_T3U_N12_72,3U,72,HP,1,NA
B24,IO_L23P_T3U_N8_72,3U,72,HP,1,NA
A24,IO_L23N_T3U_N9_72,3U,72,HP,1,NA
A23,IO_L22P_T3U_N6_DBC_AD0P_72,3U,72,HP,1,NA
A22,IO_L22N_T3U_N7_DBC_AD0N_72,3U,72,HP,1,NA
C26,IO_L21P_T3L_N4_AD8P_72,3L,72,HP,1,NA
B26,IO_L21N_T3L_N5_AD8N_72,3L,72,HP,1,NA
C24,IO_L20P_T3L_N2_AD1P_72,3L,72,HP,1,NA
C23,IO_L20N_T3L_N3_AD1N_72,3L,72,HP,1,NA
C22,IO_L19P_T3L_N0_DBC_AD9P_72,3L,72,HP,1,NA
B22,IO_L19N_T3L_N1_DBC_AD9N_72,3L,72,HP,1,NA
E25,IO_L18P_T2U_N10_AD2P_72,2U,72,HP,1,NA
D25,IO_L18N_T2U_N11_AD2N_72,2U,72,HP,1,NA
D24,IO_L17P_T2U_N8_AD10P_72,2U,72,HP,1,NA
D23,IO_L17N_T2U_N9_AD10N_72,2U,72,HP,1,NA
E23,IO_L16P_T2U_N6_QBC_AD3P_72,2U,72,HP,1,NA
E22,IO_L16N_T2U_N7_QBC_AD3N_72,2U,72,HP,1,NA
G22,IO_L15P_T2L_N4_AD11P_72,2L,72,HP,1,NA
F22,IO_L15N_T2L_N5_AD11N_72,2L,72,HP,1,NA
F24,IO_L14P_T2L_N2_GC_72,2L,72,HP,1,NA
F23,IO_L14N_T2L_N3_GC_72,2L,72,HP,1,NA
F25,IO_T2U_N12_72,2U,72,HP,1,NA
G25,IO_L13P_T2L_N0_GC_QBC_72,2L,72,HP,1,NA
G24,IO_L13N_T2L_N1_GC_QBC_72,2L,72,HP,1,NA
J24,IO_L12P_T1U_N10_GC_72,1U,72,HP,1,NA
H24,IO_L12N_T1U_N11_GC_72,1U,72,HP,1,NA
H22,IO_T1U_N12_72,1U,72,HP,1,NA
J23,IO_L11P_T1U_N8_GC_72,1U,72,HP,1,NA
H23,IO_L11N_T1U_N9_GC_72,1U,72,HP,1,NA
K25,IO_L10P_T1U_N6_QBC_AD4P_72,1U,72,HP,1,NA
J25,IO_L10N_T1U_N7_QBC_AD4N_72,1U,72,HP,1,NA
L23,IO_L9P_T1L_N4_AD12P_72,1L,72,HP,1,NA
K23,IO_L9N_T1L_N5_AD12N_72,1L,72,HP,1,NA
L22,IO_L8P_T1L_N2_AD5P_72,1L,72,HP,1,NA
K22,IO_L8N_T1L_N3_AD5N_72,1L,72,HP,1,NA
L25,IO_L7P_T1L_N0_QBC_AD13P_72,1L,72,HP,1,NA
L24,IO_L7N_T1L_N1_QBC_AD13N_72,1L,72,HP,1,NA
R25,IO_L6P_T0U_N10_AD6P_72,0U,72,HP,1,NA
P25,IO_L6N_T0U_N11_AD6N_72,0U,72,HP,1,NA
M25,IO_L5P_T0U_N8_AD14P_72,0U,72,HP,1,NA
M24,IO_L5N_T0U_N9_AD14N_72,0U,72,HP,1,NA
P24,IO_L4P_T0U_N6_DBC_AD7P_72,0U,72,HP,1,NA
N24,IO_L4N_T0U_N7_DBC_AD7N_72,0U,72,HP,1,NA
P23,IO_L3P_T0L_N4_AD15P_72,0L,72,HP,1,NA
N23,IO_L3N_T0L_N5_AD15N_72,0L,72,HP,1,NA
N22,IO_L2P_T0L_N2_72,0L,72,HP,1,NA
M22,IO_L2N_T0L_N3_72,0L,72,HP,1,NA
R23,IO_T0U_N12_VRP_72,0U,72,HP,1,NA
R21,IO_L1P_T0L_N0_DBC_72,0L,72,HP,1,NA
P21,IO_L1N_T0L_N1_DBC_72,0L,72,HP,1,NA
R22,VREF_72,NA,72,HP,1,NA
AL21,IO_L24P_T3U_N10_84,3U,84,HR,0,NA
AM21,IO_L24N_T3U_N11_84,3U,84,HR,0,NA
AP21,IO_T3U_N12_84,3U,84,HR,0,NA
AL22,IO_L23P_T3U_N8_84,3U,84,HR,0,NA
AM22,IO_L23N_T3U_N9_84,3U,84,HR,0,NA
AL24,IO_L22P_T3U_N6_DBC_AD0P_84,3U,84,HR,0,NA
AM24,IO_L22N_T3U_N7_DBC_AD0N_84,3U,84,HR,0,NA
AN24,IO_L21P_T3L_N4_AD8P_84,3L,84,HR,0,NA
AP24,IO_L21N_T3L_N5_AD8N_84,3L,84,HR,0,NA
AN23,IO_L20P_T3L_N2_AD1P_84,3L,84,HR,0,NA
AP23,IO_L20N_T3L_N3_AD1N_84,3L,84,HR,0,NA
AN22,IO_L19P_T3L_N0_DBC_AD9P_84,3L,84,HR,0,NA
AN21,IO_L19N_T3L_N1_DBC_AD9N_84,3L,84,HR,0,NA
AT24,IO_L18P_T2U_N10_AD2P_84,2U,84,HR,0,NA
AU24,IO_L18N_T2U_N11_AD2N_84,2U,84,HR,0,NA
AR23,IO_L17P_T2U_N8_AD10P_84,2U,84,HR,0,NA
AT23,IO_L17N_T2U_N9_AD10N_84,2U,84,HR,0,NA
AR22,IO_L16P_T2U_N6_QBC_AD3P_84,2U,84,HR,0,NA
AT22,IO_L16N_T2U_N7_QBC_AD3N_84,2U,84,HR,0,NA
AU22,IO_L15P_T2L_N4_AD11P_84,2L,84,HR,0,NA
AV22,IO_L15N_T2L_N5_AD11N_84,2L,84,HR,0,NA
AV24,IO_L14P_T2L_N2_GC_84,2L,84,HR,0,NA
AW24,IO_L14N_T2L_N3_GC_84,2L,84,HR,0,NA
AR21,IO_T2U_N12_84,2U,84,HR,0,NA
AV23,IO_L13P_T2L_N0_GC_QBC_84,2L,84,HR,0,NA
AW23,IO_L13N_T2L_N1_GC_QBC_84,2L,84,HR,0,NA
AL23,VREF_84,NA,84,HR,0,NA
AY23,IO_L12P_T1U_N10_GC_94,1U,94,HR,0,NA
BA23,IO_L12N_T1U_N11_GC_94,1U,94,HR,0,NA
BC23,IO_T1U_N12_94,1U,94,HR,0,NA
AY22,IO_L11P_T1U_N8_GC_94,1U,94,HR,0,NA
BA22,IO_L11N_T1U_N9_GC_94,1U,94,HR,0,NA
BA24,IO_L10P_T1U_N6_QBC_AD4P_94,1U,94,HR,0,NA
BB24,IO_L10N_T1U_N7_QBC_AD4N_94,1U,94,HR,0,NA
BB22,IO_L9P_T1L_N4_AD12P_94,1L,94,HR,0,NA
BC22,IO_L9N_T1L_N5_AD12N_94,1L,94,HR,0,NA
BB21,IO_L8P_T1L_N2_AD5P_94,1L,94,HR,0,NA
BC21,IO_L8N_T1L_N3_AD5N_94,1L,94,HR,0,NA
BA20,IO_L7P_T1L_N0_QBC_AD13P_94,1L,94,HR,0,NA
BB20,IO_L7N_T1L_N1_QBC_AD13N_94,1L,94,HR,0,NA
BD20,IO_L6P_T0U_N10_AD6P_94,0U,94,HR,0,NA
BE20,IO_L6N_T0U_N11_AD6N_94,0U,94,HR,0,NA
BD21,IO_L5P_T0U_N8_AD14P_94,0U,94,HR,0,NA
BE21,IO_L5N_T0U_N9_AD14N_94,0U,94,HR,0,NA
BE22,IO_L4P_T0U_N6_DBC_AD7P_94,0U,94,HR,0,NA
BF22,IO_L4N_T0U_N7_DBC_AD7N_94,0U,94,HR,0,NA
BC24,IO_L3P_T0L_N4_AD15P_94,0L,94,HR,0,NA
BD24,IO_L3N_T0L_N5_AD15N_94,0L,94,HR,0,NA
BD23,IO_L2P_T0L_N2_94,0L,94,HR,0,NA
BE23,IO_L2N_T0L_N3_94,0L,94,HR,0,NA
BF20,IO_T0U_N12_94,0U,94,HR,0,NA
BF24,IO_L1P_T0L_N0_DBC_94,0L,94,HR,0,NA
BF23,IO_L1N_T0L_N1_DBC_94,0L,94,HR,0,NA
AY21,VREF_94,NA,94,HR,0,NA
AW41,MGTYTXN3_125,NA,125,GTY,0,NA
AW40,MGTYTXP3_125,NA,125,GTY,0,NA
AV43,MGTYRXP3_125,NA,125,GTY,0,NA
AV44,MGTYRXN3_125,NA,125,GTY,0,NA
AY39,MGTREFCLK1N_125,NA,125,GTY,0,NA
AY38,MGTREFCLK1P_125,NA,125,GTY,0,NA
BB43,MGTYTXN2_125,NA,125,GTY,0,NA
BB42,MGTYTXP2_125,NA,125,GTY,0,NA
AW45,MGTYRXP2_125,NA,125,GTY,0,NA
AW46,MGTYRXN2_125,NA,125,GTY,0,NA
BE42,MGTAVTTRCAL_LS,NA,NA,NA,NA,NA
BE43,MGTRREF_LS,NA,NA,NA,NA,NA
BD43,MGTYTXN1_125,NA,125,GTY,0,NA
BD42,MGTYTXP1_125,NA,125,GTY,0,NA
BA45,MGTYRXP1_125,NA,125,GTY,0,NA
BA46,MGTYRXN1_125,NA,125,GTY,0,NA
BA41,MGTREFCLK0N_125,NA,125,GTY,0,NA
BA40,MGTREFCLK0P_125,NA,125,GTY,0,NA
BF43,MGTYTXN0_125,NA,125,GTY,0,NA
BF42,MGTYTXP0_125,NA,125,GTY,0,NA
BC45,MGTYRXP0_125,NA,125,GTY,0,NA
BC46,MGTYRXN0_125,NA,125,GTY,0,NA
AP39,MGTYTXN3_126,NA,126,GTY,0,NA
AP38,MGTYTXP3_126,NA,126,GTY,0,NA
AP43,MGTYRXP3_126,NA,126,GTY,0,NA
AP44,MGTYRXN3_126,NA,126,GTY,0,NA
AU37,MGTREFCLK1N_126,NA,126,GTY,0,NA
AU36,MGTREFCLK1P_126,NA,126,GTY,0,NA
AR41,MGTYTXN2_126,NA,126,GTY,0,NA
AR40,MGTYTXP2_126,NA,126,GTY,0,NA
AR45,MGTYRXP2_126,NA,126,GTY,0,NA
AR46,MGTYRXN2_126,NA,126,GTY,0,NA
AT39,MGTYTXN1_126,NA,126,GTY,0,NA
AT38,MGTYTXP1_126,NA,126,GTY,0,NA
AT43,MGTYRXP1_126,NA,126,GTY,0,NA
AT44,MGTYRXN1_126,NA,126,GTY,0,NA
AV39,MGTREFCLK0N_126,NA,126,GTY,0,NA
AV38,MGTREFCLK0P_126,NA,126,GTY,0,NA
AU41,MGTYTXN0_126,NA,126,GTY,0,NA
AU40,MGTYTXP0_126,NA,126,GTY,0,NA
AU45,MGTYRXP0_126,NA,126,GTY,0,NA
AU46,MGTYRXN0_126,NA,126,GTY,0,NA
AK39,MGTYTXN3_127,NA,127,GTY,0,NA
AK38,MGTYTXP3_127,NA,127,GTY,0,NA
AK43,MGTYRXP3_127,NA,127,GTY,0,NA
AK44,MGTYRXN3_127,NA,127,GTY,0,NA
AN37,MGTREFCLK1N_127,NA,127,GTY,0,NA
AN36,MGTREFCLK1P_127,NA,127,GTY,0,NA
AL41,MGTYTXN2_127,NA,127,GTY,0,NA
AL40,MGTYTXP2_127,NA,127,GTY,0,NA
AL45,MGTYRXP2_127,NA,127,GTY,0,NA
AL46,MGTYRXN2_127,NA,127,GTY,0,NA
AM39,MGTYTXN1_127,NA,127,GTY,0,NA
AM38,MGTYTXP1_127,NA,127,GTY,0,NA
AM43,MGTYRXP1_127,NA,127,GTY,0,NA
AM44,MGTYRXN1_127,NA,127,GTY,0,NA
AR37,MGTREFCLK0N_127,NA,127,GTY,0,NA
AR36,MGTREFCLK0P_127,NA,127,GTY,0,NA
AN41,MGTYTXN0_127,NA,127,GTY,0,NA
AN40,MGTYTXP0_127,NA,127,GTY,0,NA
AN45,MGTYRXP0_127,NA,127,GTY,0,NA
AN46,MGTYRXN0_127,NA,127,GTY,0,NA
AF39,MGTYTXN3_128,NA,128,GTY,0,KU115
AF38,MGTYTXP3_128,NA,128,GTY,0,KU115
AF43,MGTYRXP3_128,NA,128,GTY,0,KU115
AF44,MGTYRXN3_128,NA,128,GTY,0,KU115
AJ37,MGTREFCLK1N_128,NA,128,GTY,0,KU115
AJ36,MGTREFCLK1P_128,NA,128,GTY,0,KU115
AG41,MGTYTXN2_128,NA,128,GTY,0,KU115
AG40,MGTYTXP2_128,NA,128,GTY,0,KU115
AG45,MGTYRXP2_128,NA,128,GTY,0,KU115
AG46,MGTYRXN2_128,NA,128,GTY,0,KU115
AH39,MGTYTXN1_128,NA,128,GTY,0,KU115
AH38,MGTYTXP1_128,NA,128,GTY,0,KU115
AH43,MGTYRXP1_128,NA,128,GTY,0,KU115
AH44,MGTYRXN1_128,NA,128,GTY,0,KU115
AL37,MGTREFCLK0N_128,NA,128,GTY,0,KU115
AL36,MGTREFCLK0P_128,NA,128,GTY,0,KU115
AJ41,MGTYTXN0_128,NA,128,GTY,0,KU115
AJ40,MGTYTXP0_128,NA,128,GTY,0,KU115
AJ45,MGTYRXP0_128,NA,128,GTY,0,KU115
AJ46,MGTYRXN0_128,NA,128,GTY,0,KU115
AB39,MGTYTXN3_129,NA,129,GTY,1,NA
AB38,MGTYTXP3_129,NA,129,GTY,1,NA
AB43,MGTYRXP3_129,NA,129,GTY,1,NA
AB44,MGTYRXN3_129,NA,129,GTY,1,NA
AE37,MGTREFCLK1N_129,NA,129,GTY,1,NA
AE36,MGTREFCLK1P_129,NA,129,GTY,1,NA
AC41,MGTYTXN2_129,NA,129,GTY,1,NA
AC40,MGTYTXP2_129,NA,129,GTY,1,NA
AC45,MGTYRXP2_129,NA,129,GTY,1,NA
AC46,MGTYRXN2_129,NA,129,GTY,1,NA
AD39,MGTYTXN1_129,NA,129,GTY,1,NA
AD38,MGTYTXP1_129,NA,129,GTY,1,NA
AD43,MGTYRXP1_129,NA,129,GTY,1,NA
AD44,MGTYRXN1_129,NA,129,GTY,1,NA
AG37,MGTREFCLK0N_129,NA,129,GTY,1,NA
AG36,MGTREFCLK0P_129,NA,129,GTY,1,NA
AE41,MGTYTXN0_129,NA,129,GTY,1,NA
AE40,MGTYTXP0_129,NA,129,GTY,1,NA
AE45,MGTYRXP0_129,NA,129,GTY,1,NA
AE46,MGTYRXN0_129,NA,129,GTY,1,NA
V39,MGTYTXN3_130,NA,130,GTY,1,NA
V38,MGTYTXP3_130,NA,130,GTY,1,NA
V43,MGTYRXP3_130,NA,130,GTY,1,NA
V44,MGTYRXN3_130,NA,130,GTY,1,NA
AA37,MGTREFCLK1N_130,NA,130,GTY,1,NA
AA36,MGTREFCLK1P_130,NA,130,GTY,1,NA
W41,MGTYTXN2_130,NA,130,GTY,1,NA
W40,MGTYTXP2_130,NA,130,GTY,1,NA
W45,MGTYRXP2_130,NA,130,GTY,1,NA
W46,MGTYRXN2_130,NA,130,GTY,1,NA
B42,MGTAVTTRCAL_LN,NA,NA,NA,NA,NA
B43,MGTRREF_LN,NA,NA,NA,NA,NA
Y39,MGTYTXN1_130,NA,130,GTY,1,NA
Y38,MGTYTXP1_130,NA,130,GTY,1,NA
Y43,MGTYRXP1_130,NA,130,GTY,1,NA
Y44,MGTYRXN1_130,NA,130,GTY,1,NA
AC37,MGTREFCLK0N_130,NA,130,GTY,1,NA
AC36,MGTREFCLK0P_130,NA,130,GTY,1,NA
AA41,MGTYTXN0_130,NA,130,GTY,1,NA
AA40,MGTYTXP0_130,NA,130,GTY,1,NA
AA45,MGTYRXP0_130,NA,130,GTY,1,NA
AA46,MGTYRXN0_130,NA,130,GTY,1,NA
P39,MGTYTXN3_131,NA,131,GTY,1,NA
P38,MGTYTXP3_131,NA,131,GTY,1,NA
P43,MGTYRXP3_131,NA,131,GTY,1,NA
P44,MGTYRXN3_131,NA,131,GTY,1,NA
U37,MGTREFCLK1N_131,NA,131,GTY,1,NA
U36,MGTREFCLK1P_131,NA,131,GTY,1,NA
R41,MGTYTXN2_131,NA,131,GTY,1,NA
R40,MGTYTXP2_131,NA,131,GTY,1,NA
R45,MGTYRXP2_131,NA,131,GTY,1,NA
R46,MGTYRXN2_131,NA,131,GTY,1,NA
T39,MGTYTXN1_131,NA,131,GTY,1,NA
T38,MGTYTXP1_131,NA,131,GTY,1,NA
T43,MGTYRXP1_131,NA,131,GTY,1,NA
T44,MGTYRXN1_131,NA,131,GTY,1,NA
W37,MGTREFCLK0N_131,NA,131,GTY,1,NA
W36,MGTREFCLK0P_131,NA,131,GTY,1,NA
U41,MGTYTXN0_131,NA,131,GTY,1,NA
U40,MGTYTXP0_131,NA,131,GTY,1,NA
U45,MGTYRXP0_131,NA,131,GTY,1,NA
U46,MGTYRXN0_131,NA,131,GTY,1,NA
J41,MGTYTXN3_132,NA,132,GTY,1,NA
J40,MGTYTXP3_132,NA,132,GTY,1,NA
K43,MGTYRXP3_132,NA,132,GTY,1,NA
K44,MGTYRXN3_132,NA,132,GTY,1,NA
N37,MGTREFCLK1N_132,NA,132,GTY,1,NA
N36,MGTREFCLK1P_132,NA,132,GTY,1,NA
L41,MGTYTXN2_132,NA,132,GTY,1,NA
L40,MGTYTXP2_132,NA,132,GTY,1,NA
L45,MGTYRXP2_132,NA,132,GTY,1,NA
L46,MGTYRXN2_132,NA,132,GTY,1,NA
M39,MGTYTXN1_132,NA,132,GTY,1,NA
M38,MGTYTXP1_132,NA,132,GTY,1,NA
M43,MGTYRXP1_132,NA,132,GTY,1,NA
M44,MGTYRXN1_132,NA,132,GTY,1,NA
R37,MGTREFCLK0N_132,NA,132,GTY,1,NA
R36,MGTREFCLK0P_132,NA,132,GTY,1,NA
N41,MGTYTXN0_132,NA,132,GTY,1,NA
N40,MGTYTXP0_132,NA,132,GTY,1,NA
N45,MGTYRXP0_132,NA,132,GTY,1,NA
N46,MGTYRXN0_132,NA,132,GTY,1,NA
A43,MGTYTXN3_133,NA,133,GTY,1,KU115,VU080,VU095
A42,MGTYTXP3_133,NA,133,GTY,1,KU115,VU080,VU095
D45,MGTYRXP3_133,NA,133,GTY,1,KU115,VU080,VU095
D46,MGTYRXN3_133,NA,133,GTY,1,KU115,VU080,VU095
K39,MGTREFCLK1N_133,NA,133,GTY,1,KU115,VU080,VU095
K38,MGTREFCLK1P_133,NA,133,GTY,1,KU115,VU080,VU095
C43,MGTYTXN2_133,NA,133,GTY,1,KU115,VU080,VU095
C42,MGTYTXP2_133,NA,133,GTY,1,KU115,VU080,VU095
F45,MGTYRXP2_133,NA,133,GTY,1,KU115,VU080,VU095
F46,MGTYRXN2_133,NA,133,GTY,1,KU115,VU080,VU095
E43,MGTYTXN1_133,NA,133,GTY,1,KU115,VU080,VU095
E42,MGTYTXP1_133,NA,133,GTY,1,KU115,VU080,VU095
H43,MGTYRXP1_133,NA,133,GTY,1,KU115,VU080,VU095
H44,MGTYRXN1_133,NA,133,GTY,1,KU115,VU080,VU095
L37,MGTREFCLK0N_133,NA,133,GTY,1,KU115,VU080,VU095
L36,MGTREFCLK0P_133,NA,133,GTY,1,KU115,VU080,VU095
G41,MGTYTXN0_133,NA,133,GTY,1,KU115,VU080,VU095
G40,MGTYTXP0_133,NA,133,GTY,1,KU115,VU080,VU095
J45,MGTYRXP0_133,NA,133,GTY,1,KU115,VU080,VU095
J46,MGTYRXN0_133,NA,133,GTY,1,KU115,VU080,VU095
AV7,MGTHTXP3_224,NA,224,GTH,0,NA
AV2,MGTHRXP3_224,NA,224,GTH,0,NA
AV1,MGTHRXN3_224,NA,224,GTH,0,NA
AV6,MGTHTXN3_224,NA,224,GTH,0,NA
AV11,MGTREFCLK1P_224,NA,224,GTH,0,NA
AV10,MGTREFCLK1N_224,NA,224,GTH,0,NA
BB5,MGTHTXP2_224,NA,224,GTH,0,NA
AW4,MGTHRXP2_224,NA,224,GTH,0,NA
AW3,MGTHRXN2_224,NA,224,GTH,0,NA
BB4,MGTHTXN2_224,NA,224,GTH,0,NA
BD5,MGTHTXP1_224,NA,224,GTH,0,NA
BA2,MGTHRXP1_224,NA,224,GTH,0,NA
BA1,MGTHRXN1_224,NA,224,GTH,0,NA
BD4,MGTHTXN1_224,NA,224,GTH,0,NA
AW9,MGTREFCLK0P_224,NA,224,GTH,0,NA
AW8,MGTREFCLK0N_224,NA,224,GTH,0,NA
BF5,MGTHTXP0_224,NA,224,GTH,0,NA
BC2,MGTHRXP0_224,NA,224,GTH,0,NA
BC1,MGTHRXN0_224,NA,224,GTH,0,NA
BF4,MGTHTXN0_224,NA,224,GTH,0,NA
AP7,MGTHTXP3_225,NA,225,GTH,0,NA
AP2,MGTHRXP3_225,NA,225,GTH,0,NA
AP1,MGTHRXN3_225,NA,225,GTH,0,NA
AP6,MGTHTXN3_225,NA,225,GTH,0,NA
AP11,MGTREFCLK1P_225,NA,225,GTH,0,NA
AP10,MGTREFCLK1N_225,NA,225,GTH,0,NA
AR9,MGTHTXP2_225,NA,225,GTH,0,NA
AR4,MGTHRXP2_225,NA,225,GTH,0,NA
AR3,MGTHRXN2_225,NA,225,GTH,0,NA
AR8,MGTHTXN2_225,NA,225,GTH,0,NA
AT7,MGTHTXP1_225,NA,225,GTH,0,NA
AT2,MGTHRXP1_225,NA,225,GTH,0,NA
AT1,MGTHRXN1_225,NA,225,GTH,0,NA
AT6,MGTHTXN1_225,NA,225,GTH,0,NA
AT11,MGTREFCLK0P_225,NA,225,GTH,0,NA
AT10,MGTREFCLK0N_225,NA,225,GTH,0,NA
AU9,MGTHTXP0_225,NA,225,GTH,0,NA
AU4,MGTHRXP0_225,NA,225,GTH,0,NA
AU3,MGTHRXN0_225,NA,225,GTH,0,NA
AU8,MGTHTXN0_225,NA,225,GTH,0,NA
AK7,MGTHTXP3_226,NA,226,GTH,0,NA
AK2,MGTHRXP3_226,NA,226,GTH,0,NA
AK1,MGTHRXN3_226,NA,226,GTH,0,NA
AK6,MGTHTXN3_226,NA,226,GTH,0,NA
AK11,MGTREFCLK1P_226,NA,226,GTH,0,NA
AK10,MGTREFCLK1N_226,NA,226,GTH,0,NA
AL9,MGTHTXP2_226,NA,226,GTH,0,NA
AL4,MGTHRXP2_226,NA,226,GTH,0,NA
AL3,MGTHRXN2_226,NA,226,GTH,0,NA
AL8,MGTHTXN2_226,NA,226,GTH,0,NA
BA4,MGTRREF_RS,NA,NA,NA,NA,NA
BA5,MGTAVTTRCAL_RS,NA,NA,NA,NA,NA
AM7,MGTHTXP1_226,NA,226,GTH,0,NA
AM2,MGTHRXP1_226,NA,226,GTH,0,NA
AM1,MGTHRXN1_226,NA,226,GTH,0,NA
AM6,MGTHTXN1_226,NA,226,GTH,0,NA
AM11,MGTREFCLK0P_226,NA,226,GTH,0,NA
AM10,MGTREFCLK0N_226,NA,226,GTH,0,NA
AN9,MGTHTXP0_226,NA,226,GTH,0,NA
AN4,MGTHRXP0_226,NA,226,GTH,0,NA
AN3,MGTHRXN0_226,NA,226,GTH,0,NA
AN8,MGTHTXN0_226,NA,226,GTH,0,NA
AF7,MGTHTXP3_227,NA,227,GTH,0,NA
AF2,MGTHRXP3_227,NA,227,GTH,0,NA
AF1,MGTHRXN3_227,NA,227,GTH,0,NA
AF6,MGTHTXN3_227,NA,227,GTH,0,NA
AF11,MGTREFCLK1P_227,NA,227,GTH,0,NA
AF10,MGTREFCLK1N_227,NA,227,GTH,0,NA
AG9,MGTHTXP2_227,NA,227,GTH,0,NA
AG4,MGTHRXP2_227,NA,227,GTH,0,NA
AG3,MGTHRXN2_227,NA,227,GTH,0,NA
AG8,MGTHTXN2_227,NA,227,GTH,0,NA
AH7,MGTHTXP1_227,NA,227,GTH,0,NA
AH2,MGTHRXP1_227,NA,227,GTH,0,NA
AH1,MGTHRXN1_227,NA,227,GTH,0,NA
AH6,MGTHTXN1_227,NA,227,GTH,0,NA
AH11,MGTREFCLK0P_227,NA,227,GTH,0,NA
AH10,MGTREFCLK0N_227,NA,227,GTH,0,NA
AJ9,MGTHTXP0_227,NA,227,GTH,0,NA
AJ4,MGTHRXP0_227,NA,227,GTH,0,NA
AJ3,MGTHRXN0_227,NA,227,GTH,0,NA
AJ8,MGTHTXN0_227,NA,227,GTH,0,NA
AB7,MGTHTXP3_228,NA,228,GTH,0,NA
AB2,MGTHRXP3_228,NA,228,GTH,0,NA
AB1,MGTHRXN3_228,NA,228,GTH,0,NA
AB6,MGTHTXN3_228,NA,228,GTH,0,NA
AB11,MGTREFCLK1P_228,NA,228,GTH,0,NA
AB10,MGTREFCLK1N_228,NA,228,GTH,0,NA
AC9,MGTHTXP2_228,NA,228,GTH,0,NA
AC4,MGTHRXP2_228,NA,228,GTH,0,NA
AC3,MGTHRXN2_228,NA,228,GTH,0,NA
AC8,MGTHTXN2_228,NA,228,GTH,0,NA
AD7,MGTHTXP1_228,NA,228,GTH,0,NA
AD2,MGTHRXP1_228,NA,228,GTH,0,NA
AD1,MGTHRXN1_228,NA,228,GTH,0,NA
AD6,MGTHTXN1_228,NA,228,GTH,0,NA
AD11,MGTREFCLK0P_228,NA,228,GTH,0,NA
AD10,MGTREFCLK0N_228,NA,228,GTH,0,NA
AE9,MGTHTXP0_228,NA,228,GTH,0,NA
AE4,MGTHRXP0_228,NA,228,GTH,0,NA
AE3,MGTHRXN0_228,NA,228,GTH,0,NA
AE8,MGTHTXN0_228,NA,228,GTH,0,NA
V7,MGTHTXP3_229,NA,229,GTH,1,NA
V2,MGTHRXP3_229,NA,229,GTH,1,NA
V1,MGTHRXN3_229,NA,229,GTH,1,NA
V6,MGTHTXN3_229,NA,229,GTH,1,NA
V11,MGTREFCLK1P_229,NA,229,GTH,1,NA
V10,MGTREFCLK1N_229,NA,229,GTH,1,NA
W9,MGTHTXP2_229,NA,229,GTH,1,NA
W4,MGTHRXP2_229,NA,229,GTH,1,NA
W3,MGTHRXN2_229,NA,229,GTH,1,NA
W8,MGTHTXN2_229,NA,229,GTH,1,NA
Y7,MGTHTXP1_229,NA,229,GTH,1,NA
Y2,MGTHRXP1_229,NA,229,GTH,1,NA
Y1,MGTHRXN1_229,NA,229,GTH,1,NA
Y6,MGTHTXN1_229,NA,229,GTH,1,NA
Y11,MGTREFCLK0P_229,NA,229,GTH,1,NA
Y10,MGTREFCLK0N_229,NA,229,GTH,1,NA
AA9,MGTHTXP0_229,NA,229,GTH,1,NA
AA4,MGTHRXP0_229,NA,229,GTH,1,NA
AA3,MGTHRXN0_229,NA,229,GTH,1,NA
AA8,MGTHTXN0_229,NA,229,GTH,1,NA
P7,MGTHTXP3_230,NA,230,GTH,1,NA
P2,MGTHRXP3_230,NA,230,GTH,1,NA
P1,MGTHRXN3_230,NA,230,GTH,1,NA
P6,MGTHTXN3_230,NA,230,GTH,1,NA
P11,MGTREFCLK1P_230,NA,230,GTH,1,NA
P10,MGTREFCLK1N_230,NA,230,GTH,1,NA
R9,MGTHTXP2_230,NA,230,GTH,1,NA
R4,MGTHRXP2_230,NA,230,GTH,1,NA
R3,MGTHRXN2_230,NA,230,GTH,1,NA
R8,MGTHTXN2_230,NA,230,GTH,1,NA
T7,MGTHTXP1_230,NA,230,GTH,1,NA
T2,MGTHRXP1_230,NA,230,GTH,1,NA
T1,MGTHRXN1_230,NA,230,GTH,1,NA
T6,MGTHTXN1_230,NA,230,GTH,1,NA
T11,MGTREFCLK0P_230,NA,230,GTH,1,NA
T10,MGTREFCLK0N_230,NA,230,GTH,1,NA
U9,MGTHTXP0_230,NA,230,GTH,1,NA
U4,MGTHRXP0_230,NA,230,GTH,1,NA
U3,MGTHRXN0_230,NA,230,GTH,1,NA
U8,MGTHTXN0_230,NA,230,GTH,1,NA
K7,MGTHTXP3_231,NA,231,GTH,1,NA
K2,MGTHRXP3_231,NA,231,GTH,1,NA
K1,MGTHRXN3_231,NA,231,GTH,1,NA
K6,MGTHTXN3_231,NA,231,GTH,1,NA
K11,MGTREFCLK1P_231,NA,231,GTH,1,NA
K10,MGTREFCLK1N_231,NA,231,GTH,1,NA
L9,MGTHTXP2_231,NA,231,GTH,1,NA
L4,MGTHRXP2_231,NA,231,GTH,1,NA
L3,MGTHRXN2_231,NA,231,GTH,1,NA
L8,MGTHTXN2_231,NA,231,GTH,1,NA
C6,MGTRREF_RN,NA,NA,NA,NA,NA
C7,MGTAVTTRCAL_RN,NA,NA,NA,NA,NA
M7,MGTHTXP1_231,NA,231,GTH,1,NA
M2,MGTHRXP1_231,NA,231,GTH,1,NA
M1,MGTHRXN1_231,NA,231,GTH,1,NA
M6,MGTHTXN1_231,NA,231,GTH,1,NA
M11,MGTREFCLK0P_231,NA,231,GTH,1,NA
M10,MGTREFCLK0N_231,NA,231,GTH,1,NA
N9,MGTHTXP0_231,NA,231,GTH,1,NA
N4,MGTHRXP0_231,NA,231,GTH,1,NA
N3,MGTHRXN0_231,NA,231,GTH,1,NA
N8,MGTHTXN0_231,NA,231,GTH,1,NA
F7,MGTHTXP3_232,NA,232,GTH,1,VU080,VU095
F2,MGTHRXP3_232,NA,232,GTH,1,VU080,VU095
F1,MGTHRXN3_232,NA,232,GTH,1,VU080,VU095
F6,MGTHTXN3_232,NA,232,GTH,1,VU080,VU095
F11,MGTREFCLK1P_232,NA,232,GTH,1,VU080,VU095
F10,MGTREFCLK1N_232,NA,232,GTH,1,VU080,VU095
G9,MGTHTXP2_232,NA,232,GTH,1,VU080,VU095
G4,MGTHRXP2_232,NA,232,GTH,1,VU080,VU095
G3,MGTHRXN2_232,NA,232,GTH,1,VU080,VU095
G8,MGTHTXN2_232,NA,232,GTH,1,VU080,VU095
H7,MGTHTXP1_232,NA,232,GTH,1,VU080,VU095
H2,MGTHRXP1_232,NA,232,GTH,1,VU080,VU095
H1,MGTHRXN1_232,NA,232,GTH,1,VU080,VU095
H6,MGTHTXN1_232,NA,232,GTH,1,VU080,VU095
H11,MGTREFCLK0P_232,NA,232,GTH,1,VU080,VU095
H10,MGTREFCLK0N_232,NA,232,GTH,1,VU080,VU095
J9,MGTHTXP0_232,NA,232,GTH,1,VU080,VU095
J4,MGTHRXP0_232,NA,232,GTH,1,VU080,VU095
J3,MGTHRXN0_232,NA,232,GTH,1,VU080,VU095
J8,MGTHTXN0_232,NA,232,GTH,1,VU080,VU095
A9,MGTHTXP3_233,NA,233,GTH,1,VU080,VU095
A5,MGTHRXP3_233,NA,233,GTH,1,VU080,VU095
A4,MGTHRXN3_233,NA,233,GTH,1,VU080,VU095
A8,MGTHTXN3_233,NA,233,GTH,1,VU080,VU095
B11,MGTREFCLK1P_233,NA,233,GTH,1,VU080,VU095
B10,MGTREFCLK1N_233,NA,233,GTH,1,VU080,VU095
C9,MGTHTXP2_233,NA,233,GTH,1,VU080,VU095
C4,MGTHRXP2_233,NA,233,GTH,1,VU080,VU095
C3,MGTHRXN2_233,NA,233,GTH,1,VU080,VU095
C8,MGTHTXN2_233,NA,233,GTH,1,VU080,VU095
D7,MGTHTXP1_233,NA,233,GTH,1,VU080,VU095
D2,MGTHRXP1_233,NA,233,GTH,1,VU080,VU095
D1,MGTHRXN1_233,NA,233,GTH,1,VU080,VU095
D6,MGTHTXN1_233,NA,233,GTH,1,VU080,VU095
D11,MGTREFCLK0P_233,NA,233,GTH,1,VU080,VU095
D10,MGTREFCLK0N_233,NA,233,GTH,1,VU080,VU095
E9,MGTHTXP0_233,NA,233,GTH,1,VU080,VU095
E4,MGTHRXP0_233,NA,233,GTH,1,VU080,VU095
E3,MGTHRXN0_233,NA,233,GTH,1,VU080,VU095
E8,MGTHTXN0_233,NA,233,GTH,1,VU080,VU095
A3,GND,NA,NA,NA,NA,NA
A6,GND,NA,NA,NA,NA,NA
A10,GND,NA,NA,NA,NA,NA
A12,GND,NA,NA,NA,NA,NA
A21,GND,NA,NA,NA,NA,NA
A31,GND,NA,NA,NA,NA,NA
A41,GND,NA,NA,NA,NA,NA
A44,GND,NA,NA,NA,NA,NA
B2,GND,NA,NA,NA,NA,NA
B4,GND,NA,NA,NA,NA,NA
B5,GND,NA,NA,NA,NA,NA
B6,GND,NA,NA,NA,NA,NA
B7,GND,NA,NA,NA,NA,NA
B8,GND,NA,NA,NA,NA,NA
B12,GND,NA,NA,NA,NA,NA
B18,GND,NA,NA,NA,NA,NA
B28,GND,NA,NA,NA,NA,NA
B38,GND,NA,NA,NA,NA,NA
B41,GND,NA,NA,NA,NA,NA
B44,GND,NA,NA,NA,NA,NA
B45,GND,NA,NA,NA,NA,NA
C1,GND,NA,NA,NA,NA,NA
C2,GND,NA,NA,NA,NA,NA
C5,GND,NA,NA,NA,NA,NA
C11,GND,NA,NA,NA,NA,NA
C12,GND,NA,NA,NA,NA,NA
C15,GND,NA,NA,NA,NA,NA
C25,GND,NA,NA,NA,NA,NA
C35,GND,NA,NA,NA,NA,NA
C41,GND,NA,NA,NA,NA,NA
C44,GND,NA,NA,NA,NA,NA
C46,GND,NA,NA,NA,NA,NA
D3,GND,NA,NA,NA,NA,NA
D4,GND,NA,NA,NA,NA,NA
D5,GND,NA,NA,NA,NA,NA
D9,GND,NA,NA,NA,NA,NA
D12,GND,NA,NA,NA,NA,NA
D22,GND,NA,NA,NA,NA,NA
D32,GND,NA,NA,NA,NA,NA
D41,GND,NA,NA,NA,NA,NA
D42,GND,NA,NA,NA,NA,NA
D44,GND,NA,NA,NA,NA,NA
E1,GND,NA,NA,NA,NA,NA
E2,GND,NA,NA,NA,NA,NA
E5,GND,NA,NA,NA,NA,NA
E6,GND,NA,NA,NA,NA,NA
E10,GND,NA,NA,NA,NA,NA
E12,GND,NA,NA,NA,NA,NA
E19,GND,NA,NA,NA,NA,NA
E29,GND,NA,NA,NA,NA,NA
E41,GND,NA,NA,NA,NA,NA
E44,GND,NA,NA,NA,NA,NA
E45,GND,NA,NA,NA,NA,NA
E46,GND,NA,NA,NA,NA,NA
F3,GND,NA,NA,NA,NA,NA
F4,GND,NA,NA,NA,NA,NA
F5,GND,NA,NA,NA,NA,NA
F8,GND,NA,NA,NA,NA,NA
F12,GND,NA,NA,NA,NA,NA
F16,GND,NA,NA,NA,NA,NA
F26,GND,NA,NA,NA,NA,NA
F36,GND,NA,NA,NA,NA,NA
F39,GND,NA,NA,NA,NA,NA
F40,GND,NA,NA,NA,NA,NA
F41,GND,NA,NA,NA,NA,NA
F44,GND,NA,NA,NA,NA,NA
G1,GND,NA,NA,NA,NA,NA
G2,GND,NA,NA,NA,NA,NA
G5,GND,NA,NA,NA,NA,NA
G7,GND,NA,NA,NA,NA,NA
G11,GND,NA,NA,NA,NA,NA
G12,GND,NA,NA,NA,NA,NA
G13,GND,NA,NA,NA,NA,NA
G23,GND,NA,NA,NA,NA,NA
G33,GND,NA,NA,NA,NA,NA
G39,GND,NA,NA,NA,NA,NA
G42,GND,NA,NA,NA,NA,NA
G43,GND,NA,NA,NA,NA,NA
G44,GND,NA,NA,NA,NA,NA
G45,GND,NA,NA,NA,NA,NA
G46,GND,NA,NA,NA,NA,NA
H3,GND,NA,NA,NA,NA,NA
H4,GND,NA,NA,NA,NA,NA
H5,GND,NA,NA,NA,NA,NA
H9,GND,NA,NA,NA,NA,NA
H12,GND,NA,NA,NA,NA,NA
H20,GND,NA,NA,NA,NA,NA
H30,GND,NA,NA,NA,NA,NA
H39,GND,NA,NA,NA,NA,NA
H41,GND,NA,NA,NA,NA,NA
H42,GND,NA,NA,NA,NA,NA
H45,GND,NA,NA,NA,NA,NA
H46,GND,NA,NA,NA,NA,NA
J1,GND,NA,NA,NA,NA,NA
J2,GND,NA,NA,NA,NA,NA
J5,GND,NA,NA,NA,NA,NA
J6,GND,NA,NA,NA,NA,NA
J10,GND,NA,NA,NA,NA,NA
J12,GND,NA,NA,NA,NA,NA
J17,GND,NA,NA,NA,NA,NA
J27,GND,NA,NA,NA,NA,NA
J37,GND,NA,NA,NA,NA,NA
J38,GND,NA,NA,NA,NA,NA
J39,GND,NA,NA,NA,NA,NA
J42,GND,NA,NA,NA,NA,NA
J43,GND,NA,NA,NA,NA,NA
J44,GND,NA,NA,NA,NA,NA
K3,GND,NA,NA,NA,NA,NA
K4,GND,NA,NA,NA,NA,NA
K5,GND,NA,NA,NA,NA,NA
K8,GND,NA,NA,NA,NA,NA
K12,GND,NA,NA,NA,NA,NA
K14,GND,NA,NA,NA,NA,NA
K24,GND,NA,NA,NA,NA,NA
K35,GND,NA,NA,NA,NA,NA
K36,GND,NA,NA,NA,NA,NA
K37,GND,NA,NA,NA,NA,NA
K40,GND,NA,NA,NA,NA,NA
K42,GND,NA,NA,NA,NA,NA
K45,GND,NA,NA,NA,NA,NA
K46,GND,NA,NA,NA,NA,NA
L1,GND,NA,NA,NA,NA,NA
L2,GND,NA,NA,NA,NA,NA
L5,GND,NA,NA,NA,NA,NA
L7,GND,NA,NA,NA,NA,NA
L11,GND,NA,NA,NA,NA,NA
L12,GND,NA,NA,NA,NA,NA
L21,GND,NA,NA,NA,NA,NA
L31,GND,NA,NA,NA,NA,NA
L35,GND,NA,NA,NA,NA,NA
L39,GND,NA,NA,NA,NA,NA
L42,GND,NA,NA,NA,NA,NA
L43,GND,NA,NA,NA,NA,NA
L44,GND,NA,NA,NA,NA,NA
M3,GND,NA,NA,NA,NA,NA
M4,GND,NA,NA,NA,NA,NA
M5,GND,NA,NA,NA,NA,NA
M9,GND,NA,NA,NA,NA,NA
M12,GND,NA,NA,NA,NA,NA
M18,GND,NA,NA,NA,NA,NA
M28,GND,NA,NA,NA,NA,NA
M35,GND,NA,NA,NA,NA,NA
M37,GND,NA,NA,NA,NA,NA
M41,GND,NA,NA,NA,NA,NA
M42,GND,NA,NA,NA,NA,NA
M45,GND,NA,NA,NA,NA,NA
M46,GND,NA,NA,NA,NA,NA
N1,GND,NA,NA,NA,NA,NA
N2,GND,NA,NA,NA,NA,NA
N5,GND,NA,NA,NA,NA,NA
N6,GND,NA,NA,NA,NA,NA
N10,GND,NA,NA,NA,NA,NA
N12,GND,NA,NA,NA,NA,NA
N15,GND,NA,NA,NA,NA,NA
N25,GND,NA,NA,NA,NA,NA
N35,GND,NA,NA,NA,NA,NA
N38,GND,NA,NA,NA,NA,NA
N42,GND,NA,NA,NA,NA,NA
N43,GND,NA,NA,NA,NA,NA
N44,GND,NA,NA,NA,NA,NA
P3,GND,NA,NA,NA,NA,NA
P4,GND,NA,NA,NA,NA,NA
P5,GND,NA,NA,NA,NA,NA
P8,GND,NA,NA,NA,NA,NA
P12,GND,NA,NA,NA,NA,NA
P22,GND,NA,NA,NA,NA,NA
P32,GND,NA,NA,NA,NA,NA
P35,GND,NA,NA,NA,NA,NA
P36,GND,NA,NA,NA,NA,NA
P40,GND,NA,NA,NA,NA,NA
P42,GND,NA,NA,NA,NA,NA
P45,GND,NA,NA,NA,NA,NA
P46,GND,NA,NA,NA,NA,NA
R1,GND,NA,NA,NA,NA,NA
R2,GND,NA,NA,NA,NA,NA
R5,GND,NA,NA,NA,NA,NA
R7,GND,NA,NA,NA,NA,NA
R10,GND,NA,NA,NA,NA,NA
R19,GND,NA,NA,NA,NA,NA
R29,GND,NA,NA,NA,NA,NA
R35,GND,NA,NA,NA,NA,NA
R39,GND,NA,NA,NA,NA,NA
R42,GND,NA,NA,NA,NA,NA
R43,GND,NA,NA,NA,NA,NA
R44,GND,NA,NA,NA,NA,NA
T3,GND,NA,NA,NA,NA,NA
T4,GND,NA,NA,NA,NA,NA
T5,GND,NA,NA,NA,NA,NA
T9,GND,NA,NA,NA,NA,NA
T12,GND,NA,NA,NA,NA,NA
T14,GND,NA,NA,NA,NA,NA
T16,GND,NA,NA,NA,NA,NA
T18,GND,NA,NA,NA,NA,NA
T20,GND,NA,NA,NA,NA,NA
T22,GND,NA,NA,NA,NA,NA
T24,GND,NA,NA,NA,NA,NA
T35,GND,NA,NA,NA,NA,NA
T37,GND,NA,NA,NA,NA,NA
T41,GND,NA,NA,NA,NA,NA
T42,GND,NA,NA,NA,NA,NA
T45,GND,NA,NA,NA,NA,NA
T46,GND,NA,NA,NA,NA,NA
U1,GND,NA,NA,NA,NA,NA
U2,GND,NA,NA,NA,NA,NA
U5,GND,NA,NA,NA,NA,NA
U6,GND,NA,NA,NA,NA,NA
U10,GND,NA,NA,NA,NA,NA
U13,GND,NA,NA,NA,NA,NA
U15,GND,NA,NA,NA,NA,NA
U17,GND,NA,NA,NA,NA,NA
U19,GND,NA,NA,NA,NA,NA
U21,GND,NA,NA,NA,NA,NA
U23,GND,NA,NA,NA,NA,NA
U25,GND,NA,NA,NA,NA,NA
U27,GND,NA,NA,NA,NA,NA
U33,GND,NA,NA,NA,NA,NA
U35,GND,NA,NA,NA,NA,NA
U38,GND,NA,NA,NA,NA,NA
U42,GND,NA,NA,NA,NA,NA
U43,GND,NA,NA,NA,NA,NA
U44,GND,NA,NA,NA,NA,NA
V3,GND,NA,NA,NA,NA,NA
V4,GND,NA,NA,NA,NA,NA
V5,GND,NA,NA,NA,NA,NA
V8,GND,NA,NA,NA,NA,NA
V14,GND,NA,NA,NA,NA,NA
V16,GND,NA,NA,NA,NA,NA
V18,GND,NA,NA,NA,NA,NA
V20,GND,NA,NA,NA,NA,NA
V22,GND,NA,NA,NA,NA,NA
V24,GND,NA,NA,NA,NA,NA
V26,GND,NA,NA,NA,NA,NA
V28,GND,NA,NA,NA,NA,NA
V30,GND,NA,NA,NA,NA,NA
V35,GND,NA,NA,NA,NA,NA
V36,GND,NA,NA,NA,NA,NA
V40,GND,NA,NA,NA,NA,NA
V42,GND,NA,NA,NA,NA,NA
V45,GND,NA,NA,NA,NA,NA
V46,GND,NA,NA,NA,NA,NA
W1,GND,NA,NA,NA,NA,NA
W2,GND,NA,NA,NA,NA,NA
W5,GND,NA,NA,NA,NA,NA
W7,GND,NA,NA,NA,NA,NA
W11,GND,NA,NA,NA,NA,NA
W13,GND,NA,NA,NA,NA,NA
W15,GND,NA,NA,NA,NA,NA
W17,GND,NA,NA,NA,NA,NA
W19,GND,NA,NA,NA,NA,NA
W21,GND,NA,NA,NA,NA,NA
W23,GND,NA,NA,NA,NA,NA
W25,GND,NA,NA,NA,NA,NA
W27,GND,NA,NA,NA,NA,NA
W29,GND,NA,NA,NA,NA,NA
W35,GND,NA,NA,NA,NA,NA
W39,GND,NA,NA,NA,NA,NA
W42,GND,NA,NA,NA,NA,NA
W43,GND,NA,NA,NA,NA,NA
W44,GND,NA,NA,NA,NA,NA
Y3,GND,NA,NA,NA,NA,NA
Y4,GND,NA,NA,NA,NA,NA
Y5,GND,NA,NA,NA,NA,NA
Y9,GND,NA,NA,NA,NA,NA
Y14,GND,NA,NA,NA,NA,NA
Y16,GND,NA,NA,NA,NA,NA
Y18,GND,NA,NA,NA,NA,NA
Y20,GND,NA,NA,NA,NA,NA
Y22,GND,NA,NA,NA,NA,NA
Y24,GND,NA,NA,NA,NA,NA
Y26,GND,NA,NA,NA,NA,NA
Y28,GND,NA,NA,NA,NA,NA
Y34,GND,NA,NA,NA,NA,NA
Y35,GND,NA,NA,NA,NA,NA
Y37,GND,NA,NA,NA,NA,NA
Y41,GND,NA,NA,NA,NA,NA
Y42,GND,NA,NA,NA,NA,NA
Y45,GND,NA,NA,NA,NA,NA
Y46,GND,NA,NA,NA,NA,NA
AA1,GND,NA,NA,NA,NA,NA
AA2,GND,NA,NA,NA,NA,NA
AA5,GND,NA,NA,NA,NA,NA
AA6,GND,NA,NA,NA,NA,NA
AA7,GND,NA,NA,NA,NA,NA
AA10,GND,NA,NA,NA,NA,NA
AA13,GND,NA,NA,NA,NA,NA
AA15,GND,NA,NA,NA,NA,NA
AA17,GND,NA,NA,NA,NA,NA
AA19,GND,NA,NA,NA,NA,NA
AA21,GND,NA,NA,NA,NA,NA
AA23,GND,NA,NA,NA,NA,NA
AA25,GND,NA,NA,NA,NA,NA
AA27,GND,NA,NA,NA,NA,NA
AA29,GND,NA,NA,NA,NA,NA
AA31,GND,NA,NA,NA,NA,NA
AA35,GND,NA,NA,NA,NA,NA
AA38,GND,NA,NA,NA,NA,NA
AA42,GND,NA,NA,NA,NA,NA
AA43,GND,NA,NA,NA,NA,NA
AA44,GND,NA,NA,NA,NA,NA
AB3,GND,NA,NA,NA,NA,NA
AB4,GND,NA,NA,NA,NA,NA
AB5,GND,NA,NA,NA,NA,NA
AB8,GND,NA,NA,NA,NA,NA
AB12,GND,NA,NA,NA,NA,NA
AB14,GND,NA,NA,NA,NA,NA
AB16,GND,NA,NA,NA,NA,NA
AB18,GND,NA,NA,NA,NA,NA
AB20,GND,NA,NA,NA,NA,NA
AB22,GND,NA,NA,NA,NA,NA
AB24,GND,NA,NA,NA,NA,NA
AB26,GND,NA,NA,NA,NA,NA
AB28,GND,NA,NA,NA,NA,NA
AB30,GND,NA,NA,NA,NA,NA
AB35,GND,NA,NA,NA,NA,NA
AB37,GND,NA,NA,NA,NA,NA
AB40,GND,NA,NA,NA,NA,NA
AB42,GND,NA,NA,NA,NA,NA
AB45,GND,NA,NA,NA,NA,NA
AB46,GND,NA,NA,NA,NA,NA
AC1,GND,NA,NA,NA,NA,NA
AC2,GND,NA,NA,NA,NA,NA
AC5,GND,NA,NA,NA,NA,NA
AC7,GND,NA,NA,NA,NA,NA
AC10,GND,NA,NA,NA,NA,NA
AC15,GND,NA,NA,NA,NA,NA
AC17,GND,NA,NA,NA,NA,NA
AC19,GND,NA,NA,NA,NA,NA
AC21,GND,NA,NA,NA,NA,NA
AC23,GND,NA,NA,NA,NA,NA
AC25,GND,NA,NA,NA,NA,NA
AC27,GND,NA,NA,NA,NA,NA
AC29,GND,NA,NA,NA,NA,NA
AC35,GND,NA,NA,NA,NA,NA
AC39,GND,NA,NA,NA,NA,NA
AC42,GND,NA,NA,NA,NA,NA
AC43,GND,NA,NA,NA,NA,NA
AC44,GND,NA,NA,NA,NA,NA
AD3,GND,NA,NA,NA,NA,NA
AD4,GND,NA,NA,NA,NA,NA
AD5,GND,NA,NA,NA,NA,NA
AD9,GND,NA,NA,NA,NA,NA
AD14,GND,NA,NA,NA,NA,NA
AD16,GND,NA,NA,NA,NA,NA
AD18,GND,NA,NA,NA,NA,NA
AD20,GND,NA,NA,NA,NA,NA
AD22,GND,NA,NA,NA,NA,NA
AD24,GND,NA,NA,NA,NA,NA
AD26,GND,NA,NA,NA,NA,NA
AD28,GND,NA,NA,NA,NA,NA
AD32,GND,NA,NA,NA,NA,NA
AD35,GND,NA,NA,NA,NA,NA
AD37,GND,NA,NA,NA,NA,NA
AD41,GND,NA,NA,NA,NA,NA
AD42,GND,NA,NA,NA,NA,NA
AD45,GND,NA,NA,NA,NA,NA
AD46,GND,NA,NA,NA,NA,NA
AE1,GND,NA,NA,NA,NA,NA
AE2,GND,NA,NA,NA,NA,NA
AE5,GND,NA,NA,NA,NA,NA
AE6,GND,NA,NA,NA,NA,NA
AE10,GND,NA,NA,NA,NA,NA
AE17,GND,NA,NA,NA,NA,NA
AE19,GND,NA,NA,NA,NA,NA
AE21,GND,NA,NA,NA,NA,NA
AE23,GND,NA,NA,NA,NA,NA
AE25,GND,NA,NA,NA,NA,NA
AE27,GND,NA,NA,NA,NA,NA
AE29,GND,NA,NA,NA,NA,NA
AE35,GND,NA,NA,NA,NA,NA
AE38,GND,NA,NA,NA,NA,NA
AE42,GND,NA,NA,NA,NA,NA
AE43,GND,NA,NA,NA,NA,NA
AE44,GND,NA,NA,NA,NA,NA
AF3,GND,NA,NA,NA,NA,NA
AF4,GND,NA,NA,NA,NA,NA
AF5,GND,NA,NA,NA,NA,NA
AF8,GND,NA,NA,NA,NA,NA
AF12,GND,NA,NA,NA,NA,NA
AF14,GND,NA,NA,NA,NA,NA
AF16,GND,NA,NA,NA,NA,NA
AF20,GND,NA,NA,NA,NA,NA
AF22,GND,NA,NA,NA,NA,NA
AF24,GND,NA,NA,NA,NA,NA
AF26,GND,NA,NA,NA,NA,NA
AF28,GND,NA,NA,NA,NA,NA
AF35,GND,NA,NA,NA,NA,NA
AF36,GND,NA,NA,NA,NA,NA
AF40,GND,NA,NA,NA,NA,NA
AF42,GND,NA,NA,NA,NA,NA
AF45,GND,NA,NA,NA,NA,NA
AF46,GND,NA,NA,NA,NA,NA
AG1,GND,NA,NA,NA,NA,NA
AG2,GND,NA,NA,NA,NA,NA
AG5,GND,NA,NA,NA,NA,NA
AG7,GND,NA,NA,NA,NA,NA
AG11,GND,NA,NA,NA,NA,NA
AG17,GND,NA,NA,NA,NA,NA
AG21,GND,NA,NA,NA,NA,NA
AG23,GND,NA,NA,NA,NA,NA
AG25,GND,NA,NA,NA,NA,NA
AG27,GND,NA,NA,NA,NA,NA
AG33,GND,NA,NA,NA,NA,NA
AG35,GND,NA,NA,NA,NA,NA
AG39,GND,NA,NA,NA,NA,NA
AG42,GND,NA,NA,NA,NA,NA
AG43,GND,NA,NA,NA,NA,NA
AG44,GND,NA,NA,NA,NA,NA
AH3,GND,NA,NA,NA,NA,NA
AH4,GND,NA,NA,NA,NA,NA
AH5,GND,NA,NA,NA,NA,NA
AH9,GND,NA,NA,NA,NA,NA
AH14,GND,NA,NA,NA,NA,NA
AH16,GND,NA,NA,NA,NA,NA
AH20,GND,NA,NA,NA,NA,NA
AH22,GND,NA,NA,NA,NA,NA
AH24,GND,NA,NA,NA,NA,NA
AH26,GND,NA,NA,NA,NA,NA
AH30,GND,NA,NA,NA,NA,NA
AH35,GND,NA,NA,NA,NA,NA
AH37,GND,NA,NA,NA,NA,NA
AH41,GND,NA,NA,NA,NA,NA
AH42,GND,NA,NA,NA,NA,NA
AH45,GND,NA,NA,NA,NA,NA
AH46,GND,NA,NA,NA,NA,NA
AJ1,GND,NA,NA,NA,NA,NA
AJ2,GND,NA,NA,NA,NA,NA
AJ5,GND,NA,NA,NA,NA,NA
AJ6,GND,NA,NA,NA,NA,NA
AJ10,GND,NA,NA,NA,NA,NA
AJ13,GND,NA,NA,NA,NA,NA
AJ15,GND,NA,NA,NA,NA,NA
AJ17,GND,NA,NA,NA,NA,NA
AJ21,GND,NA,NA,NA,NA,NA
AJ23,GND,NA,NA,NA,NA,NA
AJ25,GND,NA,NA,NA,NA,NA
AJ35,GND,NA,NA,NA,NA,NA
AJ38,GND,NA,NA,NA,NA,NA
AJ42,GND,NA,NA,NA,NA,NA
AJ43,GND,NA,NA,NA,NA,NA
AJ44,GND,NA,NA,NA,NA,NA
AK3,GND,NA,NA,NA,NA,NA
AK4,GND,NA,NA,NA,NA,NA
AK5,GND,NA,NA,NA,NA,NA
AK8,GND,NA,NA,NA,NA,NA
AK14,GND,NA,NA,NA,NA,NA
AK16,GND,NA,NA,NA,NA,NA
AK18,GND,NA,NA,NA,NA,NA
AK20,GND,NA,NA,NA,NA,NA
AK22,GND,NA,NA,NA,NA,NA
AK24,GND,NA,NA,NA,NA,NA
AK34,GND,NA,NA,NA,NA,NA
AK35,GND,NA,NA,NA,NA,NA
AK37,GND,NA,NA,NA,NA,NA
AK40,GND,NA,NA,NA,NA,NA
AK42,GND,NA,NA,NA,NA,NA
AK45,GND,NA,NA,NA,NA,NA
AK46,GND,NA,NA,NA,NA,NA
AL1,GND,NA,NA,NA,NA,NA
AL2,GND,NA,NA,NA,NA,NA
AL5,GND,NA,NA,NA,NA,NA
AL7,GND,NA,NA,NA,NA,NA
AL11,GND,NA,NA,NA,NA,NA
AL31,GND,NA,NA,NA,NA,NA
AL35,GND,NA,NA,NA,NA,NA
AL39,GND,NA,NA,NA,NA,NA
AL42,GND,NA,NA,NA,NA,NA
AL43,GND,NA,NA,NA,NA,NA
AL44,GND,NA,NA,NA,NA,NA
AM3,GND,NA,NA,NA,NA,NA
AM4,GND,NA,NA,NA,NA,NA
AM5,GND,NA,NA,NA,NA,NA
AM9,GND,NA,NA,NA,NA,NA
AM18,GND,NA,NA,NA,NA,NA
AM28,GND,NA,NA,NA,NA,NA
AM35,GND,NA,NA,NA,NA,NA
AM37,GND,NA,NA,NA,NA,NA
AM41,GND,NA,NA,NA,NA,NA
AM42,GND,NA,NA,NA,NA,NA
AM45,GND,NA,NA,NA,NA,NA
AM46,GND,NA,NA,NA,NA,NA
AN1,GND,NA,NA,NA,NA,NA
AN2,GND,NA,NA,NA,NA,NA
AN5,GND,NA,NA,NA,NA,NA
AN6,GND,NA,NA,NA,NA,NA
AN10,GND,NA,NA,NA,NA,NA
AN12,GND,NA,NA,NA,NA,NA
AN15,GND,NA,NA,NA,NA,NA
AN25,GND,NA,NA,NA,NA,NA
AN35,GND,NA,NA,NA,NA,NA
AN38,GND,NA,NA,NA,NA,NA
AN42,GND,NA,NA,NA,NA,NA
AN43,GND,NA,NA,NA,NA,NA
AN44,GND,NA,NA,NA,NA,NA
AP3,GND,NA,NA,NA,NA,NA
AP4,GND,NA,NA,NA,NA,NA
AP5,GND,NA,NA,NA,NA,NA
AP8,GND,NA,NA,NA,NA,NA
AP12,GND,NA,NA,NA,NA,NA
AP22,GND,NA,NA,NA,NA,NA
AP32,GND,NA,NA,NA,NA,NA
AP35,GND,NA,NA,NA,NA,NA
AP36,GND,NA,NA,NA,NA,NA
AP40,GND,NA,NA,NA,NA,NA
AP42,GND,NA,NA,NA,NA,NA
AP45,GND,NA,NA,NA,NA,NA
AP46,GND,NA,NA,NA,NA,NA
AR1,GND,NA,NA,NA,NA,NA
AR2,GND,NA,NA,NA,NA,NA
AR5,GND,NA,NA,NA,NA,NA
AR7,GND,NA,NA,NA,NA,NA
AR11,GND,NA,NA,NA,NA,NA
AR12,GND,NA,NA,NA,NA,NA
AR19,GND,NA,NA,NA,NA,NA
AR29,GND,NA,NA,NA,NA,NA
AR35,GND,NA,NA,NA,NA,NA
AR39,GND,NA,NA,NA,NA,NA
AR42,GND,NA,NA,NA,NA,NA
AR43,GND,NA,NA,NA,NA,NA
AR44,GND,NA,NA,NA,NA,NA
AT3,GND,NA,NA,NA,NA,NA
AT4,GND,NA,NA,NA,NA,NA
AT5,GND,NA,NA,NA,NA,NA
AT9,GND,NA,NA,NA,NA,NA
AT12,GND,NA,NA,NA,NA,NA
AT16,GND,NA,NA,NA,NA,NA
AT26,GND,NA,NA,NA,NA,NA
AT35,GND,NA,NA,NA,NA,NA
AT37,GND,NA,NA,NA,NA,NA
AT41,GND,NA,NA,NA,NA,NA
AT42,GND,NA,NA,NA,NA,NA
AT45,GND,NA,NA,NA,NA,NA
AT46,GND,NA,NA,NA,NA,NA
AU1,GND,NA,NA,NA,NA,NA
AU2,GND,NA,NA,NA,NA,NA
AU5,GND,NA,NA,NA,NA,NA
AU6,GND,NA,NA,NA,NA,NA
AU10,GND,NA,NA,NA,NA,NA
AU12,GND,NA,NA,NA,NA,NA
AU23,GND,NA,NA,NA,NA,NA
AU33,GND,NA,NA,NA,NA,NA
AU35,GND,NA,NA,NA,NA,NA
AU38,GND,NA,NA,NA,NA,NA
AU42,GND,NA,NA,NA,NA,NA
AU43,GND,NA,NA,NA,NA,NA
AU44,GND,NA,NA,NA,NA,NA
AV3,GND,NA,NA,NA,NA,NA
AV4,GND,NA,NA,NA,NA,NA
AV5,GND,NA,NA,NA,NA,NA
AV8,GND,NA,NA,NA,NA,NA
AV12,GND,NA,NA,NA,NA,NA
AV20,GND,NA,NA,NA,NA,NA
AV30,GND,NA,NA,NA,NA,NA
AV35,GND,NA,NA,NA,NA,NA
AV36,GND,NA,NA,NA,NA,NA
AV37,GND,NA,NA,NA,NA,NA
AV40,GND,NA,NA,NA,NA,NA
AV42,GND,NA,NA,NA,NA,NA
AV45,GND,NA,NA,NA,NA,NA
AV46,GND,NA,NA,NA,NA,NA
AW1,GND,NA,NA,NA,NA,NA
AW2,GND,NA,NA,NA,NA,NA
AW5,GND,NA,NA,NA,NA,NA
AW6,GND,NA,NA,NA,NA,NA
AW10,GND,NA,NA,NA,NA,NA
AW11,GND,NA,NA,NA,NA,NA
AW12,GND,NA,NA,NA,NA,NA
AW17,GND,NA,NA,NA,NA,NA
AW27,GND,NA,NA,NA,NA,NA
AW37,GND,NA,NA,NA,NA,NA
AW39,GND,NA,NA,NA,NA,NA
AW42,GND,NA,NA,NA,NA,NA
AW43,GND,NA,NA,NA,NA,NA
AW44,GND,NA,NA,NA,NA,NA
AY1,GND,NA,NA,NA,NA,NA
AY2,GND,NA,NA,NA,NA,NA
AY3,GND,NA,NA,NA,NA,NA
AY4,GND,NA,NA,NA,NA,NA
AY5,GND,NA,NA,NA,NA,NA
AY6,GND,NA,NA,NA,NA,NA
AY7,GND,NA,NA,NA,NA,NA
AY8,GND,NA,NA,NA,NA,NA
AY9,GND,NA,NA,NA,NA,NA
AY10,GND,NA,NA,NA,NA,NA
AY14,GND,NA,NA,NA,NA,NA
AY24,GND,NA,NA,NA,NA,NA
AY34,GND,NA,NA,NA,NA,NA
AY37,GND,NA,NA,NA,NA,NA
AY41,GND,NA,NA,NA,NA,NA
AY42,GND,NA,NA,NA,NA,NA
AY43,GND,NA,NA,NA,NA,NA
AY44,GND,NA,NA,NA,NA,NA
AY45,GND,NA,NA,NA,NA,NA
AY46,GND,NA,NA,NA,NA,NA
BA3,GND,NA,NA,NA,NA,NA
BA6,GND,NA,NA,NA,NA,NA
BA11,GND,NA,NA,NA,NA,NA
BA21,GND,NA,NA,NA,NA,NA
BA31,GND,NA,NA,NA,NA,NA
BA37,GND,NA,NA,NA,NA,NA
BA38,GND,NA,NA,NA,NA,NA
BA39,GND,NA,NA,NA,NA,NA
BA44,GND,NA,NA,NA,NA,NA
BB1,GND,NA,NA,NA,NA,NA
BB2,GND,NA,NA,NA,NA,NA
BB3,GND,NA,NA,NA,NA,NA
BB6,GND,NA,NA,NA,NA,NA
BB8,GND,NA,NA,NA,NA,NA
BB18,GND,NA,NA,NA,NA,NA
BB28,GND,NA,NA,NA,NA,NA
BB39,GND,NA,NA,NA,NA,NA
BB40,GND,NA,NA,NA,NA,NA
BB41,GND,NA,NA,NA,NA,NA
BB44,GND,NA,NA,NA,NA,NA
BB45,GND,NA,NA,NA,NA,NA
BB46,GND,NA,NA,NA,NA,NA
BC3,GND,NA,NA,NA,NA,NA
BC4,GND,NA,NA,NA,NA,NA
BC6,GND,NA,NA,NA,NA,NA
BC15,GND,NA,NA,NA,NA,NA
BC25,GND,NA,NA,NA,NA,NA
BC35,GND,NA,NA,NA,NA,NA
BC41,GND,NA,NA,NA,NA,NA
BC42,GND,NA,NA,NA,NA,NA
BC44,GND,NA,NA,NA,NA,NA
BD1,GND,NA,NA,NA,NA,NA
BD3,GND,NA,NA,NA,NA,NA
BD6,GND,NA,NA,NA,NA,NA
BD12,GND,NA,NA,NA,NA,NA
BD22,GND,NA,NA,NA,NA,NA
BD32,GND,NA,NA,NA,NA,NA
BD41,GND,NA,NA,NA,NA,NA
BD44,GND,NA,NA,NA,NA,NA
BD46,GND,NA,NA,NA,NA,NA
BE2,GND,NA,NA,NA,NA,NA
BE3,GND,NA,NA,NA,NA,NA
BE5,GND,NA,NA,NA,NA,NA
BE6,GND,NA,NA,NA,NA,NA
BE9,GND,NA,NA,NA,NA,NA
BE19,GND,NA,NA,NA,NA,NA
BE29,GND,NA,NA,NA,NA,NA
BE39,GND,NA,NA,NA,NA,NA
BE41,GND,NA,NA,NA,NA,NA
BE45,GND,NA,NA,NA,NA,NA
BF3,GND,NA,NA,NA,NA,NA
BF6,GND,NA,NA,NA,NA,NA
BF16,GND,NA,NA,NA,NA,NA
BF26,GND,NA,NA,NA,NA,NA
BF36,GND,NA,NA,NA,NA,NA
BF41,GND,NA,NA,NA,NA,NA
BF44,GND,NA,NA,NA,NA,NA
L38,MGTAVCC_LN,NA,NA,NA,NA,NA
M36,MGTAVCC_LN,NA,NA,NA,NA,NA
N39,MGTAVCC_LN,NA,NA,NA,NA,NA
P37,MGTAVCC_LN,NA,NA,NA,NA,NA
R38,MGTAVCC_LN,NA,NA,NA,NA,NA
T36,MGTAVCC_LN,NA,NA,NA,NA,NA
U39,MGTAVCC_LN,NA,NA,NA,NA,NA
V37,MGTAVCC_LN,NA,NA,NA,NA,NA
AD36,MGTAVCC_LN,NA,NA,NA,NA,NA
AF37,MGTAVCC_LN,NA,NA,NA,NA,NA
AG38,MGTAVCC_LS,NA,NA,NA,NA,NA
AL38,MGTAVCC_LS,NA,NA,NA,NA,NA
AM36,MGTAVCC_LS,NA,NA,NA,NA,NA
AP37,MGTAVCC_LS,NA,NA,NA,NA,NA
AR38,MGTAVCC_LS,NA,NA,NA,NA,NA
AT36,MGTAVCC_LS,NA,NA,NA,NA,NA
AW38,MGTAVCC_LS,NA,NA,NA,NA,NA
AY40,MGTAVCC_LS,NA,NA,NA,NA,NA
A7,MGTAVCC_RN,NA,NA,NA,NA,NA
A11,MGTAVCC_RN,NA,NA,NA,NA,NA
B9,MGTAVCC_RN,NA,NA,NA,NA,NA
C10,MGTAVCC_RN,NA,NA,NA,NA,NA
E11,MGTAVCC_RN,NA,NA,NA,NA,NA
G10,MGTAVCC_RN,NA,NA,NA,NA,NA
J11,MGTAVCC_RN,NA,NA,NA,NA,NA
L10,MGTAVCC_RN,NA,NA,NA,NA,NA
N11,MGTAVCC_RN,NA,NA,NA,NA,NA
W10,MGTAVCC_RN,NA,NA,NA,NA,NA
AA11,MGTAVCC_RS,NA,NA,NA,NA,NA
AG10,MGTAVCC_RS,NA,NA,NA,NA,NA
AJ11,MGTAVCC_RS,NA,NA,NA,NA,NA
AL10,MGTAVCC_RS,NA,NA,NA,NA,NA
AN11,MGTAVCC_RS,NA,NA,NA,NA,NA
AP9,MGTAVCC_RS,NA,NA,NA,NA,NA
AR10,MGTAVCC_RS,NA,NA,NA,NA,NA
AU11,MGTAVCC_RS,NA,NA,NA,NA,NA
AV9,MGTAVCC_RS,NA,NA,NA,NA,NA
AW7,MGTAVCC_RS,NA,NA,NA,NA,NA
C45,MGTAVTT_LN,NA,NA,NA,NA,NA
D43,MGTAVTT_LN,NA,NA,NA,NA,NA
F42,MGTAVTT_LN,NA,NA,NA,NA,NA
F43,MGTAVTT_LN,NA,NA,NA,NA,NA
H40,MGTAVTT_LN,NA,NA,NA,NA,NA
K41,MGTAVTT_LN,NA,NA,NA,NA,NA
M40,MGTAVTT_LN,NA,NA,NA,NA,NA
P41,MGTAVTT_LN,NA,NA,NA,NA,NA
T40,MGTAVTT_LN,NA,NA,NA,NA,NA
V41,MGTAVTT_LN,NA,NA,NA,NA,NA
W38,MGTAVTT_LN,NA,NA,NA,NA,NA
Y40,MGTAVTT_LN,NA,NA,NA,NA,NA
AA39,MGTAVTT_LN,NA,NA,NA,NA,NA
AB41,MGTAVTT_LN,NA,NA,NA,NA,NA
AC38,MGTAVTT_LN,NA,NA,NA,NA,NA
AD40,MGTAVTT_LN,NA,NA,NA,NA,NA
AE39,MGTAVTT_LN,NA,NA,NA,NA,NA
AF41,MGTAVTT_LN,NA,NA,NA,NA,NA
AH40,MGTAVTT_LS,NA,NA,NA,NA,NA
AJ39,MGTAVTT_LS,NA,NA,NA,NA,NA
AK41,MGTAVTT_LS,NA,NA,NA,NA,NA
AM40,MGTAVTT_LS,NA,NA,NA,NA,NA
AN39,MGTAVTT_LS,NA,NA,NA,NA,NA
AP41,MGTAVTT_LS,NA,NA,NA,NA,NA
AT40,MGTAVTT_LS,NA,NA,NA,NA,NA
AU39,MGTAVTT_LS,NA,NA,NA,NA,NA
AV41,MGTAVTT_LS,NA,NA,NA,NA,NA
BA42,MGTAVTT_LS,NA,NA,NA,NA,NA
BA43,MGTAVTT_LS,NA,NA,NA,NA,NA
BC43,MGTAVTT_LS,NA,NA,NA,NA,NA
BD45,MGTAVTT_LS,NA,NA,NA,NA,NA
BE44,MGTAVTT_LS,NA,NA,NA,NA,NA
B3,MGTAVTT_RN,NA,NA,NA,NA,NA
D8,MGTAVTT_RN,NA,NA,NA,NA,NA
E7,MGTAVTT_RN,NA,NA,NA,NA,NA
F9,MGTAVTT_RN,NA,NA,NA,NA,NA
G6,MGTAVTT_RN,NA,NA,NA,NA,NA
H8,MGTAVTT_RN,NA,NA,NA,NA,NA
J7,MGTAVTT_RN,NA,NA,NA,NA,NA
K9,MGTAVTT_RN,NA,NA,NA,NA,NA
L6,MGTAVTT_RN,NA,NA,NA,NA,NA
M8,MGTAVTT_RN,NA,NA,NA,NA,NA
N7,MGTAVTT_RN,NA,NA,NA,NA,NA
P9,MGTAVTT_RN,NA,NA,NA,NA,NA
R6,MGTAVTT_RN,NA,NA,NA,NA,NA
T8,MGTAVTT_RN,NA,NA,NA,NA,NA
U7,MGTAVTT_RN,NA,NA,NA,NA,NA
V9,MGTAVTT_RN,NA,NA,NA,NA,NA
W6,MGTAVTT_RN,NA,NA,NA,NA,NA
Y8,MGTAVTT_RN,NA,NA,NA,NA,NA
AB9,MGTAVTT_RS,NA,NA,NA,NA,NA
AC6,MGTAVTT_RS,NA,NA,NA,NA,NA
AD8,MGTAVTT_RS,NA,NA,NA,NA,NA
AE7,MGTAVTT_RS,NA,NA,NA,NA,NA
AF9,MGTAVTT_RS,NA,NA,NA,NA,NA
AG6,MGTAVTT_RS,NA,NA,NA,NA,NA
AH8,MGTAVTT_RS,NA,NA,NA,NA,NA
AJ7,MGTAVTT_RS,NA,NA,NA,NA,NA
AK9,MGTAVTT_RS,NA,NA,NA,NA,NA
AL6,MGTAVTT_RS,NA,NA,NA,NA,NA
AM8,MGTAVTT_RS,NA,NA,NA,NA,NA
AN7,MGTAVTT_RS,NA,NA,NA,NA,NA
AR6,MGTAVTT_RS,NA,NA,NA,NA,NA
AT8,MGTAVTT_RS,NA,NA,NA,NA,NA
AU7,MGTAVTT_RS,NA,NA,NA,NA,NA
BC5,MGTAVTT_RS,NA,NA,NA,NA,NA
BD2,MGTAVTT_RS,NA,NA,NA,NA,NA
BE4,MGTAVTT_RS,NA,NA,NA,NA,NA
Y36,MGTVCCAUX_LN,NA,NA,NA,NA,NA
AB36,MGTVCCAUX_LN,NA,NA,NA,NA,NA
AH36,MGTVCCAUX_LS,NA,NA,NA,NA,NA
AK36,MGTVCCAUX_LS,NA,NA,NA,NA,NA
R11,MGTVCCAUX_RN,NA,NA,NA,NA,NA
U11,MGTVCCAUX_RN,NA,NA,NA,NA,NA
AC11,MGTVCCAUX_RS,NA,NA,NA,NA,NA
AE11,MGTVCCAUX_RS,NA,NA,NA,NA,NA
V29,VCCAUX,NA,NA,NA,NA,NA
W28,VCCAUX,NA,NA,NA,NA,NA
Y29,VCCAUX,NA,NA,NA,NA,NA
AA30,VCCAUX,NA,NA,NA,NA,NA
AB29,VCCAUX,NA,NA,NA,NA,NA
AC30,VCCAUX,NA,NA,NA,NA,NA
AD29,VCCAUX,NA,NA,NA,NA,NA
AF29,VCCAUX,NA,NA,NA,NA,NA
U26,VCCAUX_IO,NA,NA,NA,NA,NA
U28,VCCAUX_IO,NA,NA,NA,NA,NA
V27,VCCAUX_IO,NA,NA,NA,NA,NA
W26,VCCAUX_IO,NA,NA,NA,NA,NA
Y27,VCCAUX_IO,NA,NA,NA,NA,NA
AA26,VCCAUX_IO,NA,NA,NA,NA,NA
AA28,VCCAUX_IO,NA,NA,NA,NA,NA
AB27,VCCAUX_IO,NA,NA,NA,NA,NA
AC26,VCCAUX_IO,NA,NA,NA,NA,NA
AC28,VCCAUX_IO,NA,NA,NA,NA,NA
AD27,VCCAUX_IO,NA,NA,NA,NA,NA
AE28,VCCAUX_IO,NA,NA,NA,NA,NA
AF27,VCCAUX_IO,NA,NA,NA,NA,NA
AG26,VCCAUX_IO,NA,NA,NA,NA,NA
AG28,VCCAUX_IO,NA,NA,NA,NA,NA
AH27,VCCAUX_IO,NA,NA,NA,NA,NA
AJ26,VCCAUX_IO,NA,NA,NA,NA,NA
Y13,VCCBRAM,NA,NA,NA,NA,NA
AB13,VCCBRAM,NA,NA,NA,NA,NA
AC14,VCCBRAM,NA,NA,NA,NA,NA
AE14,VCCBRAM,NA,NA,NA,NA,NA
AG14,VCCBRAM,NA,NA,NA,NA,NA
T13,VCCINT,NA,NA,NA,NA,NA
T15,VCCINT,NA,NA,NA,NA,NA
T17,VCCINT,NA,NA,NA,NA,NA
T19,VCCINT,NA,NA,NA,NA,NA
T21,VCCINT,NA,NA,NA,NA,NA
T23,VCCINT,NA,NA,NA,NA,NA
U14,VCCINT,NA,NA,NA,NA,NA
U16,VCCINT,NA,NA,NA,NA,NA
U18,VCCINT,NA,NA,NA,NA,NA
U20,VCCINT,NA,NA,NA,NA,NA
U22,VCCINT,NA,NA,NA,NA,NA
U24,VCCINT,NA,NA,NA,NA,NA
V13,VCCINT,NA,NA,NA,NA,NA
V15,VCCINT,NA,NA,NA,NA,NA
V17,VCCINT,NA,NA,NA,NA,NA
V19,VCCINT,NA,NA,NA,NA,NA
V21,VCCINT,NA,NA,NA,NA,NA
V23,VCCINT,NA,NA,NA,NA,NA
W14,VCCINT,NA,NA,NA,NA,NA
W16,VCCINT,NA,NA,NA,NA,NA
W18,VCCINT,NA,NA,NA,NA,NA
W20,VCCINT,NA,NA,NA,NA,NA
W22,VCCINT,NA,NA,NA,NA,NA
W24,VCCINT,NA,NA,NA,NA,NA
Y15,VCCINT,NA,NA,NA,NA,NA
Y17,VCCINT,NA,NA,NA,NA,NA
Y19,VCCINT,NA,NA,NA,NA,NA
Y21,VCCINT,NA,NA,NA,NA,NA
Y23,VCCINT,NA,NA,NA,NA,NA
AA14,VCCINT,NA,NA,NA,NA,NA
AA16,VCCINT,NA,NA,NA,NA,NA
AA18,VCCINT,NA,NA,NA,NA,NA
AA20,VCCINT,NA,NA,NA,NA,NA
AA22,VCCINT,NA,NA,NA,NA,NA
AA24,VCCINT,NA,NA,NA,NA,NA
AB15,VCCINT,NA,NA,NA,NA,NA
AB17,VCCINT,NA,NA,NA,NA,NA
AB19,VCCINT,NA,NA,NA,NA,NA
AB21,VCCINT,NA,NA,NA,NA,NA
AB23,VCCINT,NA,NA,NA,NA,NA
AC16,VCCINT,NA,NA,NA,NA,NA
AC18,VCCINT,NA,NA,NA,NA,NA
AC20,VCCINT,NA,NA,NA,NA,NA
AC22,VCCINT,NA,NA,NA,NA,NA
AD15,VCCINT,NA,NA,NA,NA,NA
AD17,VCCINT,NA,NA,NA,NA,NA
AD19,VCCINT,NA,NA,NA,NA,NA
AD21,VCCINT,NA,NA,NA,NA,NA
AD23,VCCINT,NA,NA,NA,NA,NA
AE16,VCCINT,NA,NA,NA,NA,NA
AE18,VCCINT,NA,NA,NA,NA,NA
AE20,VCCINT,NA,NA,NA,NA,NA
AE22,VCCINT,NA,NA,NA,NA,NA
AE24,VCCINT,NA,NA,NA,NA,NA
AF15,VCCINT,NA,NA,NA,NA,NA
AF17,VCCINT,NA,NA,NA,NA,NA
AF21,VCCINT,NA,NA,NA,NA,NA
AF23,VCCINT,NA,NA,NA,NA,NA
AG16,VCCINT,NA,NA,NA,NA,NA
AG20,VCCINT,NA,NA,NA,NA,NA
AG22,VCCINT,NA,NA,NA,NA,NA
AG24,VCCINT,NA,NA,NA,NA,NA
AH13,VCCINT,NA,NA,NA,NA,NA
AH15,VCCINT,NA,NA,NA,NA,NA
AH17,VCCINT,NA,NA,NA,NA,NA
AH21,VCCINT,NA,NA,NA,NA,NA
AH23,VCCINT,NA,NA,NA,NA,NA
AJ14,VCCINT,NA,NA,NA,NA,NA
AJ16,VCCINT,NA,NA,NA,NA,NA
AJ20,VCCINT,NA,NA,NA,NA,NA
AJ22,VCCINT,NA,NA,NA,NA,NA
AJ24,VCCINT,NA,NA,NA,NA,NA
AK13,VCCINT,NA,NA,NA,NA,NA
AK15,VCCINT,NA,NA,NA,NA,NA
AK17,VCCINT,NA,NA,NA,NA,NA
AK19,VCCINT,NA,NA,NA,NA,NA
AK21,VCCINT,NA,NA,NA,NA,NA
AK23,VCCINT,NA,NA,NA,NA,NA
T25,VCCINT_IO,NA,NA,NA,NA,NA
V25,VCCINT_IO,NA,NA,NA,NA,NA
Y25,VCCINT_IO,NA,NA,NA,NA,NA
AB25,VCCINT_IO,NA,NA,NA,NA,NA
AC24,VCCINT_IO,NA,NA,NA,NA,NA
AD25,VCCINT_IO,NA,NA,NA,NA,NA
AE26,VCCINT_IO,NA,NA,NA,NA,NA
AF25,VCCINT_IO,NA,NA,NA,NA,NA
AH25,VCCINT_IO,NA,NA,NA,NA,NA
AD13,VCCO_0,NA,0,NA,NA,NA
AF13,VCCO_0,NA,0,NA,NA,NA
AN30,VCCO_44,NA,44,NA,NA,NA
AT31,VCCO_44,NA,44,NA,NA,NA
AW32,VCCO_44,NA,44,NA,NA,NA
AY29,VCCO_44,NA,44,NA,NA,NA
BC30,VCCO_44,NA,44,NA,NA,NA
BF31,VCCO_44,NA,44,NA,NA,NA
AM33,VCCO_45,NA,45,NA,NA,NA
AR34,VCCO_45,NA,45,NA,NA,NA
BA36,VCCO_45,NA,45,NA,NA,NA
BB33,VCCO_45,NA,45,NA,NA,NA
BC40,VCCO_45,NA,45,NA,NA,NA
BD37,VCCO_45,NA,45,NA,NA,NA
BE34,VCCO_45,NA,45,NA,NA,NA
W32,VCCO_46,NA,46,NA,NA,NA
AB33,VCCO_46,NA,46,NA,NA,NA
AE34,VCCO_46,NA,46,NA,NA,NA
AF31,VCCO_46,NA,46,NA,NA,NA
AJ32,VCCO_46,NA,46,NA,NA,NA
AK29,VCCO_46,NA,46,NA,NA,NA
F31,VCCO_50,NA,50,NA,NA,NA
J32,VCCO_50,NA,50,NA,NA,NA
M33,VCCO_50,NA,50,NA,NA,NA
N30,VCCO_50,NA,50,NA,NA,NA
R34,VCCO_50,NA,50,NA,NA,NA
T31,VCCO_50,NA,50,NA,NA,NA
A36,VCCO_51,NA,51,NA,NA,NA
B33,VCCO_51,NA,51,NA,NA,NA
C40,VCCO_51,NA,51,NA,NA,NA
D37,VCCO_51,NA,51,NA,NA,NA
E34,VCCO_51,NA,51,NA,NA,NA
G38,VCCO_51,NA,51,NA,NA,NA
H35,VCCO_51,NA,51,NA,NA,NA
C30,VCCO_52,NA,52,NA,NA,NA
D27,VCCO_52,NA,52,NA,NA,NA
G28,VCCO_52,NA,52,NA,NA,NA
K29,VCCO_52,NA,52,NA,NA,NA
L26,VCCO_52,NA,52,NA,NA,NA
P27,VCCO_52,NA,52,NA,NA,NA
AL26,VCCO_65,NA,65,NA,NA,NA
AP27,VCCO_65,NA,65,NA,NA,NA
AU28,VCCO_65,NA,65,NA,NA,NA
AV25,VCCO_65,NA,65,NA,NA,NA
BA26,VCCO_65,NA,65,NA,NA,NA
BD27,VCCO_65,NA,65,NA,NA,NA
AL16,VCCO_66,NA,66,NA,NA,NA
AN20,VCCO_66,NA,66,NA,NA,NA
AP17,VCCO_66,NA,66,NA,NA,NA
AU18,VCCO_66,NA,66,NA,NA,NA
AY19,VCCO_66,NA,66,NA,NA,NA
BD17,VCCO_66,NA,66,NA,NA,NA
AM13,VCCO_67,NA,67,NA,NA,NA
AR14,VCCO_67,NA,67,NA,NA,NA
AV15,VCCO_67,NA,67,NA,NA,NA
BA16,VCCO_67,NA,67,NA,NA,NA
BB13,VCCO_67,NA,67,NA,NA,NA
BE14,VCCO_67,NA,67,NA,NA,NA
BC10,VCCO_68,NA,68,NA,NA,NA
BD7,VCCO_68,NA,68,NA,NA,NA
BF11,VCCO_68,NA,68,NA,NA,NA
A16,VCCO_70,NA,70,NA,NA,NA
B13,VCCO_70,NA,70,NA,NA,NA
E14,VCCO_70,NA,70,NA,NA,NA
H15,VCCO_70,NA,70,NA,NA,NA
L16,VCCO_70,NA,70,NA,NA,NA
M13,VCCO_70,NA,70,NA,NA,NA
R14,VCCO_70,NA,70,NA,NA,NA
C20,VCCO_71,NA,71,NA,NA,NA
D17,VCCO_71,NA,71,NA,NA,NA
F21,VCCO_71,NA,71,NA,NA,NA
G18,VCCO_71,NA,71,NA,NA,NA
K19,VCCO_71,NA,71,NA,NA,NA
N20,VCCO_71,NA,71,NA,NA,NA
P17,VCCO_71,NA,71,NA,NA,NA
A26,VCCO_72,NA,72,NA,NA,NA
B23,VCCO_72,NA,72,NA,NA,NA
E24,VCCO_72,NA,72,NA,NA,NA
H25,VCCO_72,NA,72,NA,NA,NA
J22,VCCO_72,NA,72,NA,NA,NA
M23,VCCO_72,NA,72,NA,NA,NA
R24,VCCO_72,NA,72,NA,NA,NA
AM23,VCCO_84,NA,84,NA,NA,NA
AR24,VCCO_84,NA,84,NA,NA,NA
AT21,VCCO_84,NA,84,NA,NA,NA
AW22,VCCO_84,NA,84,NA,NA,NA
BB23,VCCO_94,NA,94,NA,NA,NA
BC20,VCCO_94,NA,94,NA,NA,NA
BE24,VCCO_94,NA,94,NA,NA,NA
BF21,VCCO_94,NA,94,NA,NA,NA
,,,,,,
Total Number of Pins, 2104,,,,,,
