Device/Package xcvu080ffvd1517 2/5/2015 11:44:26,,,,,,
,,,,,,
Pin,Pin Name,Memory Byte Group,Bank,I/O Type,Super Logic Region,No-Connect
AB15,DXN,NA,NA,NA,NA,NA
AB16,DXP,NA,NA,NA,NA,NA
AA16,VREFP,NA,NA,NA,NA,NA
Y15,VREFN,NA,NA,NA,NA,NA
Y16,VP,NA,NA,NA,NA,NA
AA15,VN,NA,NA,NA,NA,NA
U11,M0_0,NA,0,CONFIG,NA,NA
T11,M1_0,NA,0,CONFIG,NA,NA
P11,INIT_B_0,NA,0,CONFIG,NA,NA
R11,M2_0,NA,0,CONFIG,NA,NA
N11,CFGBVS_0,NA,0,CONFIG,NA,NA
M11,PUDC_B_0,NA,0,CONFIG,NA,NA
V9,POR_OVERRIDE,NA,NA,NA,NA,NA
W9,DONE_0,NA,0,CONFIG,NA,NA
AA9,PROGRAM_B_0,NA,0,CONFIG,NA,NA
Y10,TDO_0,NA,0,CONFIG,NA,NA
AB10,TDI_0,NA,0,CONFIG,NA,NA
AB9,RDWR_FCS_B_0,NA,0,CONFIG,NA,NA
AC11,D02_0,NA,0,CONFIG,NA,NA
AF11,D00_MOSI_0,NA,0,CONFIG,NA,NA
AD11,D03_0,NA,0,CONFIG,NA,NA
AE11,D01_DIN_0,NA,0,CONFIG,NA,NA
V10,TMS_0,NA,0,CONFIG,NA,NA
V12,CCLK_0,NA,0,CONFIG,NA,NA
AB12,TCK_0,NA,0,CONFIG,NA,NA
AG11,VBATT,NA,NA,NA,NA,NA
AH19,IO_L24P_T3U_N10_EMCCLK_65,3U,65,HP,NA,NA
AJ19,IO_L24N_T3U_N11_DOUT_CSO_B_65,3U,65,HP,NA,NA
AE19,IO_T3U_N12_PERSTN0_65,3U,65,HP,NA,NA
AF16,IO_L23P_T3U_N8_I2C_SCLK_65,3U,65,HP,NA,NA
AG16,IO_L23N_T3U_N9_I2C_SDA_65,3U,65,HP,NA,NA
AF19,IO_L22P_T3U_N6_DBC_AD0P_D04_65,3U,65,HP,NA,NA
AG19,IO_L22N_T3U_N7_DBC_AD0N_D05_65,3U,65,HP,NA,NA
AG17,IO_L21P_T3L_N4_AD8P_D06_65,3L,65,HP,NA,NA
AH16,IO_L21N_T3L_N5_AD8N_D07_65,3L,65,HP,NA,NA
AF18,IO_L20P_T3L_N2_AD1P_D08_65,3L,65,HP,NA,NA
AF17,IO_L20N_T3L_N3_AD1N_D09_65,3L,65,HP,NA,NA
AH18,IO_L19P_T3L_N0_DBC_AD9P_D10_65,3L,65,HP,NA,NA
AH17,IO_L19N_T3L_N1_DBC_AD9N_D11_65,3L,65,HP,NA,NA
AK20,IO_L18P_T2U_N10_AD2P_D12_65,2U,65,HP,NA,NA
AL20,IO_L18N_T2U_N11_AD2N_D13_65,2U,65,HP,NA,NA
AL17,IO_L17P_T2U_N8_AD10P_D14_65,2U,65,HP,NA,NA
AM17,IO_L17N_T2U_N9_AD10N_D15_65,2U,65,HP,NA,NA
AJ18,IO_L16P_T2U_N6_QBC_AD3P_A00_D16_65,2U,65,HP,NA,NA
AK18,IO_L16N_T2U_N7_QBC_AD3N_A01_D17_65,2U,65,HP,NA,NA
AL19,IO_L15P_T2L_N4_AD11P_A02_D18_65,2L,65,HP,NA,NA
AL18,IO_L15N_T2L_N5_AD11N_A03_D19_65,2L,65,HP,NA,NA
AM20,IO_L14P_T2L_N2_GC_A04_D20_65,2L,65,HP,NA,NA
AM19,IO_L14N_T2L_N3_GC_A05_D21_65,2L,65,HP,NA,NA
AK17,IO_T2U_N12_CSI_ADV_B_65,2U,65,HP,NA,NA
AN19,IO_L13P_T2L_N0_GC_QBC_A06_D22_65,2L,65,HP,NA,NA
AN18,IO_L13N_T2L_N1_GC_QBC_A07_D23_65,2L,65,HP,NA,NA
AP19,IO_L12P_T1U_N10_GC_A08_D24_65,1U,65,HP,NA,NA
AP18,IO_L12N_T1U_N11_GC_A09_D25_65,1U,65,HP,NA,NA
AR18,IO_T1U_N12_PERSTN1_65,1U,65,HP,NA,NA
AP20,IO_L11P_T1U_N8_GC_A10_D26_65,1U,65,HP,NA,NA
AR20,IO_L11N_T1U_N9_GC_A11_D27_65,1U,65,HP,NA,NA
AT19,IO_L10P_T1U_N6_QBC_AD4P_A12_D28_65,1U,65,HP,NA,NA
AT18,IO_L10N_T1U_N7_QBC_AD4N_A13_D29_65,1U,65,HP,NA,NA
AT20,IO_L9P_T1L_N4_AD12P_A14_D30_65,1L,65,HP,NA,NA
AU20,IO_L9N_T1L_N5_AD12N_A15_D31_65,1L,65,HP,NA,NA
AW20,IO_L8P_T1L_N2_AD5P_A16_65,1L,65,HP,NA,NA
AW19,IO_L8N_T1L_N3_AD5N_A17_65,1L,65,HP,NA,NA
AU19,IO_L7P_T1L_N0_QBC_AD13P_A18_65,1L,65,HP,NA,NA
AV19,IO_L7N_T1L_N1_QBC_AD13N_A19_65,1L,65,HP,NA,NA
AT23,IO_L6P_T0U_N10_AD6P_A20_65,0U,65,HP,NA,NA
AT22,IO_L6N_T0U_N11_AD6N_A21_65,0U,65,HP,NA,NA
AT24,IO_L5P_T0U_N8_AD14P_A22_65,0U,65,HP,NA,NA
AU24,IO_L5N_T0U_N9_AD14N_A23_65,0U,65,HP,NA,NA
AU22,IO_L4P_T0U_N6_DBC_AD7P_A24_65,0U,65,HP,NA,NA
AV22,IO_L4N_T0U_N7_DBC_AD7N_A25_65,0U,65,HP,NA,NA
AV24,IO_L3P_T0L_N4_AD15P_A26_65,0L,65,HP,NA,NA
AW24,IO_L3N_T0L_N5_AD15N_A27_65,0L,65,HP,NA,NA
AU21,IO_L2P_T0L_N2_FOE_B_65,0L,65,HP,NA,NA
AV21,IO_L2N_T0L_N3_FWE_FCS2_B_65,0L,65,HP,NA,NA
AW21,IO_T0U_N12_VRP_A28_65,0U,65,HP,NA,NA
AV23,IO_L1P_T0L_N0_DBC_RS0_65,0L,65,HP,NA,NA
AW23,IO_L1N_T0L_N1_DBC_RS1_65,0L,65,HP,NA,NA
AJ16,VREF_65,NA,65,HP,NA,NA
AE26,IO_L24P_T3U_N10_66,3U,66,HP,NA,NA
AE27,IO_L24N_T3U_N11_66,3U,66,HP,NA,NA
AE28,IO_T3U_N12_66,3U,66,HP,NA,NA
AE25,IO_L23P_T3U_N8_66,3U,66,HP,NA,NA
AF25,IO_L23N_T3U_N9_66,3U,66,HP,NA,NA
AF27,IO_L22P_T3U_N6_DBC_AD0P_66,3U,66,HP,NA,NA
AF28,IO_L22N_T3U_N7_DBC_AD0N_66,3U,66,HP,NA,NA
AG26,IO_L21P_T3L_N4_AD8P_66,3L,66,HP,NA,NA
AG27,IO_L21N_T3L_N5_AD8N_66,3L,66,HP,NA,NA
AH26,IO_L20P_T3L_N2_AD1P_66,3L,66,HP,NA,NA
AH27,IO_L20N_T3L_N3_AD1N_66,3L,66,HP,NA,NA
AJ26,IO_L19P_T3L_N0_DBC_AD9P_66,3L,66,HP,NA,NA
AK26,IO_L19N_T3L_N1_DBC_AD9N_66,3L,66,HP,NA,NA
AF20,IO_L18P_T2U_N10_AD2P_66,2U,66,HP,NA,NA
AG21,IO_L18N_T2U_N11_AD2N_66,2U,66,HP,NA,NA
AF22,IO_L17P_T2U_N8_AD10P_66,2U,66,HP,NA,NA
AG22,IO_L17N_T2U_N9_AD10N_66,2U,66,HP,NA,NA
AF23,IO_L16P_T2U_N6_QBC_AD3P_66,2U,66,HP,NA,NA
AF24,IO_L16N_T2U_N7_QBC_AD3N_66,2U,66,HP,NA,NA
AG24,IO_L15P_T2L_N4_AD11P_66,2L,66,HP,NA,NA
AG25,IO_L15N_T2L_N5_AD11N_66,2L,66,HP,NA,NA
AH22,IO_L14P_T2L_N2_GC_66,2L,66,HP,NA,NA
AH23,IO_L14N_T2L_N3_GC_66,2L,66,HP,NA,NA
AE23,IO_T2U_N12_66,2U,66,HP,NA,NA
AH24,IO_L13P_T2L_N0_GC_QBC_66,2L,66,HP,NA,NA
AJ24,IO_L13N_T2L_N1_GC_QBC_66,2L,66,HP,NA,NA
AH21,IO_L12P_T1U_N10_GC_66,1U,66,HP,NA,NA
AJ21,IO_L12N_T1U_N11_GC_66,1U,66,HP,NA,NA
AJ20,IO_T1U_N12_66,1U,66,HP,NA,NA
AJ23,IO_L11P_T1U_N8_GC_66,1U,66,HP,NA,NA
AK23,IO_L11N_T1U_N9_GC_66,1U,66,HP,NA,NA
AJ25,IO_L10P_T1U_N6_QBC_AD4P_66,1U,66,HP,NA,NA
AK25,IO_L10N_T1U_N7_QBC_AD4N_66,1U,66,HP,NA,NA
AK21,IO_L9P_T1L_N4_AD12P_66,1L,66,HP,NA,NA
AK22,IO_L9N_T1L_N5_AD12N_66,1L,66,HP,NA,NA
AL24,IO_L8P_T1L_N2_AD5P_66,1L,66,HP,NA,NA
AL25,IO_L8N_T1L_N3_AD5N_66,1L,66,HP,NA,NA
AL22,IO_L7P_T1L_N0_QBC_AD13P_66,1L,66,HP,NA,NA
AL23,IO_L7N_T1L_N1_QBC_AD13N_66,1L,66,HP,NA,NA
AM21,IO_L6P_T0U_N10_AD6P_66,0U,66,HP,NA,NA
AM22,IO_L6N_T0U_N11_AD6N_66,0U,66,HP,NA,NA
AN21,IO_L5P_T0U_N8_AD14P_66,0U,66,HP,NA,NA
AP21,IO_L5N_T0U_N9_AD14N_66,0U,66,HP,NA,NA
AM24,IO_L4P_T0U_N6_DBC_AD7P_66,0U,66,HP,NA,NA
AN24,IO_L4N_T0U_N7_DBC_AD7N_66,0U,66,HP,NA,NA
AP23,IO_L3P_T0L_N4_AD15P_66,0L,66,HP,NA,NA
AP24,IO_L3N_T0L_N5_AD15N_66,0L,66,HP,NA,NA
AN22,IO_L2P_T0L_N2_66,0L,66,HP,NA,NA
AN23,IO_L2N_T0L_N3_66,0L,66,HP,NA,NA
AR21,IO_T0U_N12_VRP_66,0U,66,HP,NA,NA
AR22,IO_L1P_T0L_N0_DBC_66,0L,66,HP,NA,NA
AR23,IO_L1N_T0L_N1_DBC_66,0L,66,HP,NA,NA
AG20,VREF_66,NA,66,HP,NA,NA
AH29,IO_L12P_T1U_N10_GC_67,1U,67,HP,NA,NA
AJ29,IO_L12N_T1U_N11_GC_67,1U,67,HP,NA,NA
AD31,IO_T1U_N12_67,1U,67,HP,NA,NA
AJ30,IO_L11P_T1U_N8_GC_67,1U,67,HP,NA,NA
AJ31,IO_L11N_T1U_N9_GC_67,1U,67,HP,NA,NA
AE30,IO_L10P_T1U_N6_QBC_AD4P_67,1U,67,HP,NA,NA
AE31,IO_L10N_T1U_N7_QBC_AD4N_67,1U,67,HP,NA,NA
AF29,IO_L9P_T1L_N4_AD12P_67,1L,67,HP,NA,NA
AF30,IO_L9N_T1L_N5_AD12N_67,1L,67,HP,NA,NA
AG29,IO_L8P_T1L_N2_AD5P_67,1L,67,HP,NA,NA
AG30,IO_L8N_T1L_N3_AD5N_67,1L,67,HP,NA,NA
AG31,IO_L7P_T1L_N0_QBC_AD13P_67,1L,67,HP,NA,NA
AH31,IO_L7N_T1L_N1_QBC_AD13N_67,1L,67,HP,NA,NA
AH28,IO_L6P_T0U_N10_AD6P_67,0U,67,HP,NA,NA
AJ28,IO_L6N_T0U_N11_AD6N_67,0U,67,HP,NA,NA
AL29,IO_L5P_T0U_N8_AD14P_67,0U,67,HP,NA,NA
AL30,IO_L5N_T0U_N9_AD14N_67,0U,67,HP,NA,NA
AK30,IO_L4P_T0U_N6_DBC_AD7P_67,0U,67,HP,NA,NA
AK31,IO_L4N_T0U_N7_DBC_AD7N_67,0U,67,HP,NA,NA
AK28,IO_L3P_T0L_N4_AD15P_67,0L,67,HP,NA,NA
AL28,IO_L3N_T0L_N5_AD15N_67,0L,67,HP,NA,NA
AM29,IO_L2P_T0L_N2_67,0L,67,HP,NA,NA
AM30,IO_L2N_T0L_N3_67,0L,67,HP,NA,NA
AM31,IO_T0U_N12_VRP_67,0U,67,HP,NA,NA
AK27,IO_L1P_T0L_N0_DBC_67,0L,67,HP,NA,NA
AL27,IO_L1N_T0L_N1_DBC_67,0L,67,HP,NA,NA
AD30,VREF_67,NA,67,HP,NA,NA
H29,IO_L24P_T3U_N10_69,3U,69,HP,NA,NA
H30,IO_L24N_T3U_N11_69,3U,69,HP,NA,NA
H31,IO_T3U_N12_69,3U,69,HP,NA,NA
J30,IO_L23P_T3U_N8_69,3U,69,HP,NA,NA
J31,IO_L23N_T3U_N9_69,3U,69,HP,NA,NA
J28,IO_L22P_T3U_N6_DBC_AD0P_69,3U,69,HP,NA,NA
J29,IO_L22N_T3U_N7_DBC_AD0N_69,3U,69,HP,NA,NA
J26,IO_L21P_T3L_N4_AD8P_69,3L,69,HP,NA,NA
J27,IO_L21N_T3L_N5_AD8N_69,3L,69,HP,NA,NA
K30,IO_L20P_T3L_N2_AD1P_69,3L,69,HP,NA,NA
K31,IO_L20N_T3L_N3_AD1N_69,3L,69,HP,NA,NA
L29,IO_L19P_T3L_N0_DBC_AD9P_69,3L,69,HP,NA,NA
L30,IO_L19N_T3L_N1_DBC_AD9N_69,3L,69,HP,NA,NA
K23,IO_L18P_T2U_N10_AD2P_69,2U,69,HP,NA,NA
J23,IO_L18N_T2U_N11_AD2N_69,2U,69,HP,NA,NA
L22,IO_L17P_T2U_N8_AD10P_69,2U,69,HP,NA,NA
L23,IO_L17N_T2U_N9_AD10N_69,2U,69,HP,NA,NA
J24,IO_L16P_T2U_N6_QBC_AD3P_69,2U,69,HP,NA,NA
J25,IO_L16N_T2U_N7_QBC_AD3N_69,2U,69,HP,NA,NA
K25,IO_L15P_T2L_N4_AD11P_69,2L,69,HP,NA,NA
K26,IO_L15N_T2L_N5_AD11N_69,2L,69,HP,NA,NA
K27,IO_L14P_T2L_N2_GC_69,2L,69,HP,NA,NA
K28,IO_L14N_T2L_N3_GC_69,2L,69,HP,NA,NA
L24,IO_T2U_N12_69,2U,69,HP,NA,NA
L27,IO_L13P_T2L_N0_GC_QBC_69,2L,69,HP,NA,NA
L28,IO_L13N_T2L_N1_GC_QBC_69,2L,69,HP,NA,NA
M26,IO_L12P_T1U_N10_GC_69,1U,69,HP,NA,NA
M27,IO_L12N_T1U_N11_GC_69,1U,69,HP,NA,NA
L25,IO_T1U_N12_69,1U,69,HP,NA,NA
N26,IO_L11P_T1U_N8_GC_69,1U,69,HP,NA,NA
N27,IO_L11N_T1U_N9_GC_69,1U,69,HP,NA,NA
M24,IO_L10P_T1U_N6_QBC_AD4P_69,1U,69,HP,NA,NA
M25,IO_L10N_T1U_N7_QBC_AD4N_69,1U,69,HP,NA,NA
P25,IO_L9P_T1L_N4_AD12P_69,1L,69,HP,NA,NA
P26,IO_L9N_T1L_N5_AD12N_69,1L,69,HP,NA,NA
P24,IO_L8P_T1L_N2_AD5P_69,1L,69,HP,NA,NA
N24,IO_L8N_T1L_N3_AD5N_69,1L,69,HP,NA,NA
R25,IO_L7P_T1L_N0_QBC_AD13P_69,1L,69,HP,NA,NA
R26,IO_L7N_T1L_N1_QBC_AD13N_69,1L,69,HP,NA,NA
N31,IO_L6P_T0U_N10_AD6P_69,0U,69,HP,NA,NA
M31,IO_L6N_T0U_N11_AD6N_69,0U,69,HP,NA,NA
M29,IO_L5P_T0U_N8_AD14P_69,0U,69,HP,NA,NA
M30,IO_L5N_T0U_N9_AD14N_69,0U,69,HP,NA,NA
P30,IO_L4P_T0U_N6_DBC_AD7P_69,0U,69,HP,NA,NA
P31,IO_L4N_T0U_N7_DBC_AD7N_69,0U,69,HP,NA,NA
N28,IO_L3P_T0L_N4_AD15P_69,0L,69,HP,NA,NA
N29,IO_L3N_T0L_N5_AD15N_69,0L,69,HP,NA,NA
R27,IO_L2P_T0L_N2_69,0L,69,HP,NA,NA
R28,IO_L2N_T0L_N3_69,0L,69,HP,NA,NA
R31,IO_T0U_N12_VRP_69,0U,69,HP,NA,NA
P28,IO_L1P_T0L_N0_DBC_69,0L,69,HP,NA,NA
P29,IO_L1N_T0L_N1_DBC_69,0L,69,HP,NA,NA
M22,VREF_69,NA,69,HP,NA,NA
B20,IO_L24P_T3U_N10_70,3U,70,HP,NA,NA
A20,IO_L24N_T3U_N11_70,3U,70,HP,NA,NA
D20,IO_T3U_N12_70,3U,70,HP,NA,NA
C21,IO_L23P_T3U_N8_70,3U,70,HP,NA,NA
B22,IO_L23N_T3U_N9_70,3U,70,HP,NA,NA
B21,IO_L22P_T3U_N6_DBC_AD0P_70,3U,70,HP,NA,NA
A22,IO_L22N_T3U_N7_DBC_AD0N_70,3U,70,HP,NA,NA
C24,IO_L21P_T3L_N4_AD8P_70,3L,70,HP,NA,NA
B24,IO_L21N_T3L_N5_AD8N_70,3L,70,HP,NA,NA
A23,IO_L20P_T3L_N2_AD1P_70,3L,70,HP,NA,NA
A24,IO_L20N_T3L_N3_AD1N_70,3L,70,HP,NA,NA
C22,IO_L19P_T3L_N0_DBC_AD9P_70,3L,70,HP,NA,NA
C23,IO_L19N_T3L_N1_DBC_AD9N_70,3L,70,HP,NA,NA
G24,IO_L18P_T2U_N10_AD2P_70,2U,70,HP,NA,NA
F24,IO_L18N_T2U_N11_AD2N_70,2U,70,HP,NA,NA
E21,IO_L17P_T2U_N8_AD10P_70,2U,70,HP,NA,NA
D21,IO_L17N_T2U_N9_AD10N_70,2U,70,HP,NA,NA
H23,IO_L16P_T2U_N6_QBC_AD3P_70,2U,70,HP,NA,NA
H24,IO_L16N_T2U_N7_QBC_AD3N_70,2U,70,HP,NA,NA
E22,IO_L15P_T2L_N4_AD11P_70,2L,70,HP,NA,NA
D23,IO_L15N_T2L_N5_AD11N_70,2L,70,HP,NA,NA
G22,IO_L14P_T2L_N2_GC_70,2L,70,HP,NA,NA
F22,IO_L14N_T2L_N3_GC_70,2L,70,HP,NA,NA
D24,IO_T2U_N12_70,2U,70,HP,NA,NA
F23,IO_L13P_T2L_N0_GC_QBC_70,2L,70,HP,NA,NA
E23,IO_L13N_T2L_N1_GC_QBC_70,2L,70,HP,NA,NA
G20,IO_L12P_T1U_N10_GC_70,1U,70,HP,NA,NA
G21,IO_L12N_T1U_N11_GC_70,1U,70,HP,NA,NA
J18,IO_T1U_N12_70,1U,70,HP,NA,NA
F20,IO_L11P_T1U_N8_GC_70,1U,70,HP,NA,NA
E20,IO_L11N_T1U_N9_GC_70,1U,70,HP,NA,NA
H18,IO_L10P_T1U_N6_QBC_AD4P_70,1U,70,HP,NA,NA
H19,IO_L10N_T1U_N7_QBC_AD4N_70,1U,70,HP,NA,NA
F18,IO_L9P_T1L_N4_AD12P_70,1L,70,HP,NA,NA
E18,IO_L9N_T1L_N5_AD12N_70,1L,70,HP,NA,NA
H21,IO_L8P_T1L_N2_AD5P_70,1L,70,HP,NA,NA
H22,IO_L8N_T1L_N3_AD5N_70,1L,70,HP,NA,NA
G19,IO_L7P_T1L_N0_QBC_AD13P_70,1L,70,HP,NA,NA
F19,IO_L7N_T1L_N1_QBC_AD13N_70,1L,70,HP,NA,NA
M19,IO_L6P_T0U_N10_AD6P_70,0U,70,HP,NA,NA
L19,IO_L6N_T0U_N11_AD6N_70,0U,70,HP,NA,NA
L18,IO_L5P_T0U_N8_AD14P_70,0U,70,HP,NA,NA
K18,IO_L5N_T0U_N9_AD14N_70,0U,70,HP,NA,NA
K21,IO_L4P_T0U_N6_DBC_AD7P_70,0U,70,HP,NA,NA
K22,IO_L4N_T0U_N7_DBC_AD7N_70,0U,70,HP,NA,NA
J19,IO_L3P_T0L_N4_AD15P_70,0L,70,HP,NA,NA
J20,IO_L3N_T0L_N5_AD15N_70,0L,70,HP,NA,NA
K20,IO_L2P_T0L_N2_70,0L,70,HP,NA,NA
J21,IO_L2N_T0L_N3_70,0L,70,HP,NA,NA
M21,IO_T0U_N12_VRP_70,0U,70,HP,NA,NA
M20,IO_L1P_T0L_N0_DBC_70,0L,70,HP,NA,NA
L20,IO_L1N_T0L_N1_DBC_70,0L,70,HP,NA,NA
M18,VREF_70,NA,70,HP,NA,NA
B17,IO_L24P_T3U_N10_71,3U,71,HP,NA,NA
A17,IO_L24N_T3U_N11_71,3U,71,HP,NA,NA
D19,IO_T3U_N12_71,3U,71,HP,NA,NA
C19,IO_L23P_T3U_N8_71,3U,71,HP,NA,NA
B19,IO_L23N_T3U_N9_71,3U,71,HP,NA,NA
C17,IO_L22P_T3U_N6_DBC_AD0P_71,3U,71,HP,NA,NA
B16,IO_L22N_T3U_N7_DBC_AD0N_71,3U,71,HP,NA,NA
A19,IO_L21P_T3L_N4_AD8P_71,3L,71,HP,NA,NA
A18,IO_L21N_T3L_N5_AD8N_71,3L,71,HP,NA,NA
D16,IO_L20P_T3L_N2_AD1P_71,3L,71,HP,NA,NA
C16,IO_L20N_T3L_N3_AD1N_71,3L,71,HP,NA,NA
D18,IO_L19P_T3L_N0_DBC_AD9P_71,3L,71,HP,NA,NA
C18,IO_L19N_T3L_N1_DBC_AD9N_71,3L,71,HP,NA,NA
B14,IO_L18P_T2U_N10_AD2P_71,2U,71,HP,NA,NA
A14,IO_L18N_T2U_N11_AD2N_71,2U,71,HP,NA,NA
F17,IO_L17P_T2U_N8_AD10P_71,2U,71,HP,NA,NA
E17,IO_L17N_T2U_N9_AD10N_71,2U,71,HP,NA,NA
D15,IO_L16P_T2U_N6_QBC_AD3P_71,2U,71,HP,NA,NA
C14,IO_L16N_T2U_N7_QBC_AD3N_71,2U,71,HP,NA,NA
B15,IO_L15P_T2L_N4_AD11P_71,2L,71,HP,NA,NA
A15,IO_L15N_T2L_N5_AD11N_71,2L,71,HP,NA,NA
F15,IO_L14P_T2L_N2_GC_71,2L,71,HP,NA,NA
F14,IO_L14N_T2L_N3_GC_71,2L,71,HP,NA,NA
D14,IO_T2U_N12_71,2U,71,HP,NA,NA
E16,IO_L13P_T2L_N0_GC_QBC_71,2L,71,HP,NA,NA
E15,IO_L13N_T2L_N1_GC_QBC_71,2L,71,HP,NA,NA
H14,IO_L12P_T1U_N10_GC_71,1U,71,HP,NA,NA
G14,IO_L12N_T1U_N11_GC_71,1U,71,HP,NA,NA
J13,IO_T1U_N12_71,1U,71,HP,NA,NA
G16,IO_L11P_T1U_N8_GC_71,1U,71,HP,NA,NA
G15,IO_L11N_T1U_N9_GC_71,1U,71,HP,NA,NA
J15,IO_L10P_T1U_N6_QBC_AD4P_71,1U,71,HP,NA,NA
J14,IO_L10N_T1U_N7_QBC_AD4N_71,1U,71,HP,NA,NA
H17,IO_L9P_T1L_N4_AD12P_71,1L,71,HP,NA,NA
G17,IO_L9N_T1L_N5_AD12N_71,1L,71,HP,NA,NA
K13,IO_L8P_T1L_N2_AD5P_71,1L,71,HP,NA,NA
K12,IO_L8N_T1L_N3_AD5N_71,1L,71,HP,NA,NA
J16,IO_L7P_T1L_N0_QBC_AD13P_71,1L,71,HP,NA,NA
H16,IO_L7N_T1L_N1_QBC_AD13N_71,1L,71,HP,NA,NA
L17,IO_L6P_T0U_N10_AD6P_71,0U,71,HP,NA,NA
K17,IO_L6N_T0U_N11_AD6N_71,0U,71,HP,NA,NA
K16,IO_L5P_T0U_N8_AD14P_71,0U,71,HP,NA,NA
K15,IO_L5N_T0U_N9_AD14N_71,0U,71,HP,NA,NA
L15,IO_L4P_T0U_N6_DBC_AD7P_71,0U,71,HP,NA,NA
L14,IO_L4N_T0U_N7_DBC_AD7N_71,0U,71,HP,NA,NA
M14,IO_L3P_T0L_N4_AD15P_71,0L,71,HP,NA,NA
L13,IO_L3N_T0L_N5_AD15N_71,0L,71,HP,NA,NA
M16,IO_L2P_T0L_N2_71,0L,71,HP,NA,NA
M15,IO_L2N_T0L_N3_71,0L,71,HP,NA,NA
N12,IO_T0U_N12_VRP_71,0U,71,HP,NA,NA
M12,IO_L1P_T0L_N0_DBC_71,0L,71,HP,NA,NA
L12,IO_L1N_T0L_N1_DBC_71,0L,71,HP,NA,NA
M17,VREF_71,NA,71,HP,NA,NA
AF15,IO_L24P_T3U_N10_84,3U,84,HR,NA,NA
AG15,IO_L24N_T3U_N11_84,3U,84,HR,NA,NA
AE15,IO_T3U_N12_84,3U,84,HR,NA,NA
AD14,IO_L23P_T3U_N8_84,3U,84,HR,NA,NA
AD13,IO_L23N_T3U_N9_84,3U,84,HR,NA,NA
AF14,IO_L22P_T3U_N6_DBC_AD0P_84,3U,84,HR,NA,NA
AG14,IO_L22N_T3U_N7_DBC_AD0N_84,3U,84,HR,NA,NA
AE13,IO_L21P_T3L_N4_AD8P_84,3L,84,HR,NA,NA
AE12,IO_L21N_T3L_N5_AD8N_84,3L,84,HR,NA,NA
AG12,IO_L20P_T3L_N2_AD1P_84,3L,84,HR,NA,NA
AH12,IO_L20N_T3L_N3_AD1N_84,3L,84,HR,NA,NA
AF13,IO_L19P_T3L_N0_DBC_AD9P_84,3L,84,HR,NA,NA
AF12,IO_L19N_T3L_N1_DBC_AD9N_84,3L,84,HR,NA,NA
AH14,IO_L18P_T2U_N10_AD2P_84,2U,84,HR,NA,NA
AH13,IO_L18N_T2U_N11_AD2N_84,2U,84,HR,NA,NA
AJ15,IO_L17P_T2U_N8_AD10P_84,2U,84,HR,NA,NA
AJ14,IO_L17N_T2U_N9_AD10N_84,2U,84,HR,NA,NA
AJ13,IO_L16P_T2U_N6_QBC_AD3P_84,2U,84,HR,NA,NA
AK12,IO_L16N_T2U_N7_QBC_AD3N_84,2U,84,HR,NA,NA
AK16,IO_L15P_T2L_N4_AD11P_84,2L,84,HR,NA,NA
AK15,IO_L15N_T2L_N5_AD11N_84,2L,84,HR,NA,NA
AK13,IO_L14P_T2L_N2_GC_84,2L,84,HR,NA,NA
AL13,IO_L14N_T2L_N3_GC_84,2L,84,HR,NA,NA
AL12,IO_T2U_N12_84,2U,84,HR,NA,NA
AL15,IO_L13P_T2L_N0_GC_QBC_84,2L,84,HR,NA,NA
AL14,IO_L13N_T2L_N1_GC_QBC_84,2L,84,HR,NA,NA
AD15,VREF_84,NA,84,HR,NA,NA
AM14,IO_L12P_T1U_N10_GC_94,1U,94,HR,NA,NA
AN14,IO_L12N_T1U_N11_GC_94,1U,94,HR,NA,NA
AP14,IO_T1U_N12_94,1U,94,HR,NA,NA
AM16,IO_L11P_T1U_N8_GC_94,1U,94,HR,NA,NA
AN16,IO_L11N_T1U_N9_GC_94,1U,94,HR,NA,NA
AT15,IO_L10P_T1U_N6_QBC_AD4P_94,1U,94,HR,NA,NA
AT14,IO_L10N_T1U_N7_QBC_AD4N_94,1U,94,HR,NA,NA
AN17,IO_L9P_T1L_N4_AD12P_94,1L,94,HR,NA,NA
AP16,IO_L9N_T1L_N5_AD12N_94,1L,94,HR,NA,NA
AP15,IO_L8P_T1L_N2_AD5P_94,1L,94,HR,NA,NA
AR15,IO_L8N_T1L_N3_AD5N_94,1L,94,HR,NA,NA
AR17,IO_L7P_T1L_N0_QBC_AD13P_94,1L,94,HR,NA,NA
AR16,IO_L7N_T1L_N1_QBC_AD13N_94,1L,94,HR,NA,NA
AU15,IO_L6P_T0U_N10_AD6P_94,0U,94,HR,NA,NA
AU14,IO_L6N_T0U_N11_AD6N_94,0U,94,HR,NA,NA
AU16,IO_L5P_T0U_N8_AD14P_94,0U,94,HR,NA,NA
AV16,IO_L5N_T0U_N9_AD14N_94,0U,94,HR,NA,NA
AV14,IO_L4P_T0U_N6_DBC_AD7P_94,0U,94,HR,NA,NA
AW14,IO_L4N_T0U_N7_DBC_AD7N_94,0U,94,HR,NA,NA
AU17,IO_L3P_T0L_N4_AD15P_94,0L,94,HR,NA,NA
AV17,IO_L3N_T0L_N5_AD15N_94,0L,94,HR,NA,NA
AW16,IO_L2P_T0L_N2_94,0L,94,HR,NA,NA
AW15,IO_L2N_T0L_N3_94,0L,94,HR,NA,NA
AT17,IO_T0U_N12_94,0U,94,HR,NA,NA
AV18,IO_L1P_T0L_N0_DBC_94,0L,94,HR,NA,NA
AW18,IO_L1N_T0L_N1_DBC_94,0L,94,HR,NA,NA
AM15,VREF_94,NA,94,HR,NA,NA
AP30,MGTYTXN3_124,NA,124,GTY,NA,KU100,KU115
AP29,MGTYTXP3_124,NA,124,GTY,NA,KU100,KU115
AN26,MGTYRXP3_124,NA,124,GTY,NA,KU100,KU115
AN27,MGTYRXN3_124,NA,124,GTY,NA,KU100,KU115
AM34,MGTREFCLK1N_124,NA,124,GTY,NA,KU100,KU115
AM33,MGTREFCLK1P_124,NA,124,GTY,NA,KU100,KU115
AR32,MGTYTXN2_124,NA,124,GTY,NA,KU100,KU115
AR31,MGTYTXP2_124,NA,124,GTY,NA,KU100,KU115
AR26,MGTYRXP2_124,NA,124,GTY,NA,KU100,KU115
AR27,MGTYRXN2_124,NA,124,GTY,NA,KU100,KU115
AT30,MGTYTXN1_124,NA,124,GTY,NA,KU100,KU115
AT29,MGTYTXP1_124,NA,124,GTY,NA,KU100,KU115
AU26,MGTYRXP1_124,NA,124,GTY,NA,KU100,KU115
AU27,MGTYRXN1_124,NA,124,GTY,NA,KU100,KU115
AP34,MGTREFCLK0N_124,NA,124,GTY,NA,KU100,KU115
AP33,MGTREFCLK0P_124,NA,124,GTY,NA,KU100,KU115
AV30,MGTYTXN0_124,NA,124,GTY,NA,KU100,KU115
AV29,MGTYTXP0_124,NA,124,GTY,NA,KU100,KU115
AW26,MGTYRXP0_124,NA,124,GTY,NA,KU100,KU115
AW27,MGTYRXN0_124,NA,124,GTY,NA,KU100,KU115
AT34,MGTYTXN3_125,NA,125,GTY,NA,NA
AT33,MGTYTXP3_125,NA,125,GTY,NA,NA
AT38,MGTYRXP3_125,NA,125,GTY,NA,NA
AT39,MGTYRXN3_125,NA,125,GTY,NA,NA
AH34,MGTREFCLK1N_125,NA,125,GTY,NA,NA
AH33,MGTREFCLK1P_125,NA,125,GTY,NA,NA
AU32,MGTYTXN2_125,NA,125,GTY,NA,NA
AU31,MGTYTXP2_125,NA,125,GTY,NA,NA
AU36,MGTYRXP2_125,NA,125,GTY,NA,NA
AU37,MGTYRXN2_125,NA,125,GTY,NA,NA
AV34,MGTYTXN1_125,NA,125,GTY,NA,NA
AV33,MGTYTXP1_125,NA,125,GTY,NA,NA
AV38,MGTYRXP1_125,NA,125,GTY,NA,NA
AV39,MGTYRXN1_125,NA,125,GTY,NA,NA
AK34,MGTREFCLK0N_125,NA,125,GTY,NA,NA
AK33,MGTREFCLK0P_125,NA,125,GTY,NA,NA
AW32,MGTYTXN0_125,NA,125,GTY,NA,NA
AW31,MGTYTXP0_125,NA,125,GTY,NA,NA
AW36,MGTYRXP0_125,NA,125,GTY,NA,NA
AW37,MGTYRXN0_125,NA,125,GTY,NA,NA
AJ36,MGTYTXN3_126,NA,126,GTY,NA,NA
AJ35,MGTYTXP3_126,NA,126,GTY,NA,NA
AH38,MGTYRXP3_126,NA,126,GTY,NA,NA
AH39,MGTYRXN3_126,NA,126,GTY,NA,NA
AD34,MGTREFCLK1N_126,NA,126,GTY,NA,NA
AD33,MGTREFCLK1P_126,NA,126,GTY,NA,NA
AL36,MGTYTXN2_126,NA,126,GTY,NA,NA
AL35,MGTYTXP2_126,NA,126,GTY,NA,NA
AK38,MGTYRXP2_126,NA,126,GTY,NA,NA
AK39,MGTYRXN2_126,NA,126,GTY,NA,NA
AN36,MGTYTXN1_126,NA,126,GTY,NA,NA
AN35,MGTYTXP1_126,NA,126,GTY,NA,NA
AM38,MGTYRXP1_126,NA,126,GTY,NA,NA
AM39,MGTYRXN1_126,NA,126,GTY,NA,NA
AF34,MGTREFCLK0N_126,NA,126,GTY,NA,NA
AF33,MGTREFCLK0P_126,NA,126,GTY,NA,NA
AR36,MGTYTXN0_126,NA,126,GTY,NA,NA
AR35,MGTYTXP0_126,NA,126,GTY,NA,NA
AP38,MGTYRXP0_126,NA,126,GTY,NA,NA
AP39,MGTYRXN0_126,NA,126,GTY,NA,NA
AA36,MGTYTXN3_127,NA,127,GTY,NA,NA
AA35,MGTYTXP3_127,NA,127,GTY,NA,NA
Y38,MGTYRXP3_127,NA,127,GTY,NA,NA
Y39,MGTYRXN3_127,NA,127,GTY,NA,NA
AA32,MGTREFCLK1N_127,NA,127,GTY,NA,NA
AA31,MGTREFCLK1P_127,NA,127,GTY,NA,NA
AC36,MGTYTXN2_127,NA,127,GTY,NA,NA
AC35,MGTYTXP2_127,NA,127,GTY,NA,NA
AB38,MGTYRXP2_127,NA,127,GTY,NA,NA
AB39,MGTYRXN2_127,NA,127,GTY,NA,NA
AE36,MGTYTXN1_127,NA,127,GTY,NA,NA
AE35,MGTYTXP1_127,NA,127,GTY,NA,NA
AD38,MGTYRXP1_127,NA,127,GTY,NA,NA
AD39,MGTYRXN1_127,NA,127,GTY,NA,NA
AB34,MGTREFCLK0N_127,NA,127,GTY,NA,NA
AB33,MGTREFCLK0P_127,NA,127,GTY,NA,NA
AG36,MGTYTXN0_127,NA,127,GTY,NA,NA
AG35,MGTYTXP0_127,NA,127,GTY,NA,NA
AF38,MGTYRXP0_127,NA,127,GTY,NA,NA
AF39,MGTYRXN0_127,NA,127,GTY,NA,NA
N36,MGTYTXN3_128,NA,128,GTY,NA,KU100,KU115
N35,MGTYTXP3_128,NA,128,GTY,NA,KU100,KU115
P38,MGTYRXP3_128,NA,128,GTY,NA,KU100,KU115
P39,MGTYRXN3_128,NA,128,GTY,NA,KU100,KU115
W32,MGTREFCLK1N_128,NA,128,GTY,NA,KU100,KU115
W31,MGTREFCLK1P_128,NA,128,GTY,NA,KU100,KU115
R36,MGTYTXN2_128,NA,128,GTY,NA,KU100,KU115
R35,MGTYTXP2_128,NA,128,GTY,NA,KU100,KU115
T38,MGTYRXP2_128,NA,128,GTY,NA,KU100,KU115
T39,MGTYRXN2_128,NA,128,GTY,NA,KU100,KU115
U36,MGTYTXN1_128,NA,128,GTY,NA,KU100,KU115
U35,MGTYTXP1_128,NA,128,GTY,NA,KU100,KU115
V38,MGTYRXP1_128,NA,128,GTY,NA,KU100,KU115
V39,MGTYRXN1_128,NA,128,GTY,NA,KU100,KU115
Y34,MGTREFCLK0N_128,NA,128,GTY,NA,KU100,KU115
Y33,MGTREFCLK0P_128,NA,128,GTY,NA,KU100,KU115
V34,MGTYTXN0_128,NA,128,GTY,NA,KU100,KU115
V33,MGTYTXP0_128,NA,128,GTY,NA,KU100,KU115
W36,MGTYRXP0_128,NA,128,GTY,NA,KU100,KU115
W37,MGTYRXN0_128,NA,128,GTY,NA,KU100,KU115
E36,MGTYTXN3_129,NA,129,GTY,NA,NA
E35,MGTYTXP3_129,NA,129,GTY,NA,NA
F38,MGTYRXP3_129,NA,129,GTY,NA,NA
F39,MGTYRXN3_129,NA,129,GTY,NA,NA
P34,MGTREFCLK1N_129,NA,129,GTY,NA,NA
P33,MGTREFCLK1P_129,NA,129,GTY,NA,NA
G36,MGTYTXN2_129,NA,129,GTY,NA,NA
G35,MGTYTXP2_129,NA,129,GTY,NA,NA
H38,MGTYRXP2_129,NA,129,GTY,NA,NA
H39,MGTYRXN2_129,NA,129,GTY,NA,NA
Y31,MGTAVTTRCAL_LN,NA,NA,NA,NA,NA
Y32,MGTRREF_LN,NA,NA,NA,NA,NA
J36,MGTYTXN1_129,NA,129,GTY,NA,NA
J35,MGTYTXP1_129,NA,129,GTY,NA,NA
K38,MGTYRXP1_129,NA,129,GTY,NA,NA
K39,MGTYRXN1_129,NA,129,GTY,NA,NA
T34,MGTREFCLK0N_129,NA,129,GTY,NA,NA
T33,MGTREFCLK0P_129,NA,129,GTY,NA,NA
L36,MGTYTXN0_129,NA,129,GTY,NA,NA
L35,MGTYTXP0_129,NA,129,GTY,NA,NA
M38,MGTYRXP0_129,NA,129,GTY,NA,NA
M39,MGTYRXN0_129,NA,129,GTY,NA,NA
A32,MGTYTXN3_130,NA,130,GTY,NA,NA
A31,MGTYTXP3_130,NA,130,GTY,NA,NA
A36,MGTYRXP3_130,NA,130,GTY,NA,NA
A37,MGTYRXN3_130,NA,130,GTY,NA,NA
K34,MGTREFCLK1N_130,NA,130,GTY,NA,NA
K33,MGTREFCLK1P_130,NA,130,GTY,NA,NA
B34,MGTYTXN2_130,NA,130,GTY,NA,NA
B33,MGTYTXP2_130,NA,130,GTY,NA,NA
B38,MGTYRXP2_130,NA,130,GTY,NA,NA
B39,MGTYRXN2_130,NA,130,GTY,NA,NA
C32,MGTYTXN1_130,NA,130,GTY,NA,NA
C31,MGTYTXP1_130,NA,130,GTY,NA,NA
C36,MGTYRXP1_130,NA,130,GTY,NA,NA
C37,MGTYRXN1_130,NA,130,GTY,NA,NA
M34,MGTREFCLK0N_130,NA,130,GTY,NA,NA
M33,MGTREFCLK0P_130,NA,130,GTY,NA,NA
D34,MGTYTXN0_130,NA,130,GTY,NA,NA
D33,MGTYTXP0_130,NA,130,GTY,NA,NA
D38,MGTYRXP0_130,NA,130,GTY,NA,NA
D39,MGTYRXN0_130,NA,130,GTY,NA,NA
B30,MGTYTXN3_131,NA,131,GTY,NA,NA
B29,MGTYTXP3_131,NA,131,GTY,NA,NA
A26,MGTYRXP3_131,NA,131,GTY,NA,NA
A27,MGTYRXN3_131,NA,131,GTY,NA,NA
F34,MGTREFCLK1N_131,NA,131,GTY,NA,NA
F33,MGTREFCLK1P_131,NA,131,GTY,NA,NA
D30,MGTYTXN2_131,NA,131,GTY,NA,NA
D29,MGTYTXP2_131,NA,131,GTY,NA,NA
C26,MGTYRXP2_131,NA,131,GTY,NA,NA
C27,MGTYRXN2_131,NA,131,GTY,NA,NA
E32,MGTYTXN1_131,NA,131,GTY,NA,NA
E31,MGTYTXP1_131,NA,131,GTY,NA,NA
E26,MGTYRXP1_131,NA,131,GTY,NA,NA
E27,MGTYRXN1_131,NA,131,GTY,NA,NA
H34,MGTREFCLK0N_131,NA,131,GTY,NA,NA
H33,MGTREFCLK0P_131,NA,131,GTY,NA,NA
F30,MGTYTXN0_131,NA,131,GTY,NA,NA
F29,MGTYTXP0_131,NA,131,GTY,NA,NA
G26,MGTYRXP0_131,NA,131,GTY,NA,NA
G27,MGTYRXN0_131,NA,131,GTY,NA,NA
AM10,MGTHTXP3_224,NA,224,GTH,NA,NA
AN8,MGTHRXP3_224,NA,224,GTH,NA,NA
AN7,MGTHRXN3_224,NA,224,GTH,NA,NA
AM9,MGTHTXN3_224,NA,224,GTH,NA,NA
AK10,MGTREFCLK1P_224,NA,224,GTH,NA,NA
AK9,MGTREFCLK1N_224,NA,224,GTH,NA,NA
AN12,MGTHTXP2_224,NA,224,GTH,NA,NA
AP10,MGTHRXP2_224,NA,224,GTH,NA,NA
AP9,MGTHRXN2_224,NA,224,GTH,NA,NA
AN11,MGTHTXN2_224,NA,224,GTH,NA,NA
AR12,MGTHTXP1_224,NA,224,GTH,NA,NA
AT10,MGTHRXP1_224,NA,224,GTH,NA,NA
AT9,MGTHRXN1_224,NA,224,GTH,NA,NA
AR11,MGTHTXN1_224,NA,224,GTH,NA,NA
AL8,MGTREFCLK0P_224,NA,224,GTH,NA,NA
AL7,MGTREFCLK0N_224,NA,224,GTH,NA,NA
AU12,MGTHTXP0_224,NA,224,GTH,NA,NA
AV10,MGTHRXP0_224,NA,224,GTH,NA,NA
AV9,MGTHRXN0_224,NA,224,GTH,NA,NA
AU11,MGTHTXN0_224,NA,224,GTH,NA,NA
AT6,MGTHTXP3_225,NA,225,GTH,NA,NA
AT2,MGTHRXP3_225,NA,225,GTH,NA,NA
AT1,MGTHRXN3_225,NA,225,GTH,NA,NA
AT5,MGTHTXN3_225,NA,225,GTH,NA,NA
AH10,MGTREFCLK1P_225,NA,225,GTH,NA,NA
AH9,MGTREFCLK1N_225,NA,225,GTH,NA,NA
AU8,MGTHTXP2_225,NA,225,GTH,NA,NA
AU4,MGTHRXP2_225,NA,225,GTH,NA,NA
AU3,MGTHRXN2_225,NA,225,GTH,NA,NA
AU7,MGTHTXN2_225,NA,225,GTH,NA,NA
AW11,MGTRREF_RS,NA,NA,NA,NA,NA
AW12,MGTAVTTRCAL_RS,NA,NA,NA,NA,NA
AV6,MGTHTXP1_225,NA,225,GTH,NA,NA
AV2,MGTHRXP1_225,NA,225,GTH,NA,NA
AV1,MGTHRXN1_225,NA,225,GTH,NA,NA
AV5,MGTHTXN1_225,NA,225,GTH,NA,NA
AJ8,MGTREFCLK0P_225,NA,225,GTH,NA,NA
AJ7,MGTREFCLK0N_225,NA,225,GTH,NA,NA
AW8,MGTHTXP0_225,NA,225,GTH,NA,NA
AW4,MGTHRXP0_225,NA,225,GTH,NA,NA
AW3,MGTHRXN0_225,NA,225,GTH,NA,NA
AW7,MGTHTXN0_225,NA,225,GTH,NA,NA
AL4,MGTHTXP3_226,NA,226,GTH,NA,NA
AM2,MGTHRXP3_226,NA,226,GTH,NA,NA
AM1,MGTHRXN3_226,NA,226,GTH,NA,NA
AL3,MGTHTXN3_226,NA,226,GTH,NA,NA
AF10,MGTREFCLK1P_226,NA,226,GTH,NA,NA
AF9,MGTREFCLK1N_226,NA,226,GTH,NA,NA
AM6,MGTHTXP2_226,NA,226,GTH,NA,NA
AN4,MGTHRXP2_226,NA,226,GTH,NA,NA
AN3,MGTHRXN2_226,NA,226,GTH,NA,NA
AM5,MGTHTXN2_226,NA,226,GTH,NA,NA
AP6,MGTHTXP1_226,NA,226,GTH,NA,NA
AP2,MGTHRXP1_226,NA,226,GTH,NA,NA
AP1,MGTHRXN1_226,NA,226,GTH,NA,NA
AP5,MGTHTXN1_226,NA,226,GTH,NA,NA
AG8,MGTREFCLK0P_226,NA,226,GTH,NA,NA
AG7,MGTREFCLK0N_226,NA,226,GTH,NA,NA
AR8,MGTHTXP0_226,NA,226,GTH,NA,NA
AR4,MGTHRXP0_226,NA,226,GTH,NA,NA
AR3,MGTHRXN0_226,NA,226,GTH,NA,NA
AR7,MGTHTXN0_226,NA,226,GTH,NA,NA
AF6,MGTHTXP3_227,NA,227,GTH,NA,NA
AF2,MGTHRXP3_227,NA,227,GTH,NA,NA
AF1,MGTHRXN3_227,NA,227,GTH,NA,NA
AF5,MGTHTXN3_227,NA,227,GTH,NA,NA
AD10,MGTREFCLK1P_227,NA,227,GTH,NA,NA
AD9,MGTREFCLK1N_227,NA,227,GTH,NA,NA
AH6,MGTHTXP2_227,NA,227,GTH,NA,NA
AG4,MGTHRXP2_227,NA,227,GTH,NA,NA
AG3,MGTHRXN2_227,NA,227,GTH,NA,NA
AH5,MGTHTXN2_227,NA,227,GTH,NA,NA
AJ4,MGTHTXP1_227,NA,227,GTH,NA,NA
AH2,MGTHRXP1_227,NA,227,GTH,NA,NA
AH1,MGTHRXN1_227,NA,227,GTH,NA,NA
AJ3,MGTHTXN1_227,NA,227,GTH,NA,NA
AE8,MGTREFCLK0P_227,NA,227,GTH,NA,NA
AE7,MGTREFCLK0N_227,NA,227,GTH,NA,NA
AK6,MGTHTXP0_227,NA,227,GTH,NA,NA
AK2,MGTHRXP0_227,NA,227,GTH,NA,NA
AK1,MGTHRXN0_227,NA,227,GTH,NA,NA
AK5,MGTHTXN0_227,NA,227,GTH,NA,NA
AA4,MGTHTXP3_228,NA,228,GTH,NA,NA
Y2,MGTHRXP3_228,NA,228,GTH,NA,NA
Y1,MGTHRXN3_228,NA,228,GTH,NA,NA
AA3,MGTHTXN3_228,NA,228,GTH,NA,NA
AA8,MGTREFCLK1P_228,NA,228,GTH,NA,NA
AA7,MGTREFCLK1N_228,NA,228,GTH,NA,NA
AB6,MGTHTXP2_228,NA,228,GTH,NA,NA
AB2,MGTHRXP2_228,NA,228,GTH,NA,NA
AB1,MGTHRXN2_228,NA,228,GTH,NA,NA
AB5,MGTHTXN2_228,NA,228,GTH,NA,NA
AD6,MGTHTXP1_228,NA,228,GTH,NA,NA
AC4,MGTHRXP1_228,NA,228,GTH,NA,NA
AC3,MGTHRXN1_228,NA,228,GTH,NA,NA
AD5,MGTHTXN1_228,NA,228,GTH,NA,NA
AC8,MGTREFCLK0P_228,NA,228,GTH,NA,NA
AC7,MGTREFCLK0N_228,NA,228,GTH,NA,NA
AE4,MGTHTXP0_228,NA,228,GTH,NA,NA
AD2,MGTHRXP0_228,NA,228,GTH,NA,NA
AD1,MGTHRXN0_228,NA,228,GTH,NA,NA
AE3,MGTHTXN0_228,NA,228,GTH,NA,NA
T6,MGTHTXP3_229,NA,229,GTH,NA,NA
R4,MGTHRXP3_229,NA,229,GTH,NA,NA
R3,MGTHRXN3_229,NA,229,GTH,NA,NA
T5,MGTHTXN3_229,NA,229,GTH,NA,NA
U8,MGTREFCLK1P_229,NA,229,GTH,NA,NA
U7,MGTREFCLK1N_229,NA,229,GTH,NA,NA
U4,MGTHTXP2_229,NA,229,GTH,NA,NA
T2,MGTHRXP2_229,NA,229,GTH,NA,NA
T1,MGTHRXN2_229,NA,229,GTH,NA,NA
U3,MGTHTXN2_229,NA,229,GTH,NA,NA
V6,MGTHTXP1_229,NA,229,GTH,NA,NA
V2,MGTHRXP1_229,NA,229,GTH,NA,NA
V1,MGTHRXN1_229,NA,229,GTH,NA,NA
V5,MGTHTXN1_229,NA,229,GTH,NA,NA
W8,MGTREFCLK0P_229,NA,229,GTH,NA,NA
W7,MGTREFCLK0N_229,NA,229,GTH,NA,NA
Y6,MGTHTXP0_229,NA,229,GTH,NA,NA
W4,MGTHRXP0_229,NA,229,GTH,NA,NA
W3,MGTHRXN0_229,NA,229,GTH,NA,NA
Y5,MGTHTXN0_229,NA,229,GTH,NA,NA
K6,MGTHTXP3_230,NA,230,GTH,NA,NA
K2,MGTHRXP3_230,NA,230,GTH,NA,NA
K1,MGTHRXN3_230,NA,230,GTH,NA,NA
K5,MGTHTXN3_230,NA,230,GTH,NA,NA
R8,MGTREFCLK1P_230,NA,230,GTH,NA,NA
R7,MGTREFCLK1N_230,NA,230,GTH,NA,NA
M6,MGTHTXP2_230,NA,230,GTH,NA,NA
L4,MGTHRXP2_230,NA,230,GTH,NA,NA
L3,MGTHRXN2_230,NA,230,GTH,NA,NA
M5,MGTHTXN2_230,NA,230,GTH,NA,NA
N4,MGTHTXP1_230,NA,230,GTH,NA,NA
M2,MGTHRXP1_230,NA,230,GTH,NA,NA
M1,MGTHRXN1_230,NA,230,GTH,NA,NA
N3,MGTHTXN1_230,NA,230,GTH,NA,NA
T10,MGTREFCLK0P_230,NA,230,GTH,NA,NA
T9,MGTREFCLK0N_230,NA,230,GTH,NA,NA
P6,MGTHTXP0_230,NA,230,GTH,NA,NA
P2,MGTHRXP0_230,NA,230,GTH,NA,NA
P1,MGTHRXN0_230,NA,230,GTH,NA,NA
P5,MGTHTXN0_230,NA,230,GTH,NA,NA
E8,MGTHTXP3_231,NA,231,GTH,NA,NA
E4,MGTHRXP3_231,NA,231,GTH,NA,NA
E3,MGTHRXN3_231,NA,231,GTH,NA,NA
E7,MGTHTXN3_231,NA,231,GTH,NA,NA
N8,MGTREFCLK1P_231,NA,231,GTH,NA,NA
N7,MGTREFCLK1N_231,NA,231,GTH,NA,NA
F6,MGTHTXP2_231,NA,231,GTH,NA,NA
F2,MGTHRXP2_231,NA,231,GTH,NA,NA
F1,MGTHRXN2_231,NA,231,GTH,NA,NA
F5,MGTHTXN2_231,NA,231,GTH,NA,NA
H6,MGTHTXP1_231,NA,231,GTH,NA,NA
G4,MGTHRXP1_231,NA,231,GTH,NA,NA
G3,MGTHRXN1_231,NA,231,GTH,NA,NA
H5,MGTHTXN1_231,NA,231,GTH,NA,NA
P10,MGTREFCLK0P_231,NA,231,GTH,NA,NA
P9,MGTREFCLK0N_231,NA,231,GTH,NA,NA
J4,MGTHTXP0_231,NA,231,GTH,NA,NA
H2,MGTHRXP0_231,NA,231,GTH,NA,NA
H1,MGTHRXN0_231,NA,231,GTH,NA,NA
J3,MGTHTXN0_231,NA,231,GTH,NA,NA
B26,MGTAVCC_LN,NA,NA,NA,NA,NA
D27,MGTAVCC_LN,NA,NA,NA,NA,NA
F26,MGTAVCC_LN,NA,NA,NA,NA,NA
G34,MGTAVCC_LN,NA,NA,NA,NA,NA
J33,MGTAVCC_LN,NA,NA,NA,NA,NA
L34,MGTAVCC_LN,NA,NA,NA,NA,NA
N33,MGTAVCC_LN,NA,NA,NA,NA,NA
R34,MGTAVCC_LN,NA,NA,NA,NA,NA
AE34,MGTAVCC_LS,NA,NA,NA,NA,NA
AG33,MGTAVCC_LS,NA,NA,NA,NA,NA
AJ34,MGTAVCC_LS,NA,NA,NA,NA,NA
AL33,MGTAVCC_LS,NA,NA,NA,NA,NA
AN34,MGTAVCC_LS,NA,NA,NA,NA,NA
AP26,MGTAVCC_LS,NA,NA,NA,NA,NA
AT27,MGTAVCC_LS,NA,NA,NA,NA,NA
AV26,MGTAVCC_LS,NA,NA,NA,NA,NA
A10,MGTAVCC_RN,NA,NA,NA,NA,NA
B8,MGTAVCC_RN,NA,NA,NA,NA,NA
B12,MGTAVCC_RN,NA,NA,NA,NA,NA
C10,MGTAVCC_RN,NA,NA,NA,NA,NA
D8,MGTAVCC_RN,NA,NA,NA,NA,NA
D12,MGTAVCC_RN,NA,NA,NA,NA,NA
E10,MGTAVCC_RN,NA,NA,NA,NA,NA
F8,MGTAVCC_RN,NA,NA,NA,NA,NA
F12,MGTAVCC_RN,NA,NA,NA,NA,NA
G10,MGTAVCC_RN,NA,NA,NA,NA,NA
H8,MGTAVCC_RN,NA,NA,NA,NA,NA
J10,MGTAVCC_RN,NA,NA,NA,NA,NA
K8,MGTAVCC_RN,NA,NA,NA,NA,NA
L6,MGTAVCC_RN,NA,NA,NA,NA,NA
L10,MGTAVCC_RN,NA,NA,NA,NA,NA
M8,MGTAVCC_RN,NA,NA,NA,NA,NA
N6,MGTAVCC_RN,NA,NA,NA,NA,NA
N10,MGTAVCC_RN,NA,NA,NA,NA,NA
P8,MGTAVCC_RN,NA,NA,NA,NA,NA
R6,MGTAVCC_RN,NA,NA,NA,NA,NA
U6,MGTAVCC_RN,NA,NA,NA,NA,NA
W6,MGTAVCC_RN,NA,NA,NA,NA,NA
AA6,MGTAVCC_RS,NA,NA,NA,NA,NA
AC6,MGTAVCC_RS,NA,NA,NA,NA,NA
AD8,MGTAVCC_RS,NA,NA,NA,NA,NA
AE6,MGTAVCC_RS,NA,NA,NA,NA,NA
AF8,MGTAVCC_RS,NA,NA,NA,NA,NA
AG6,MGTAVCC_RS,NA,NA,NA,NA,NA
AH8,MGTAVCC_RS,NA,NA,NA,NA,NA
AJ6,MGTAVCC_RS,NA,NA,NA,NA,NA
AJ10,MGTAVCC_RS,NA,NA,NA,NA,NA
AK8,MGTAVCC_RS,NA,NA,NA,NA,NA
AL10,MGTAVCC_RS,NA,NA,NA,NA,NA
AM8,MGTAVCC_RS,NA,NA,NA,NA,NA
AN10,MGTAVCC_RS,NA,NA,NA,NA,NA
AP8,MGTAVCC_RS,NA,NA,NA,NA,NA
AP12,MGTAVCC_RS,NA,NA,NA,NA,NA
AR10,MGTAVCC_RS,NA,NA,NA,NA,NA
AT8,MGTAVCC_RS,NA,NA,NA,NA,NA
AT12,MGTAVCC_RS,NA,NA,NA,NA,NA
AU10,MGTAVCC_RS,NA,NA,NA,NA,NA
AV8,MGTAVCC_RS,NA,NA,NA,NA,NA
AV12,MGTAVCC_RS,NA,NA,NA,NA,NA
AW10,MGTAVCC_RS,NA,NA,NA,NA,NA
A29,MGTAVTT_LN,NA,NA,NA,NA,NA
A33,MGTAVTT_LN,NA,NA,NA,NA,NA
B31,MGTAVTT_LN,NA,NA,NA,NA,NA
C30,MGTAVTT_LN,NA,NA,NA,NA,NA
C34,MGTAVTT_LN,NA,NA,NA,NA,NA
D32,MGTAVTT_LN,NA,NA,NA,NA,NA
E29,MGTAVTT_LN,NA,NA,NA,NA,NA
E33,MGTAVTT_LN,NA,NA,NA,NA,NA
F31,MGTAVTT_LN,NA,NA,NA,NA,NA
F35,MGTAVTT_LN,NA,NA,NA,NA,NA
H36,MGTAVTT_LN,NA,NA,NA,NA,NA
K35,MGTAVTT_LN,NA,NA,NA,NA,NA
M36,MGTAVTT_LN,NA,NA,NA,NA,NA
P35,MGTAVTT_LN,NA,NA,NA,NA,NA
T36,MGTAVTT_LN,NA,NA,NA,NA,NA
AB35,MGTAVTT_LS,NA,NA,NA,NA,NA
AD36,MGTAVTT_LS,NA,NA,NA,NA,NA
AF35,MGTAVTT_LS,NA,NA,NA,NA,NA
AH36,MGTAVTT_LS,NA,NA,NA,NA,NA
AK35,MGTAVTT_LS,NA,NA,NA,NA,NA
AM36,MGTAVTT_LS,NA,NA,NA,NA,NA
AP31,MGTAVTT_LS,NA,NA,NA,NA,NA
AP35,MGTAVTT_LS,NA,NA,NA,NA,NA
AR29,MGTAVTT_LS,NA,NA,NA,NA,NA
AR33,MGTAVTT_LS,NA,NA,NA,NA,NA
AT32,MGTAVTT_LS,NA,NA,NA,NA,NA
AU30,MGTAVTT_LS,NA,NA,NA,NA,NA
AU34,MGTAVTT_LS,NA,NA,NA,NA,NA
AV31,MGTAVTT_LS,NA,NA,NA,NA,NA
AW29,MGTAVTT_LS,NA,NA,NA,NA,NA
AW33,MGTAVTT_LS,NA,NA,NA,NA,NA
B4,MGTAVTT_RN,NA,NA,NA,NA,NA
C2,MGTAVTT_RN,NA,NA,NA,NA,NA
C6,MGTAVTT_RN,NA,NA,NA,NA,NA
D4,MGTAVTT_RN,NA,NA,NA,NA,NA
E2,MGTAVTT_RN,NA,NA,NA,NA,NA
E6,MGTAVTT_RN,NA,NA,NA,NA,NA
F4,MGTAVTT_RN,NA,NA,NA,NA,NA
G2,MGTAVTT_RN,NA,NA,NA,NA,NA
G6,MGTAVTT_RN,NA,NA,NA,NA,NA
H4,MGTAVTT_RN,NA,NA,NA,NA,NA
J2,MGTAVTT_RN,NA,NA,NA,NA,NA
J6,MGTAVTT_RN,NA,NA,NA,NA,NA
K4,MGTAVTT_RN,NA,NA,NA,NA,NA
L2,MGTAVTT_RN,NA,NA,NA,NA,NA
M4,MGTAVTT_RN,NA,NA,NA,NA,NA
N2,MGTAVTT_RN,NA,NA,NA,NA,NA
P4,MGTAVTT_RN,NA,NA,NA,NA,NA
R2,MGTAVTT_RN,NA,NA,NA,NA,NA
T4,MGTAVTT_RN,NA,NA,NA,NA,NA
U2,MGTAVTT_RN,NA,NA,NA,NA,NA
V4,MGTAVTT_RN,NA,NA,NA,NA,NA
W2,MGTAVTT_RN,NA,NA,NA,NA,NA
Y4,MGTAVTT_RS,NA,NA,NA,NA,NA
AA2,MGTAVTT_RS,NA,NA,NA,NA,NA
AB4,MGTAVTT_RS,NA,NA,NA,NA,NA
AC2,MGTAVTT_RS,NA,NA,NA,NA,NA
AD4,MGTAVTT_RS,NA,NA,NA,NA,NA
AE2,MGTAVTT_RS,NA,NA,NA,NA,NA
AF4,MGTAVTT_RS,NA,NA,NA,NA,NA
AG2,MGTAVTT_RS,NA,NA,NA,NA,NA
AH4,MGTAVTT_RS,NA,NA,NA,NA,NA
AJ2,MGTAVTT_RS,NA,NA,NA,NA,NA
AK4,MGTAVTT_RS,NA,NA,NA,NA,NA
AL2,MGTAVTT_RS,NA,NA,NA,NA,NA
AL6,MGTAVTT_RS,NA,NA,NA,NA,NA
AM4,MGTAVTT_RS,NA,NA,NA,NA,NA
AN2,MGTAVTT_RS,NA,NA,NA,NA,NA
AN6,MGTAVTT_RS,NA,NA,NA,NA,NA
AP4,MGTAVTT_RS,NA,NA,NA,NA,NA
AR2,MGTAVTT_RS,NA,NA,NA,NA,NA
AR6,MGTAVTT_RS,NA,NA,NA,NA,NA
AT4,MGTAVTT_RS,NA,NA,NA,NA,NA
AU2,MGTAVTT_RS,NA,NA,NA,NA,NA
AU6,MGTAVTT_RS,NA,NA,NA,NA,NA
AV4,MGTAVTT_RS,NA,NA,NA,NA,NA
U33,MGTVCCAUX_LN,NA,NA,NA,NA,NA
W33,MGTVCCAUX_LN,NA,NA,NA,NA,NA
AA33,MGTVCCAUX_LS,NA,NA,NA,NA,NA
AC33,MGTVCCAUX_LS,NA,NA,NA,NA,NA
T8,MGTVCCAUX_RN,NA,NA,NA,NA,NA
V8,MGTVCCAUX_RN,NA,NA,NA,NA,NA
Y8,MGTVCCAUX_RS,NA,NA,NA,NA,NA
AB8,MGTVCCAUX_RS,NA,NA,NA,NA,NA
A2,GND,NA,NA,NA,NA,NA
A5,GND,NA,NA,NA,NA,NA
A6,GND,NA,NA,NA,NA,NA
A9,GND,NA,NA,NA,NA,NA
A13,GND,NA,NA,NA,NA,NA
A21,GND,NA,NA,NA,NA,NA
A25,GND,NA,NA,NA,NA,NA
A28,GND,NA,NA,NA,NA,NA
A30,GND,NA,NA,NA,NA,NA
A34,GND,NA,NA,NA,NA,NA
A35,GND,NA,NA,NA,NA,NA
A38,GND,NA,NA,NA,NA,NA
B3,GND,NA,NA,NA,NA,NA
B7,GND,NA,NA,NA,NA,NA
B11,GND,NA,NA,NA,NA,NA
B13,GND,NA,NA,NA,NA,NA
B18,GND,NA,NA,NA,NA,NA
B25,GND,NA,NA,NA,NA,NA
B27,GND,NA,NA,NA,NA,NA
B28,GND,NA,NA,NA,NA,NA
B32,GND,NA,NA,NA,NA,NA
B35,GND,NA,NA,NA,NA,NA
B36,GND,NA,NA,NA,NA,NA
B37,GND,NA,NA,NA,NA,NA
C1,GND,NA,NA,NA,NA,NA
C5,GND,NA,NA,NA,NA,NA
C9,GND,NA,NA,NA,NA,NA
C13,GND,NA,NA,NA,NA,NA
C15,GND,NA,NA,NA,NA,NA
C25,GND,NA,NA,NA,NA,NA
C28,GND,NA,NA,NA,NA,NA
C29,GND,NA,NA,NA,NA,NA
C33,GND,NA,NA,NA,NA,NA
C35,GND,NA,NA,NA,NA,NA
C38,GND,NA,NA,NA,NA,NA
C39,GND,NA,NA,NA,NA,NA
D3,GND,NA,NA,NA,NA,NA
D7,GND,NA,NA,NA,NA,NA
D11,GND,NA,NA,NA,NA,NA
D13,GND,NA,NA,NA,NA,NA
D22,GND,NA,NA,NA,NA,NA
D25,GND,NA,NA,NA,NA,NA
D26,GND,NA,NA,NA,NA,NA
D28,GND,NA,NA,NA,NA,NA
D31,GND,NA,NA,NA,NA,NA
D35,GND,NA,NA,NA,NA,NA
D36,GND,NA,NA,NA,NA,NA
D37,GND,NA,NA,NA,NA,NA
E1,GND,NA,NA,NA,NA,NA
E5,GND,NA,NA,NA,NA,NA
E9,GND,NA,NA,NA,NA,NA
E13,GND,NA,NA,NA,NA,NA
E19,GND,NA,NA,NA,NA,NA
E25,GND,NA,NA,NA,NA,NA
E28,GND,NA,NA,NA,NA,NA
E30,GND,NA,NA,NA,NA,NA
E34,GND,NA,NA,NA,NA,NA
E37,GND,NA,NA,NA,NA,NA
E38,GND,NA,NA,NA,NA,NA
E39,GND,NA,NA,NA,NA,NA
F3,GND,NA,NA,NA,NA,NA
F7,GND,NA,NA,NA,NA,NA
F11,GND,NA,NA,NA,NA,NA
F13,GND,NA,NA,NA,NA,NA
F16,GND,NA,NA,NA,NA,NA
F25,GND,NA,NA,NA,NA,NA
F27,GND,NA,NA,NA,NA,NA
F28,GND,NA,NA,NA,NA,NA
F32,GND,NA,NA,NA,NA,NA
F36,GND,NA,NA,NA,NA,NA
F37,GND,NA,NA,NA,NA,NA
G1,GND,NA,NA,NA,NA,NA
G5,GND,NA,NA,NA,NA,NA
G9,GND,NA,NA,NA,NA,NA
G13,GND,NA,NA,NA,NA,NA
G23,GND,NA,NA,NA,NA,NA
G25,GND,NA,NA,NA,NA,NA
G28,GND,NA,NA,NA,NA,NA
G29,GND,NA,NA,NA,NA,NA
G30,GND,NA,NA,NA,NA,NA
G31,GND,NA,NA,NA,NA,NA
G32,GND,NA,NA,NA,NA,NA
G33,GND,NA,NA,NA,NA,NA
G37,GND,NA,NA,NA,NA,NA
G38,GND,NA,NA,NA,NA,NA
G39,GND,NA,NA,NA,NA,NA
H3,GND,NA,NA,NA,NA,NA
H7,GND,NA,NA,NA,NA,NA
H11,GND,NA,NA,NA,NA,NA
H12,GND,NA,NA,NA,NA,NA
H13,GND,NA,NA,NA,NA,NA
H20,GND,NA,NA,NA,NA,NA
H25,GND,NA,NA,NA,NA,NA
H26,GND,NA,NA,NA,NA,NA
H27,GND,NA,NA,NA,NA,NA
H28,GND,NA,NA,NA,NA,NA
H32,GND,NA,NA,NA,NA,NA
H35,GND,NA,NA,NA,NA,NA
H37,GND,NA,NA,NA,NA,NA
J1,GND,NA,NA,NA,NA,NA
J5,GND,NA,NA,NA,NA,NA
J9,GND,NA,NA,NA,NA,NA
J11,GND,NA,NA,NA,NA,NA
J17,GND,NA,NA,NA,NA,NA
J32,GND,NA,NA,NA,NA,NA
J34,GND,NA,NA,NA,NA,NA
J37,GND,NA,NA,NA,NA,NA
J38,GND,NA,NA,NA,NA,NA
J39,GND,NA,NA,NA,NA,NA
K3,GND,NA,NA,NA,NA,NA
K7,GND,NA,NA,NA,NA,NA
K11,GND,NA,NA,NA,NA,NA
K14,GND,NA,NA,NA,NA,NA
K24,GND,NA,NA,NA,NA,NA
K32,GND,NA,NA,NA,NA,NA
K36,GND,NA,NA,NA,NA,NA
K37,GND,NA,NA,NA,NA,NA
L1,GND,NA,NA,NA,NA,NA
L5,GND,NA,NA,NA,NA,NA
L9,GND,NA,NA,NA,NA,NA
L11,GND,NA,NA,NA,NA,NA
L21,GND,NA,NA,NA,NA,NA
L31,GND,NA,NA,NA,NA,NA
L32,GND,NA,NA,NA,NA,NA
L33,GND,NA,NA,NA,NA,NA
L37,GND,NA,NA,NA,NA,NA
L38,GND,NA,NA,NA,NA,NA
L39,GND,NA,NA,NA,NA,NA
M3,GND,NA,NA,NA,NA,NA
M7,GND,NA,NA,NA,NA,NA
M28,GND,NA,NA,NA,NA,NA
M32,GND,NA,NA,NA,NA,NA
M35,GND,NA,NA,NA,NA,NA
M37,GND,NA,NA,NA,NA,NA
N1,GND,NA,NA,NA,NA,NA
N5,GND,NA,NA,NA,NA,NA
N9,GND,NA,NA,NA,NA,NA
N13,GND,NA,NA,NA,NA,NA
N15,GND,NA,NA,NA,NA,NA
N17,GND,NA,NA,NA,NA,NA
N19,GND,NA,NA,NA,NA,NA
N21,GND,NA,NA,NA,NA,NA
N23,GND,NA,NA,NA,NA,NA
N25,GND,NA,NA,NA,NA,NA
N32,GND,NA,NA,NA,NA,NA
N34,GND,NA,NA,NA,NA,NA
N37,GND,NA,NA,NA,NA,NA
N38,GND,NA,NA,NA,NA,NA
N39,GND,NA,NA,NA,NA,NA
P3,GND,NA,NA,NA,NA,NA
P7,GND,NA,NA,NA,NA,NA
P12,GND,NA,NA,NA,NA,NA
P14,GND,NA,NA,NA,NA,NA
P16,GND,NA,NA,NA,NA,NA
P18,GND,NA,NA,NA,NA,NA
P20,GND,NA,NA,NA,NA,NA
P22,GND,NA,NA,NA,NA,NA
P32,GND,NA,NA,NA,NA,NA
P36,GND,NA,NA,NA,NA,NA
P37,GND,NA,NA,NA,NA,NA
R1,GND,NA,NA,NA,NA,NA
R5,GND,NA,NA,NA,NA,NA
R9,GND,NA,NA,NA,NA,NA
R10,GND,NA,NA,NA,NA,NA
R13,GND,NA,NA,NA,NA,NA
R15,GND,NA,NA,NA,NA,NA
R17,GND,NA,NA,NA,NA,NA
R19,GND,NA,NA,NA,NA,NA
R21,GND,NA,NA,NA,NA,NA
R23,GND,NA,NA,NA,NA,NA
R29,GND,NA,NA,NA,NA,NA
R32,GND,NA,NA,NA,NA,NA
R33,GND,NA,NA,NA,NA,NA
R37,GND,NA,NA,NA,NA,NA
R38,GND,NA,NA,NA,NA,NA
R39,GND,NA,NA,NA,NA,NA
T3,GND,NA,NA,NA,NA,NA
T7,GND,NA,NA,NA,NA,NA
T12,GND,NA,NA,NA,NA,NA
T14,GND,NA,NA,NA,NA,NA
T16,GND,NA,NA,NA,NA,NA
T18,GND,NA,NA,NA,NA,NA
T20,GND,NA,NA,NA,NA,NA
T22,GND,NA,NA,NA,NA,NA
T24,GND,NA,NA,NA,NA,NA
T26,GND,NA,NA,NA,NA,NA
T28,GND,NA,NA,NA,NA,NA
T30,GND,NA,NA,NA,NA,NA
T32,GND,NA,NA,NA,NA,NA
T35,GND,NA,NA,NA,NA,NA
T37,GND,NA,NA,NA,NA,NA
U1,GND,NA,NA,NA,NA,NA
U5,GND,NA,NA,NA,NA,NA
U9,GND,NA,NA,NA,NA,NA
U10,GND,NA,NA,NA,NA,NA
U13,GND,NA,NA,NA,NA,NA
U15,GND,NA,NA,NA,NA,NA
U17,GND,NA,NA,NA,NA,NA
U19,GND,NA,NA,NA,NA,NA
U21,GND,NA,NA,NA,NA,NA
U23,GND,NA,NA,NA,NA,NA
U25,GND,NA,NA,NA,NA,NA
U27,GND,NA,NA,NA,NA,NA
U29,GND,NA,NA,NA,NA,NA
U31,GND,NA,NA,NA,NA,NA
U32,GND,NA,NA,NA,NA,NA
U34,GND,NA,NA,NA,NA,NA
U37,GND,NA,NA,NA,NA,NA
U38,GND,NA,NA,NA,NA,NA
U39,GND,NA,NA,NA,NA,NA
V3,GND,NA,NA,NA,NA,NA
V7,GND,NA,NA,NA,NA,NA
V14,GND,NA,NA,NA,NA,NA
V16,GND,NA,NA,NA,NA,NA
V18,GND,NA,NA,NA,NA,NA
V20,GND,NA,NA,NA,NA,NA
V22,GND,NA,NA,NA,NA,NA
V24,GND,NA,NA,NA,NA,NA
V26,GND,NA,NA,NA,NA,NA
V28,GND,NA,NA,NA,NA,NA
V30,GND,NA,NA,NA,NA,NA
V31,GND,NA,NA,NA,NA,NA
V32,GND,NA,NA,NA,NA,NA
V35,GND,NA,NA,NA,NA,NA
V36,GND,NA,NA,NA,NA,NA
V37,GND,NA,NA,NA,NA,NA
W1,GND,NA,NA,NA,NA,NA
W5,GND,NA,NA,NA,NA,NA
W11,GND,NA,NA,NA,NA,NA
W13,GND,NA,NA,NA,NA,NA
W17,GND,NA,NA,NA,NA,NA
W19,GND,NA,NA,NA,NA,NA
W21,GND,NA,NA,NA,NA,NA
W23,GND,NA,NA,NA,NA,NA
W25,GND,NA,NA,NA,NA,NA
W27,GND,NA,NA,NA,NA,NA
W29,GND,NA,NA,NA,NA,NA
W30,GND,NA,NA,NA,NA,NA
W34,GND,NA,NA,NA,NA,NA
W35,GND,NA,NA,NA,NA,NA
W38,GND,NA,NA,NA,NA,NA
W39,GND,NA,NA,NA,NA,NA
Y3,GND,NA,NA,NA,NA,NA
Y7,GND,NA,NA,NA,NA,NA
Y9,GND,NA,NA,NA,NA,NA
Y12,GND,NA,NA,NA,NA,NA
Y14,GND,NA,NA,NA,NA,NA
Y18,GND,NA,NA,NA,NA,NA
Y20,GND,NA,NA,NA,NA,NA
Y22,GND,NA,NA,NA,NA,NA
Y24,GND,NA,NA,NA,NA,NA
Y26,GND,NA,NA,NA,NA,NA
Y28,GND,NA,NA,NA,NA,NA
Y30,GND,NA,NA,NA,NA,NA
Y35,GND,NA,NA,NA,NA,NA
Y36,GND,NA,NA,NA,NA,NA
Y37,GND,NA,NA,NA,NA,NA
AA1,GND,NA,NA,NA,NA,NA
AA5,GND,NA,NA,NA,NA,NA
AA11,GND,NA,NA,NA,NA,NA
AA13,GND,NA,NA,NA,NA,NA
AA17,GND,NA,NA,NA,NA,NA
AA19,GND,NA,NA,NA,NA,NA
AA21,GND,NA,NA,NA,NA,NA
AA23,GND,NA,NA,NA,NA,NA
AA25,GND,NA,NA,NA,NA,NA
AA27,GND,NA,NA,NA,NA,NA
AA29,GND,NA,NA,NA,NA,NA
AA30,GND,NA,NA,NA,NA,NA
AA34,GND,NA,NA,NA,NA,NA
AA37,GND,NA,NA,NA,NA,NA
AA38,GND,NA,NA,NA,NA,NA
AA39,GND,NA,NA,NA,NA,NA
AB3,GND,NA,NA,NA,NA,NA
AB7,GND,NA,NA,NA,NA,NA
AB14,GND,NA,NA,NA,NA,NA
AB18,GND,NA,NA,NA,NA,NA
AB20,GND,NA,NA,NA,NA,NA
AB22,GND,NA,NA,NA,NA,NA
AB24,GND,NA,NA,NA,NA,NA
AB26,GND,NA,NA,NA,NA,NA
AB28,GND,NA,NA,NA,NA,NA
AB30,GND,NA,NA,NA,NA,NA
AB36,GND,NA,NA,NA,NA,NA
AB37,GND,NA,NA,NA,NA,NA
AC1,GND,NA,NA,NA,NA,NA
AC5,GND,NA,NA,NA,NA,NA
AC9,GND,NA,NA,NA,NA,NA
AC10,GND,NA,NA,NA,NA,NA
AC13,GND,NA,NA,NA,NA,NA
AC15,GND,NA,NA,NA,NA,NA
AC17,GND,NA,NA,NA,NA,NA
AC19,GND,NA,NA,NA,NA,NA
AC21,GND,NA,NA,NA,NA,NA
AC23,GND,NA,NA,NA,NA,NA
AC25,GND,NA,NA,NA,NA,NA
AC27,GND,NA,NA,NA,NA,NA
AC29,GND,NA,NA,NA,NA,NA
AC30,GND,NA,NA,NA,NA,NA
AC31,GND,NA,NA,NA,NA,NA
AC32,GND,NA,NA,NA,NA,NA
AC34,GND,NA,NA,NA,NA,NA
AC37,GND,NA,NA,NA,NA,NA
AC38,GND,NA,NA,NA,NA,NA
AC39,GND,NA,NA,NA,NA,NA
AD3,GND,NA,NA,NA,NA,NA
AD7,GND,NA,NA,NA,NA,NA
AD12,GND,NA,NA,NA,NA,NA
AD16,GND,NA,NA,NA,NA,NA
AD18,GND,NA,NA,NA,NA,NA
AD20,GND,NA,NA,NA,NA,NA
AD22,GND,NA,NA,NA,NA,NA
AD24,GND,NA,NA,NA,NA,NA
AD26,GND,NA,NA,NA,NA,NA
AD28,GND,NA,NA,NA,NA,NA
AD32,GND,NA,NA,NA,NA,NA
AD35,GND,NA,NA,NA,NA,NA
AD37,GND,NA,NA,NA,NA,NA
AE1,GND,NA,NA,NA,NA,NA
AE5,GND,NA,NA,NA,NA,NA
AE9,GND,NA,NA,NA,NA,NA
AE10,GND,NA,NA,NA,NA,NA
AE17,GND,NA,NA,NA,NA,NA
AE21,GND,NA,NA,NA,NA,NA
AE29,GND,NA,NA,NA,NA,NA
AE32,GND,NA,NA,NA,NA,NA
AE33,GND,NA,NA,NA,NA,NA
AE37,GND,NA,NA,NA,NA,NA
AE38,GND,NA,NA,NA,NA,NA
AE39,GND,NA,NA,NA,NA,NA
AF3,GND,NA,NA,NA,NA,NA
AF7,GND,NA,NA,NA,NA,NA
AF26,GND,NA,NA,NA,NA,NA
AF32,GND,NA,NA,NA,NA,NA
AF36,GND,NA,NA,NA,NA,NA
AF37,GND,NA,NA,NA,NA,NA
AG1,GND,NA,NA,NA,NA,NA
AG5,GND,NA,NA,NA,NA,NA
AG9,GND,NA,NA,NA,NA,NA
AG10,GND,NA,NA,NA,NA,NA
AG13,GND,NA,NA,NA,NA,NA
AG23,GND,NA,NA,NA,NA,NA
AG32,GND,NA,NA,NA,NA,NA
AG34,GND,NA,NA,NA,NA,NA
AG37,GND,NA,NA,NA,NA,NA
AG38,GND,NA,NA,NA,NA,NA
AG39,GND,NA,NA,NA,NA,NA
AH3,GND,NA,NA,NA,NA,NA
AH7,GND,NA,NA,NA,NA,NA
AH11,GND,NA,NA,NA,NA,NA
AH20,GND,NA,NA,NA,NA,NA
AH30,GND,NA,NA,NA,NA,NA
AH32,GND,NA,NA,NA,NA,NA
AH35,GND,NA,NA,NA,NA,NA
AH37,GND,NA,NA,NA,NA,NA
AJ1,GND,NA,NA,NA,NA,NA
AJ5,GND,NA,NA,NA,NA,NA
AJ9,GND,NA,NA,NA,NA,NA
AJ11,GND,NA,NA,NA,NA,NA
AJ17,GND,NA,NA,NA,NA,NA
AJ27,GND,NA,NA,NA,NA,NA
AJ32,GND,NA,NA,NA,NA,NA
AJ33,GND,NA,NA,NA,NA,NA
AJ37,GND,NA,NA,NA,NA,NA
AJ38,GND,NA,NA,NA,NA,NA
AJ39,GND,NA,NA,NA,NA,NA
AK3,GND,NA,NA,NA,NA,NA
AK7,GND,NA,NA,NA,NA,NA
AK11,GND,NA,NA,NA,NA,NA
AK14,GND,NA,NA,NA,NA,NA
AK24,GND,NA,NA,NA,NA,NA
AK32,GND,NA,NA,NA,NA,NA
AK36,GND,NA,NA,NA,NA,NA
AK37,GND,NA,NA,NA,NA,NA
AL1,GND,NA,NA,NA,NA,NA
AL5,GND,NA,NA,NA,NA,NA
AL9,GND,NA,NA,NA,NA,NA
AL11,GND,NA,NA,NA,NA,NA
AL21,GND,NA,NA,NA,NA,NA
AL31,GND,NA,NA,NA,NA,NA
AL32,GND,NA,NA,NA,NA,NA
AL34,GND,NA,NA,NA,NA,NA
AL37,GND,NA,NA,NA,NA,NA
AL38,GND,NA,NA,NA,NA,NA
AL39,GND,NA,NA,NA,NA,NA
AM3,GND,NA,NA,NA,NA,NA
AM7,GND,NA,NA,NA,NA,NA
AM11,GND,NA,NA,NA,NA,NA
AM12,GND,NA,NA,NA,NA,NA
AM13,GND,NA,NA,NA,NA,NA
AM18,GND,NA,NA,NA,NA,NA
AM25,GND,NA,NA,NA,NA,NA
AM26,GND,NA,NA,NA,NA,NA
AM27,GND,NA,NA,NA,NA,NA
AM28,GND,NA,NA,NA,NA,NA
AM32,GND,NA,NA,NA,NA,NA
AM35,GND,NA,NA,NA,NA,NA
AM37,GND,NA,NA,NA,NA,NA
AN1,GND,NA,NA,NA,NA,NA
AN5,GND,NA,NA,NA,NA,NA
AN9,GND,NA,NA,NA,NA,NA
AN13,GND,NA,NA,NA,NA,NA
AN15,GND,NA,NA,NA,NA,NA
AN25,GND,NA,NA,NA,NA,NA
AN28,GND,NA,NA,NA,NA,NA
AN29,GND,NA,NA,NA,NA,NA
AN30,GND,NA,NA,NA,NA,NA
AN31,GND,NA,NA,NA,NA,NA
AN32,GND,NA,NA,NA,NA,NA
AN33,GND,NA,NA,NA,NA,NA
AN37,GND,NA,NA,NA,NA,NA
AN38,GND,NA,NA,NA,NA,NA
AN39,GND,NA,NA,NA,NA,NA
AP3,GND,NA,NA,NA,NA,NA
AP7,GND,NA,NA,NA,NA,NA
AP11,GND,NA,NA,NA,NA,NA
AP13,GND,NA,NA,NA,NA,NA
AP22,GND,NA,NA,NA,NA,NA
AP25,GND,NA,NA,NA,NA,NA
AP27,GND,NA,NA,NA,NA,NA
AP28,GND,NA,NA,NA,NA,NA
AP32,GND,NA,NA,NA,NA,NA
AP36,GND,NA,NA,NA,NA,NA
AP37,GND,NA,NA,NA,NA,NA
AR1,GND,NA,NA,NA,NA,NA
AR5,GND,NA,NA,NA,NA,NA
AR9,GND,NA,NA,NA,NA,NA
AR13,GND,NA,NA,NA,NA,NA
AR19,GND,NA,NA,NA,NA,NA
AR25,GND,NA,NA,NA,NA,NA
AR28,GND,NA,NA,NA,NA,NA
AR30,GND,NA,NA,NA,NA,NA
AR34,GND,NA,NA,NA,NA,NA
AR37,GND,NA,NA,NA,NA,NA
AR38,GND,NA,NA,NA,NA,NA
AR39,GND,NA,NA,NA,NA,NA
AT3,GND,NA,NA,NA,NA,NA
AT7,GND,NA,NA,NA,NA,NA
AT11,GND,NA,NA,NA,NA,NA
AT13,GND,NA,NA,NA,NA,NA
AT16,GND,NA,NA,NA,NA,NA
AT25,GND,NA,NA,NA,NA,NA
AT26,GND,NA,NA,NA,NA,NA
AT28,GND,NA,NA,NA,NA,NA
AT31,GND,NA,NA,NA,NA,NA
AT35,GND,NA,NA,NA,NA,NA
AT36,GND,NA,NA,NA,NA,NA
AT37,GND,NA,NA,NA,NA,NA
AU1,GND,NA,NA,NA,NA,NA
AU5,GND,NA,NA,NA,NA,NA
AU9,GND,NA,NA,NA,NA,NA
AU13,GND,NA,NA,NA,NA,NA
AU23,GND,NA,NA,NA,NA,NA
AU25,GND,NA,NA,NA,NA,NA
AU28,GND,NA,NA,NA,NA,NA
AU29,GND,NA,NA,NA,NA,NA
AU33,GND,NA,NA,NA,NA,NA
AU35,GND,NA,NA,NA,NA,NA
AU38,GND,NA,NA,NA,NA,NA
AU39,GND,NA,NA,NA,NA,NA
AV3,GND,NA,NA,NA,NA,NA
AV7,GND,NA,NA,NA,NA,NA
AV11,GND,NA,NA,NA,NA,NA
AV13,GND,NA,NA,NA,NA,NA
AV20,GND,NA,NA,NA,NA,NA
AV25,GND,NA,NA,NA,NA,NA
AV27,GND,NA,NA,NA,NA,NA
AV28,GND,NA,NA,NA,NA,NA
AV32,GND,NA,NA,NA,NA,NA
AV35,GND,NA,NA,NA,NA,NA
AV36,GND,NA,NA,NA,NA,NA
AV37,GND,NA,NA,NA,NA,NA
AW2,GND,NA,NA,NA,NA,NA
AW5,GND,NA,NA,NA,NA,NA
AW6,GND,NA,NA,NA,NA,NA
AW9,GND,NA,NA,NA,NA,NA
AW13,GND,NA,NA,NA,NA,NA
AW17,GND,NA,NA,NA,NA,NA
AW25,GND,NA,NA,NA,NA,NA
AW28,GND,NA,NA,NA,NA,NA
AW30,GND,NA,NA,NA,NA,NA
AW34,GND,NA,NA,NA,NA,NA
AW35,GND,NA,NA,NA,NA,NA
AW38,GND,NA,NA,NA,NA,NA
N14,VCCINT,NA,NA,NA,NA,NA
N16,VCCINT,NA,NA,NA,NA,NA
N18,VCCINT,NA,NA,NA,NA,NA
N20,VCCINT,NA,NA,NA,NA,NA
N22,VCCINT,NA,NA,NA,NA,NA
P13,VCCINT,NA,NA,NA,NA,NA
P15,VCCINT,NA,NA,NA,NA,NA
P17,VCCINT,NA,NA,NA,NA,NA
P19,VCCINT,NA,NA,NA,NA,NA
P21,VCCINT,NA,NA,NA,NA,NA
P23,VCCINT,NA,NA,NA,NA,NA
R14,VCCINT,NA,NA,NA,NA,NA
R16,VCCINT,NA,NA,NA,NA,NA
R18,VCCINT,NA,NA,NA,NA,NA
R20,VCCINT,NA,NA,NA,NA,NA
R22,VCCINT,NA,NA,NA,NA,NA
T13,VCCINT,NA,NA,NA,NA,NA
T15,VCCINT,NA,NA,NA,NA,NA
T17,VCCINT,NA,NA,NA,NA,NA
T19,VCCINT,NA,NA,NA,NA,NA
T21,VCCINT,NA,NA,NA,NA,NA
T23,VCCINT,NA,NA,NA,NA,NA
U14,VCCINT,NA,NA,NA,NA,NA
U16,VCCINT,NA,NA,NA,NA,NA
U18,VCCINT,NA,NA,NA,NA,NA
U20,VCCINT,NA,NA,NA,NA,NA
U22,VCCINT,NA,NA,NA,NA,NA
U24,VCCINT,NA,NA,NA,NA,NA
V13,VCCINT,NA,NA,NA,NA,NA
V15,VCCINT,NA,NA,NA,NA,NA
V17,VCCINT,NA,NA,NA,NA,NA
V19,VCCINT,NA,NA,NA,NA,NA
V21,VCCINT,NA,NA,NA,NA,NA
V23,VCCINT,NA,NA,NA,NA,NA
W14,VCCINT,NA,NA,NA,NA,NA
W18,VCCINT,NA,NA,NA,NA,NA
W20,VCCINT,NA,NA,NA,NA,NA
W22,VCCINT,NA,NA,NA,NA,NA
Y13,VCCINT,NA,NA,NA,NA,NA
Y17,VCCINT,NA,NA,NA,NA,NA
Y19,VCCINT,NA,NA,NA,NA,NA
Y21,VCCINT,NA,NA,NA,NA,NA
Y23,VCCINT,NA,NA,NA,NA,NA
AA14,VCCINT,NA,NA,NA,NA,NA
AA18,VCCINT,NA,NA,NA,NA,NA
AA20,VCCINT,NA,NA,NA,NA,NA
AA22,VCCINT,NA,NA,NA,NA,NA
AB13,VCCINT,NA,NA,NA,NA,NA
AB17,VCCINT,NA,NA,NA,NA,NA
AB19,VCCINT,NA,NA,NA,NA,NA
AB21,VCCINT,NA,NA,NA,NA,NA
AB23,VCCINT,NA,NA,NA,NA,NA
AC14,VCCINT,NA,NA,NA,NA,NA
AC16,VCCINT,NA,NA,NA,NA,NA
AC18,VCCINT,NA,NA,NA,NA,NA
AC20,VCCINT,NA,NA,NA,NA,NA
AC22,VCCINT,NA,NA,NA,NA,NA
AD17,VCCINT,NA,NA,NA,NA,NA
AD19,VCCINT,NA,NA,NA,NA,NA
AD21,VCCINT,NA,NA,NA,NA,NA
AD23,VCCINT,NA,NA,NA,NA,NA
AE16,VCCINT,NA,NA,NA,NA,NA
AE18,VCCINT,NA,NA,NA,NA,NA
AE20,VCCINT,NA,NA,NA,NA,NA
AE22,VCCINT,NA,NA,NA,NA,NA
V25,VCCINT_IO,NA,NA,NA,NA,NA
W24,VCCINT_IO,NA,NA,NA,NA,NA
Y25,VCCINT_IO,NA,NA,NA,NA,NA
AA24,VCCINT_IO,NA,NA,NA,NA,NA
AB25,VCCINT_IO,NA,NA,NA,NA,NA
AC24,VCCINT_IO,NA,NA,NA,NA,NA
AD25,VCCINT_IO,NA,NA,NA,NA,NA
R30,VCCAUX,NA,NA,NA,NA,NA
T29,VCCAUX,NA,NA,NA,NA,NA
T31,VCCAUX,NA,NA,NA,NA,NA
U28,VCCAUX,NA,NA,NA,NA,NA
U30,VCCAUX,NA,NA,NA,NA,NA
V29,VCCAUX,NA,NA,NA,NA,NA
W28,VCCAUX,NA,NA,NA,NA,NA
Y29,VCCAUX,NA,NA,NA,NA,NA
AA28,VCCAUX,NA,NA,NA,NA,NA
AB29,VCCAUX,NA,NA,NA,NA,NA
AD29,VCCAUX,NA,NA,NA,NA,NA
T25,VCCAUX_IO,NA,NA,NA,NA,NA
T27,VCCAUX_IO,NA,NA,NA,NA,NA
U26,VCCAUX_IO,NA,NA,NA,NA,NA
V27,VCCAUX_IO,NA,NA,NA,NA,NA
W26,VCCAUX_IO,NA,NA,NA,NA,NA
Y27,VCCAUX_IO,NA,NA,NA,NA,NA
AA26,VCCAUX_IO,NA,NA,NA,NA,NA
AB27,VCCAUX_IO,NA,NA,NA,NA,NA
AC26,VCCAUX_IO,NA,NA,NA,NA,NA
AC28,VCCAUX_IO,NA,NA,NA,NA,NA
AD27,VCCAUX_IO,NA,NA,NA,NA,NA
W10,VCCO_0,NA,0,NA,NA,NA
AA10,VCCO_0,NA,0,NA,NA,NA
AG18,VCCO_65,NA,65,NA,NA,NA
AK19,VCCO_65,NA,65,NA,NA,NA
AL16,VCCO_65,NA,65,NA,NA,NA
AN20,VCCO_65,NA,65,NA,NA,NA
AT21,VCCO_65,NA,65,NA,NA,NA
AW22,VCCO_65,NA,65,NA,NA,NA
AE24,VCCO_66,NA,66,NA,NA,NA
AF21,VCCO_66,NA,66,NA,NA,NA
AG28,VCCO_66,NA,66,NA,NA,NA
AH25,VCCO_66,NA,66,NA,NA,NA
AJ22,VCCO_66,NA,66,NA,NA,NA
AM23,VCCO_66,NA,66,NA,NA,NA
AR24,VCCO_66,NA,66,NA,NA,NA
AF31,VCCO_67,NA,67,NA,NA,NA
AK29,VCCO_67,NA,67,NA,NA,NA
AL26,VCCO_67,NA,67,NA,NA,NA
K29,VCCO_69,NA,69,NA,NA,NA
L26,VCCO_69,NA,69,NA,NA,NA
M23,VCCO_69,NA,69,NA,NA,NA
N30,VCCO_69,NA,69,NA,NA,NA
P27,VCCO_69,NA,69,NA,NA,NA
R24,VCCO_69,NA,69,NA,NA,NA
B23,VCCO_70,NA,70,NA,NA,NA
C20,VCCO_70,NA,70,NA,NA,NA
E24,VCCO_70,NA,70,NA,NA,NA
F21,VCCO_70,NA,70,NA,NA,NA
G18,VCCO_70,NA,70,NA,NA,NA
J22,VCCO_70,NA,70,NA,NA,NA
K19,VCCO_70,NA,70,NA,NA,NA
A16,VCCO_71,NA,71,NA,NA,NA
D17,VCCO_71,NA,71,NA,NA,NA
E14,VCCO_71,NA,71,NA,NA,NA
H15,VCCO_71,NA,71,NA,NA,NA
J12,VCCO_71,NA,71,NA,NA,NA
L16,VCCO_71,NA,71,NA,NA,NA
M13,VCCO_71,NA,71,NA,NA,NA
AE14,VCCO_84,NA,84,NA,NA,NA
AH15,VCCO_84,NA,84,NA,NA,NA
AJ12,VCCO_84,NA,84,NA,NA,NA
AP17,VCCO_94,NA,94,NA,NA,NA
AR14,VCCO_94,NA,94,NA,NA,NA
AU18,VCCO_94,NA,94,NA,NA,NA
AV15,VCCO_94,NA,94,NA,NA,NA
R12,VCCBRAM,NA,NA,NA,NA,NA
U12,VCCBRAM,NA,NA,NA,NA,NA
V11,VCCBRAM,NA,NA,NA,NA,NA
W12,VCCBRAM,NA,NA,NA,NA,NA
Y11,VCCBRAM,NA,NA,NA,NA,NA
AA12,VCCBRAM,NA,NA,NA,NA,NA
AB11,VCCBRAM,NA,NA,NA,NA,NA
AC12,VCCBRAM,NA,NA,NA,NA,NA
W16,VCCADC,NA,NA,NA,NA,NA
W15,GNDADC,NA,NA,NA,NA,NA
A8,NC,NA,NA,NA,NA,NA
A4,NC,NA,NA,NA,NA,NA
A3,NC,NA,NA,NA,NA,NA
A7,NC,NA,NA,NA,NA,NA
L8,NC,NA,NA,NA,NA,NA
L7,NC,NA,NA,NA,NA,NA
B6,NC,NA,NA,NA,NA,NA
B2,NC,NA,NA,NA,NA,NA
B1,NC,NA,NA,NA,NA,NA
B5,NC,NA,NA,NA,NA,NA
C8,NC,NA,NA,NA,NA,NA
C4,NC,NA,NA,NA,NA,NA
C3,NC,NA,NA,NA,NA,NA
C7,NC,NA,NA,NA,NA,NA
M10,NC,NA,NA,NA,NA,NA
M9,NC,NA,NA,NA,NA,NA
D6,NC,NA,NA,NA,NA,NA
D2,NC,NA,NA,NA,NA,NA
D1,NC,NA,NA,NA,NA,NA
D5,NC,NA,NA,NA,NA,NA
C12,NC,NA,NA,NA,NA,NA
B10,NC,NA,NA,NA,NA,NA
B9,NC,NA,NA,NA,NA,NA
C11,NC,NA,NA,NA,NA,NA
J8,NC,NA,NA,NA,NA,NA
J7,NC,NA,NA,NA,NA,NA
E12,NC,NA,NA,NA,NA,NA
D10,NC,NA,NA,NA,NA,NA
D9,NC,NA,NA,NA,NA,NA
E11,NC,NA,NA,NA,NA,NA
G12,NC,NA,NA,NA,NA,NA
F10,NC,NA,NA,NA,NA,NA
F9,NC,NA,NA,NA,NA,NA
G11,NC,NA,NA,NA,NA,NA
K10,NC,NA,NA,NA,NA,NA
K9,NC,NA,NA,NA,NA,NA
H10,NC,NA,NA,NA,NA,NA
G8,NC,NA,NA,NA,NA,NA
G7,NC,NA,NA,NA,NA,NA
H9,NC,NA,NA,NA,NA,NA
AB31,NC,NA,NA,NA,NA,NA
AB32,NC,NA,NA,NA,NA,NA
A11,NC,NA,NA,NA,NA,NA
A12,NC,NA,NA,NA,NA,NA
,,,,,,
Total Number of Pins, 1517,,,,,,
