Device/Package xc7vx1140tflg1930 12/21/2011 14:34:44,,,,,,,,,
,,,,,,,,,
Pin,Pin Name,Memory Byte Group,Bank,VCCAUX Group,Super Logic Region,I/O Type,No-Connect,,
AD22,DXN_0,NA,0,NA,1,CONFIG,NA,,
AD23,DXP_0,NA,0,NA,1,CONFIG,NA,,
AB22,VREFN_0,NA,0,NA,1,CONFIG,NA,,
AC23,VREFP_0,NA,0,NA,1,CONFIG,NA,,
AB23,VP_0,NA,0,NA,1,CONFIG,NA,,
AC22,VN_0,NA,0,NA,1,CONFIG,NA,,
U10,VCCBATT_0,NA,0,NA,1,CONFIG,NA,,
V11,CCLK_0,NA,0,NA,1,CONFIG,NA,,
W10,TCK_0,NA,0,NA,1,CONFIG,NA,,
Y11,TMS_0,NA,0,NA,1,CONFIG,NA,,
AA10,TDI_0,NA,0,NA,1,CONFIG,NA,,
AC10,INIT_B_0,NA,0,NA,1,CONFIG,NA,,
AE10,PROGRAM_B_0,NA,0,NA,1,CONFIG,NA,,
AF11,CFGBVS_0,NA,0,NA,1,CONFIG,NA,,
AD11,DONE_0,NA,0,NA,1,CONFIG,NA,,
AG10,M2_0,NA,0,NA,1,CONFIG,NA,,
AH11,M0_0,NA,0,NA,1,CONFIG,NA,,
AJ10,M1_0,NA,0,NA,1,CONFIG,NA,,
AB11,TDO_0,NA,0,NA,3,CONFIG,NA,,
AJ29,IO_0_VRN_10,NA,10,0,0,HP,7VX485T,,
AJ30,IO_L1P_T0_10,0,10,0,0,HP,7VX485T,,
AJ31,IO_L1N_T0_10,0,10,0,0,HP,7VX485T,,
AK29,IO_L2P_T0_10,0,10,0,0,HP,7VX485T,,
AL29,IO_L2N_T0_10,0,10,0,0,HP,7VX485T,,
AL30,IO_L3P_T0_DQS_10,0,10,0,0,HP,7VX485T,,
AM30,IO_L3N_T0_DQS_10,0,10,0,0,HP,7VX485T,,
AH29,IO_L4P_T0_10,0,10,0,0,HP,7VX485T,,
AH30,IO_L4N_T0_10,0,10,0,0,HP,7VX485T,,
AK31,IO_L5P_T0_10,0,10,0,0,HP,7VX485T,,
AL31,IO_L5N_T0_10,0,10,0,0,HP,7VX485T,,
AN29,IO_L6P_T0_10,0,10,0,0,HP,7VX485T,,
AN30,IO_L6N_T0_VREF_10,0,10,0,0,HP,7VX485T,,
AP31,IO_L7P_T1_10,1,10,0,0,HP,7VX485T,,
AR31,IO_L7N_T1_10,1,10,0,0,HP,7VX485T,,
AP29,IO_L8P_T1_10,1,10,0,0,HP,7VX485T,,
AP30,IO_L8N_T1_10,1,10,0,0,HP,7VX485T,,
AT30,IO_L9P_T1_DQS_10,1,10,0,0,HP,7VX485T,,
AT31,IO_L9N_T1_DQS_10,1,10,0,0,HP,7VX485T,,
AR29,IO_L10P_T1_10,1,10,0,0,HP,7VX485T,,
AT29,IO_L10N_T1_10,1,10,0,0,HP,7VX485T,,
AU30,IO_L11P_T1_SRCC_10,1,10,0,0,HP,7VX485T,,
AU31,IO_L11N_T1_SRCC_10,1,10,0,0,HP,7VX485T,,
AV29,IO_L12P_T1_MRCC_10,1,10,0,0,HP,7VX485T,,
AV30,IO_L12N_T1_MRCC_10,1,10,0,0,HP,7VX485T,,
AV32,IO_L13P_T2_MRCC_10,2,10,0,0,HP,7VX485T,,
AW32,IO_L13N_T2_MRCC_10,2,10,0,0,HP,7VX485T,,
AW30,IO_L14P_T2_SRCC_10,2,10,0,0,HP,7VX485T,,
AW31,IO_L14N_T2_SRCC_10,2,10,0,0,HP,7VX485T,,
AW29,IO_L15P_T2_DQS_10,2,10,0,0,HP,7VX485T,,
AY29,IO_L15N_T2_DQS_10,2,10,0,0,HP,7VX485T,,
AY31,IO_L16P_T2_10,2,10,0,0,HP,7VX485T,,
AY32,IO_L16N_T2_10,2,10,0,0,HP,7VX485T,,
BA28,IO_L17P_T2_10,2,10,0,0,HP,7VX485T,,
BA29,IO_L17N_T2_10,2,10,0,0,HP,7VX485T,,
BA30,IO_L18P_T2_10,2,10,0,0,HP,7VX485T,,
BA31,IO_L18N_T2_10,2,10,0,0,HP,7VX485T,,
BB31,IO_L19P_T3_10,3,10,0,0,HP,7VX485T,,
BB32,IO_L19N_T3_VREF_10,3,10,0,0,HP,7VX485T,,
BC32,IO_L20P_T3_10,3,10,0,0,HP,7VX485T,,
BD32,IO_L20N_T3_10,3,10,0,0,HP,7VX485T,,
BD30,IO_L21P_T3_DQS_10,3,10,0,0,HP,7VX485T,,
BD31,IO_L21N_T3_DQS_10,3,10,0,0,HP,7VX485T,,
BB30,IO_L22P_T3_10,3,10,0,0,HP,7VX485T,,
BC30,IO_L22N_T3_10,3,10,0,0,HP,7VX485T,,
BC29,IO_L23P_T3_10,3,10,0,0,HP,7VX485T,,
BD29,IO_L23N_T3_10,3,10,0,0,HP,7VX485T,,
BB28,IO_L24P_T3_10,3,10,0,0,HP,7VX485T,,
BC28,IO_L24N_T3_10,3,10,0,0,HP,7VX485T,,
AM31,IO_25_VRP_10,NA,10,0,0,HP,7VX485T,,
AW34,IO_0_VRN_11,NA,11,0,0,HP,7VX485T,,
AW44,IO_L1P_T0_11,0,11,0,0,HP,7VX485T,,
AY44,IO_L1N_T0_11,0,11,0,0,HP,7VX485T,,
BC42,IO_L2P_T0_11,0,11,0,0,HP,7VX485T,,
BD42,IO_L2N_T0_11,0,11,0,0,HP,7VX485T,,
AY43,IO_L3P_T0_DQS_11,0,11,0,0,HP,7VX485T,,
BA44,IO_L3N_T0_DQS_11,0,11,0,0,HP,7VX485T,,
BB42,IO_L4P_T0_11,0,11,0,0,HP,7VX485T,,
BC43,IO_L4N_T0_11,0,11,0,0,HP,7VX485T,,
BA43,IO_L5P_T0_11,0,11,0,0,HP,7VX485T,,
BB43,IO_L5N_T0_11,0,11,0,0,HP,7VX485T,,
AW42,IO_L6P_T0_11,0,11,0,0,HP,7VX485T,,
AY42,IO_L6N_T0_VREF_11,0,11,0,0,HP,7VX485T,,
AW41,IO_L7P_T1_11,1,11,0,0,HP,7VX485T,,
AY41,IO_L7N_T1_11,1,11,0,0,HP,7VX485T,,
BB40,IO_L8P_T1_11,1,11,0,0,HP,7VX485T,,
BB41,IO_L8N_T1_11,1,11,0,0,HP,7VX485T,,
BA40,IO_L9P_T1_DQS_11,1,11,0,0,HP,7VX485T,,
BA41,IO_L9N_T1_DQS_11,1,11,0,0,HP,7VX485T,,
BC40,IO_L10P_T1_11,1,11,0,0,HP,7VX485T,,
BD41,IO_L10N_T1_11,1,11,0,0,HP,7VX485T,,
AY39,IO_L11P_T1_SRCC_11,1,11,0,0,HP,7VX485T,,
BA39,IO_L11N_T1_SRCC_11,1,11,0,0,HP,7VX485T,,
BC39,IO_L12P_T1_MRCC_11,1,11,0,0,HP,7VX485T,,
BD40,IO_L12N_T1_MRCC_11,1,11,0,0,HP,7VX485T,,
BA38,IO_L13P_T2_MRCC_11,2,11,0,0,HP,7VX485T,,
BB38,IO_L13N_T2_MRCC_11,2,11,0,0,HP,7VX485T,,
BC38,IO_L14P_T2_SRCC_11,2,11,0,0,HP,7VX485T,,
BD39,IO_L14N_T2_SRCC_11,2,11,0,0,HP,7VX485T,,
BB36,IO_L15P_T2_DQS_11,2,11,0,0,HP,7VX485T,,
BB37,IO_L15N_T2_DQS_11,2,11,0,0,HP,7VX485T,,
AY37,IO_L16P_T2_11,2,11,0,0,HP,7VX485T,,
AY38,IO_L16N_T2_11,2,11,0,0,HP,7VX485T,,
BC37,IO_L17P_T2_11,2,11,0,0,HP,7VX485T,,
BD37,IO_L17N_T2_11,2,11,0,0,HP,7VX485T,,
AY36,IO_L18P_T2_11,2,11,0,0,HP,7VX485T,,
BA36,IO_L18N_T2_11,2,11,0,0,HP,7VX485T,,
BA34,IO_L19P_T3_11,3,11,0,0,HP,7VX485T,,
BA35,IO_L19N_T3_VREF_11,3,11,0,0,HP,7VX485T,,
BC34,IO_L20P_T3_11,3,11,0,0,HP,7VX485T,,
BD34,IO_L20N_T3_11,3,11,0,0,HP,7VX485T,,
BD35,IO_L21P_T3_DQS_11,3,11,0,0,HP,7VX485T,,
BD36,IO_L21N_T3_DQS_11,3,11,0,0,HP,7VX485T,,
BB33,IO_L22P_T3_11,3,11,0,0,HP,7VX485T,,
BC33,IO_L22N_T3_11,3,11,0,0,HP,7VX485T,,
BB35,IO_L23P_T3_11,3,11,0,0,HP,7VX485T,,
BC35,IO_L23N_T3_11,3,11,0,0,HP,7VX485T,,
AY33,IO_L24P_T3_11,3,11,0,0,HP,7VX485T,,
BA33,IO_L24N_T3_11,3,11,0,0,HP,7VX485T,,
AY34,IO_25_VRP_11,NA,11,0,0,HP,7VX485T,,
AH28,IO_0_VRN_12,NA,12,0,0,HP,7VX485T,,
AK28,IO_L1P_T0_12,0,12,0,0,HP,7VX485T,,
AL28,IO_L1N_T0_12,0,12,0,0,HP,7VX485T,,
AH27,IO_L2P_T0_12,0,12,0,0,HP,7VX485T,,
AJ27,IO_L2N_T0_12,0,12,0,0,HP,7VX485T,,
AJ25,IO_L3P_T0_DQS_12,0,12,0,0,HP,7VX485T,,
AJ26,IO_L3N_T0_DQS_12,0,12,0,0,HP,7VX485T,,
AK26,IO_L4P_T0_12,0,12,0,0,HP,7VX485T,,
AK27,IO_L4N_T0_12,0,12,0,0,HP,7VX485T,,
AL25,IO_L5P_T0_12,0,12,0,0,HP,7VX485T,,
AM25,IO_L5N_T0_12,0,12,0,0,HP,7VX485T,,
AL26,IO_L6P_T0_12,0,12,0,0,HP,7VX485T,,
AM26,IO_L6N_T0_VREF_12,0,12,0,0,HP,7VX485T,,
AM28,IO_L7P_T1_12,1,12,0,0,HP,7VX485T,,
AN28,IO_L7N_T1_12,1,12,0,0,HP,7VX485T,,
AN25,IO_L8P_T1_12,1,12,0,0,HP,7VX485T,,
AP25,IO_L8N_T1_12,1,12,0,0,HP,7VX485T,,
AN27,IO_L9P_T1_DQS_12,1,12,0,0,HP,7VX485T,,
AP27,IO_L9N_T1_DQS_12,1,12,0,0,HP,7VX485T,,
AP26,IO_L10P_T1_12,1,12,0,0,HP,7VX485T,,
AR26,IO_L10N_T1_12,1,12,0,0,HP,7VX485T,,
AR27,IO_L11P_T1_SRCC_12,1,12,0,0,HP,7VX485T,,
AR28,IO_L11N_T1_SRCC_12,1,12,0,0,HP,7VX485T,,
AT25,IO_L12P_T1_MRCC_12,1,12,0,0,HP,7VX485T,,
AT26,IO_L12N_T1_MRCC_12,1,12,0,0,HP,7VX485T,,
AT28,IO_L13P_T2_MRCC_12,2,12,0,0,HP,7VX485T,,
AU28,IO_L13N_T2_MRCC_12,2,12,0,0,HP,7VX485T,,
AU26,IO_L14P_T2_SRCC_12,2,12,0,0,HP,7VX485T,,
AU27,IO_L14N_T2_SRCC_12,2,12,0,0,HP,7VX485T,,
AU25,IO_L15P_T2_DQS_12,2,12,0,0,HP,7VX485T,,
AV25,IO_L15N_T2_DQS_12,2,12,0,0,HP,7VX485T,,
AW26,IO_L16P_T2_12,2,12,0,0,HP,7VX485T,,
AW27,IO_L16N_T2_12,2,12,0,0,HP,7VX485T,,
AW25,IO_L17P_T2_12,2,12,0,0,HP,7VX485T,,
AY26,IO_L17N_T2_12,2,12,0,0,HP,7VX485T,,
AV27,IO_L18P_T2_12,2,12,0,0,HP,7VX485T,,
AV28,IO_L18N_T2_12,2,12,0,0,HP,7VX485T,,
AY27,IO_L19P_T3_12,3,12,0,0,HP,7VX485T,,
AY28,IO_L19N_T3_VREF_12,3,12,0,0,HP,7VX485T,,
BB25,IO_L20P_T3_12,3,12,0,0,HP,7VX485T,,
BB26,IO_L20N_T3_12,3,12,0,0,HP,7VX485T,,
BA25,IO_L21P_T3_DQS_12,3,12,0,0,HP,7VX485T,,
BA26,IO_L21N_T3_DQS_12,3,12,0,0,HP,7VX485T,,
BB27,IO_L22P_T3_12,3,12,0,0,HP,7VX485T,,
BC27,IO_L22N_T3_12,3,12,0,0,HP,7VX485T,,
BC25,IO_L23P_T3_12,3,12,0,0,HP,7VX485T,,
BD25,IO_L23N_T3_12,3,12,0,0,HP,7VX485T,,
BD26,IO_L24P_T3_12,3,12,0,0,HP,7VX485T,,
BD27,IO_L24N_T3_12,3,12,0,0,HP,7VX485T,,
AM27,IO_25_VRP_12,NA,12,0,0,HP,7VX485T,,
AP35,IO_0_VRN_13,NA,13,1,1,HP,NA,,
AR44,IO_L1P_T0_13,0,13,1,1,HP,NA,,
AT44,IO_L1N_T0_13,0,13,1,1,HP,NA,,
AV43,IO_L2P_T0_13,0,13,1,1,HP,NA,,
AV44,IO_L2N_T0_13,0,13,1,1,HP,NA,,
AT43,IO_L3P_T0_DQS_13,0,13,1,1,HP,NA,,
AU43,IO_L3N_T0_DQS_13,0,13,1,1,HP,NA,,
AU42,IO_L4P_T0_13,0,13,1,1,HP,NA,,
AV42,IO_L4N_T0_13,0,13,1,1,HP,NA,,
AR42,IO_L5P_T0_13,0,13,1,1,HP,NA,,
AR43,IO_L5N_T0_13,0,13,1,1,HP,NA,,
AR41,IO_L6P_T0_13,0,13,1,1,HP,NA,,
AT41,IO_L6N_T0_VREF_13,0,13,1,1,HP,NA,,
AR39,IO_L7P_T1_13,1,13,1,1,HP,NA,,
AT40,IO_L7N_T1_13,1,13,1,1,HP,NA,,
AV40,IO_L8P_T1_13,1,13,1,1,HP,NA,,
AW40,IO_L8N_T1_13,1,13,1,1,HP,NA,,
AU40,IO_L9P_T1_DQS_13,1,13,1,1,HP,NA,,
AU41,IO_L9N_T1_DQS_13,1,13,1,1,HP,NA,,
AV39,IO_L10P_T1_13,1,13,1,1,HP,NA,,
AW39,IO_L10N_T1_13,1,13,1,1,HP,NA,,
AT38,IO_L11P_T1_SRCC_13,1,13,1,1,HP,NA,,
AU38,IO_L11N_T1_SRCC_13,1,13,1,1,HP,NA,,
AR38,IO_L12P_T1_MRCC_13,1,13,1,1,HP,NA,,
AT39,IO_L12N_T1_MRCC_13,1,13,1,1,HP,NA,,
AU36,IO_L13P_T2_MRCC_13,2,13,1,1,HP,NA,,
AU37,IO_L13N_T2_MRCC_13,2,13,1,1,HP,NA,,
AV37,IO_L14P_T2_SRCC_13,2,13,1,1,HP,NA,,
AV38,IO_L14N_T2_SRCC_13,2,13,1,1,HP,NA,,
AP36,IO_L15P_T2_DQS_13,2,13,1,1,HP,NA,,
AR37,IO_L15N_T2_DQS_13,2,13,1,1,HP,NA,,
AV35,IO_L16P_T2_13,2,13,1,1,HP,NA,,
AW35,IO_L16N_T2_13,2,13,1,1,HP,NA,,
AR36,IO_L17P_T2_13,2,13,1,1,HP,NA,,
AT36,IO_L17N_T2_13,2,13,1,1,HP,NA,,
AW36,IO_L18P_T2_13,2,13,1,1,HP,NA,,
AW37,IO_L18N_T2_13,2,13,1,1,HP,NA,,
AT34,IO_L19P_T3_13,3,13,1,1,HP,NA,,
AT35,IO_L19N_T3_VREF_13,3,13,1,1,HP,NA,,
AU32,IO_L20P_T3_13,3,13,1,1,HP,NA,,
AU33,IO_L20N_T3_13,3,13,1,1,HP,NA,,
AP34,IO_L21P_T3_DQS_13,3,13,1,1,HP,NA,,
AR34,IO_L21N_T3_DQS_13,3,13,1,1,HP,NA,,
AV33,IO_L22P_T3_13,3,13,1,1,HP,NA,,
AV34,IO_L22N_T3_13,3,13,1,1,HP,NA,,
AR33,IO_L23P_T3_13,3,13,1,1,HP,NA,,
AT33,IO_L23N_T3_13,3,13,1,1,HP,NA,,
AP32,IO_L24P_T3_13,3,13,1,1,HP,NA,,
AR32,IO_L24N_T3_13,3,13,1,1,HP,NA,,
AU35,IO_25_VRP_13,NA,13,1,1,HP,NA,,
AJ21,IO_0_VRN_14,NA,14,1,1,HP,NA,,
AH24,IO_L1P_T0_D00_MOSI_14,0,14,1,1,HP,NA,,
AH25,IO_L1N_T0_D01_DIN_14,0,14,1,1,HP,NA,,
AH22,IO_L2P_T0_D02_14,0,14,1,1,HP,NA,,
AH23,IO_L2N_T0_D03_14,0,14,1,1,HP,NA,,
AK23,IO_L3P_T0_DQS_PUDC_B_14,0,14,1,1,HP,NA,,
AL23,IO_L3N_T0_DQS_EMCCLK_14,0,14,1,1,HP,NA,,
AK21,IO_L4P_T0_D04_14,0,14,1,1,HP,NA,,
AL21,IO_L4N_T0_D05_14,0,14,1,1,HP,NA,,
AJ24,IO_L5P_T0_D06_14,0,14,1,1,HP,NA,,
AK24,IO_L5N_T0_D07_14,0,14,1,1,HP,NA,,
AJ22,IO_L6P_T0_FCS_B_14,0,14,1,1,HP,NA,,
AK22,IO_L6N_T0_D08_VREF_14,0,14,1,1,HP,NA,,
AM23,IO_L7P_T1_D09_14,1,14,1,1,HP,NA,,
AN23,IO_L7N_T1_D10_14,1,14,1,1,HP,NA,,
AM21,IO_L8P_T1_D11_14,1,14,1,1,HP,NA,,
AM22,IO_L8N_T1_D12_14,1,14,1,1,HP,NA,,
AN24,IO_L9P_T1_DQS_14,1,14,1,1,HP,NA,,
AP24,IO_L9N_T1_DQS_D13_14,1,14,1,1,HP,NA,,
AN22,IO_L10P_T1_D14_14,1,14,1,1,HP,NA,,
AP22,IO_L10N_T1_D15_14,1,14,1,1,HP,NA,,
AR23,IO_L11P_T1_SRCC_14,1,14,1,1,HP,NA,,
AR24,IO_L11N_T1_SRCC_14,1,14,1,1,HP,NA,,
AP21,IO_L12P_T1_MRCC_14,1,14,1,1,HP,NA,,
AR22,IO_L12N_T1_MRCC_14,1,14,1,1,HP,NA,,
AR21,IO_L13P_T2_MRCC_14,2,14,1,1,HP,NA,,
AT21,IO_L13N_T2_MRCC_14,2,14,1,1,HP,NA,,
AT23,IO_L14P_T2_SRCC_14,2,14,1,1,HP,NA,,
AT24,IO_L14N_T2_SRCC_14,2,14,1,1,HP,NA,,
AU21,IO_L15P_T2_DQS_RDWR_B_14,2,14,1,1,HP,NA,,
AU22,IO_L15N_T2_DQS_DOUT_CSO_B_14,2,14,1,1,HP,NA,,
AU23,IO_L16P_T2_CSI_B_14,2,14,1,1,HP,NA,,
AV23,IO_L16N_T2_A15_D31_14,2,14,1,1,HP,NA,,
AV22,IO_L17P_T2_A14_D30_14,2,14,1,1,HP,NA,,
AW22,IO_L17N_T2_A13_D29_14,2,14,1,1,HP,NA,,
AV24,IO_L18P_T2_A12_D28_14,2,14,1,1,HP,NA,,
AW24,IO_L18N_T2_A11_D27_14,2,14,1,1,HP,NA,,
AY22,IO_L19P_T3_A10_D26_14,3,14,1,1,HP,NA,,
AY23,IO_L19N_T3_A09_D25_VREF_14,3,14,1,1,HP,NA,,
AY24,IO_L20P_T3_A08_D24_14,3,14,1,1,HP,NA,,
BA24,IO_L20N_T3_A07_D23_14,3,14,1,1,HP,NA,,
BC22,IO_L21P_T3_DQS_14,3,14,1,1,HP,NA,,
BD22,IO_L21N_T3_DQS_A06_D22_14,3,14,1,1,HP,NA,,
BA23,IO_L22P_T3_A05_D21_14,3,14,1,1,HP,NA,,
BB23,IO_L22N_T3_A04_D20_14,3,14,1,1,HP,NA,,
BB22,IO_L23P_T3_A03_D19_14,3,14,1,1,HP,NA,,
BC23,IO_L23N_T3_A02_D18_14,3,14,1,1,HP,NA,,
BC24,IO_L24P_T3_A01_D17_14,3,14,1,1,HP,NA,,
BD24,IO_L24N_T3_A00_D16_14,3,14,1,1,HP,NA,,
AL24,IO_25_VRP_14,NA,14,1,1,HP,NA,,
AJ35,IO_0_VRN_15,NA,15,1,1,HP,NA,,
AL43,IO_L1P_T0_AD0P_15,0,15,1,1,HP,NA,,
AL44,IO_L1N_T0_AD0N_15,0,15,1,1,HP,NA,,
AM41,IO_L2P_T0_AD8P_15,0,15,1,1,HP,NA,,
AM42,IO_L2N_T0_AD8N_15,0,15,1,1,HP,NA,,
AN44,IO_L3P_T0_DQS_AD1P_15,0,15,1,1,HP,NA,,
AP44,IO_L3N_T0_DQS_AD1N_15,0,15,1,1,HP,NA,,
AN42,IO_L4P_T0_15,0,15,1,1,HP,NA,,
AP42,IO_L4N_T0_15,0,15,1,1,HP,NA,,
AM43,IO_L5P_T0_AD9P_15,0,15,1,1,HP,NA,,
AN43,IO_L5N_T0_AD9N_15,0,15,1,1,HP,NA,,
AK41,IO_L6P_T0_15,0,15,1,1,HP,NA,,
AL41,IO_L6N_T0_VREF_15,0,15,1,1,HP,NA,,
AL40,IO_L7P_T1_AD2P_15,1,15,1,1,HP,NA,,
AM40,IO_L7N_T1_AD2N_15,1,15,1,1,HP,NA,,
AN40,IO_L8P_T1_AD10P_15,1,15,1,1,HP,NA,,
AP41,IO_L8N_T1_AD10N_15,1,15,1,1,HP,NA,,
AK39,IO_L9P_T1_DQS_AD3P_15,1,15,1,1,HP,NA,,
AL39,IO_L9N_T1_DQS_AD3N_15,1,15,1,1,HP,NA,,
AP39,IO_L10P_T1_AD11P_15,1,15,1,1,HP,NA,,
AP40,IO_L10N_T1_AD11N_15,1,15,1,1,HP,NA,,
AK38,IO_L11P_T1_SRCC_15,1,15,1,1,HP,NA,,
AL38,IO_L11N_T1_SRCC_15,1,15,1,1,HP,NA,,
AN38,IO_L12P_T1_MRCC_15,1,15,1,1,HP,NA,,
AN39,IO_L12N_T1_MRCC_15,1,15,1,1,HP,NA,,
AJ36,IO_L13P_T2_MRCC_15,2,15,1,1,HP,NA,,
AK37,IO_L13N_T2_MRCC_15,2,15,1,1,HP,NA,,
AM37,IO_L14P_T2_SRCC_15,2,15,1,1,HP,NA,,
AM38,IO_L14N_T2_SRCC_15,2,15,1,1,HP,NA,,
AN37,IO_L15P_T2_DQS_15,2,15,1,1,HP,NA,,
AP37,IO_L15N_T2_DQS_ADV_B_15,2,15,1,1,HP,NA,,
AK36,IO_L16P_T2_A28_15,2,15,1,1,HP,NA,,
AL36,IO_L16N_T2_A27_15,2,15,1,1,HP,NA,,
AM35,IO_L17P_T2_A26_15,2,15,1,1,HP,NA,,
AN35,IO_L17N_T2_A25_15,2,15,1,1,HP,NA,,
AL35,IO_L18P_T2_A24_15,2,15,1,1,HP,NA,,
AM36,IO_L18N_T2_A23_15,2,15,1,1,HP,NA,,
AJ34,IO_L19P_T3_A22_15,3,15,1,1,HP,NA,,
AK34,IO_L19N_T3_A21_VREF_15,3,15,1,1,HP,NA,,
AK32,IO_L20P_T3_A20_15,3,15,1,1,HP,NA,,
AK33,IO_L20N_T3_A19_15,3,15,1,1,HP,NA,,
AH32,IO_L21P_T3_DQS_15,3,15,1,1,HP,NA,,
AJ32,IO_L21N_T3_DQS_A18_15,3,15,1,1,HP,NA,,
AM32,IO_L22P_T3_A17_15,3,15,1,1,HP,NA,,
AM33,IO_L22N_T3_A16_15,3,15,1,1,HP,NA,,
AL33,IO_L23P_T3_FOE_B_15,3,15,1,1,HP,NA,,
AL34,IO_L23N_T3_FWE_B_15,3,15,1,1,HP,NA,,
AN33,IO_L24P_T3_RS1_15,3,15,1,1,HP,NA,,
AN34,IO_L24N_T3_RS0_15,3,15,1,1,HP,NA,,
AN32,IO_25_VRP_15,NA,15,1,1,HP,NA,,
AD37,IO_0_VRN_16,NA,16,2,2,HP,NA,,
AH44,IO_L1P_T0_16,0,16,2,2,HP,NA,,
AJ44,IO_L1N_T0_16,0,16,2,2,HP,NA,,
AG43,IO_L2P_T0_16,0,16,2,2,HP,NA,,
AH43,IO_L2N_T0_16,0,16,2,2,HP,NA,,
AE44,IO_L3P_T0_DQS_16,0,16,2,2,HP,NA,,
AF44,IO_L3N_T0_DQS_16,0,16,2,2,HP,NA,,
AK43,IO_L4P_T0_16,0,16,2,2,HP,NA,,
AK44,IO_L4N_T0_16,0,16,2,2,HP,NA,,
AE43,IO_L5P_T0_16,0,16,2,2,HP,NA,,
AF43,IO_L5N_T0_16,0,16,2,2,HP,NA,,
AJ42,IO_L6P_T0_16,0,16,2,2,HP,NA,,
AK42,IO_L6N_T0_VREF_16,0,16,2,2,HP,NA,,
AD39,IO_L7P_T1_16,1,16,2,2,HP,NA,,
AD40,IO_L7N_T1_16,1,16,2,2,HP,NA,,
AF41,IO_L8P_T1_16,1,16,2,2,HP,NA,,
AG41,IO_L8N_T1_16,1,16,2,2,HP,NA,,
AE41,IO_L9P_T1_DQS_16,1,16,2,2,HP,NA,,
AE42,IO_L9N_T1_DQS_16,1,16,2,2,HP,NA,,
AG42,IO_L10P_T1_16,1,16,2,2,HP,NA,,
AH42,IO_L10N_T1_16,1,16,2,2,HP,NA,,
AG40,IO_L11P_T1_SRCC_16,1,16,2,2,HP,NA,,
AH40,IO_L11N_T1_SRCC_16,1,16,2,2,HP,NA,,
AJ40,IO_L12P_T1_MRCC_16,1,16,2,2,HP,NA,,
AJ41,IO_L12N_T1_MRCC_16,1,16,2,2,HP,NA,,
AF39,IO_L13P_T2_MRCC_16,2,16,2,2,HP,NA,,
AF40,IO_L13N_T2_MRCC_16,2,16,2,2,HP,NA,,
AH39,IO_L14P_T2_SRCC_16,2,16,2,2,HP,NA,,
AJ39,IO_L14N_T2_SRCC_16,2,16,2,2,HP,NA,,
AG37,IO_L15P_T2_DQS_16,2,16,2,2,HP,NA,,
AH38,IO_L15N_T2_DQS_16,2,16,2,2,HP,NA,,
AE38,IO_L16P_T2_16,2,16,2,2,HP,NA,,
AE39,IO_L16N_T2_16,2,16,2,2,HP,NA,,
AH37,IO_L17P_T2_16,2,16,2,2,HP,NA,,
AJ37,IO_L17N_T2_16,2,16,2,2,HP,NA,,
AF38,IO_L18P_T2_16,2,16,2,2,HP,NA,,
AG38,IO_L18N_T2_16,2,16,2,2,HP,NA,,
AD36,IO_L19P_T3_16,3,16,2,2,HP,NA,,
AE37,IO_L19N_T3_VREF_16,3,16,2,2,HP,NA,,
AD34,IO_L20P_T3_16,3,16,2,2,HP,NA,,
AD35,IO_L20N_T3_16,3,16,2,2,HP,NA,,
AE34,IO_L21P_T3_DQS_16,3,16,2,2,HP,NA,,
AF34,IO_L21N_T3_DQS_16,3,16,2,2,HP,NA,,
AE36,IO_L22P_T3_16,3,16,2,2,HP,NA,,
AF36,IO_L22N_T3_16,3,16,2,2,HP,NA,,
AF35,IO_L23P_T3_16,3,16,2,2,HP,NA,,
AG36,IO_L23N_T3_16,3,16,2,2,HP,NA,,
AG35,IO_L24P_T3_16,3,16,2,2,HP,NA,,
AH35,IO_L24N_T3_16,3,16,2,2,HP,NA,,
AH34,IO_25_VRP_16,NA,16,2,2,HP,NA,,
W36,IO_0_VRN_17,NA,17,2,2,HP,NA,,
AA43,IO_L1P_T0_17,0,17,2,2,HP,NA,,
AA44,IO_L1N_T0_17,0,17,2,2,HP,NA,,
V43,IO_L2P_T0_17,0,17,2,2,HP,NA,,
V44,IO_L2N_T0_17,0,17,2,2,HP,NA,,
AD44,IO_L3P_T0_DQS_17,0,17,2,2,HP,NA,,
AC44,IO_L3N_T0_DQS_17,0,17,2,2,HP,NA,,
Y44,IO_L4P_T0_17,0,17,2,2,HP,NA,,
W44,IO_L4N_T0_17,0,17,2,2,HP,NA,,
AC43,IO_L5P_T0_17,0,17,2,2,HP,NA,,
AB43,IO_L5N_T0_17,0,17,2,2,HP,NA,,
Y42,IO_L6P_T0_17,0,17,2,2,HP,NA,,
Y43,IO_L6N_T0_VREF_17,0,17,2,2,HP,NA,,
W42,IO_L7P_T1_17,1,17,2,2,HP,NA,,
V42,IO_L7N_T1_17,1,17,2,2,HP,NA,,
AC42,IO_L8P_T1_17,1,17,2,2,HP,NA,,
AB42,IO_L8N_T1_17,1,17,2,2,HP,NA,,
AB41,IO_L9P_T1_DQS_17,1,17,2,2,HP,NA,,
AA41,IO_L9N_T1_DQS_17,1,17,2,2,HP,NA,,
AD41,IO_L10P_T1_17,1,17,2,2,HP,NA,,
AD42,IO_L10N_T1_17,1,17,2,2,HP,NA,,
Y41,IO_L11P_T1_SRCC_17,1,17,2,2,HP,NA,,
W41,IO_L11N_T1_SRCC_17,1,17,2,2,HP,NA,,
AC40,IO_L12P_T1_MRCC_17,1,17,2,2,HP,NA,,
AB40,IO_L12N_T1_MRCC_17,1,17,2,2,HP,NA,,
Y39,IO_L13P_T2_MRCC_17,2,17,2,2,HP,NA,,
W40,IO_L13N_T2_MRCC_17,2,17,2,2,HP,NA,,
AA39,IO_L14P_T2_SRCC_17,2,17,2,2,HP,NA,,
AA40,IO_L14N_T2_SRCC_17,2,17,2,2,HP,NA,,
AB38,IO_L15P_T2_DQS_17,2,17,2,2,HP,NA,,
AA38,IO_L15N_T2_DQS_17,2,17,2,2,HP,NA,,
Y37,IO_L16P_T2_17,2,17,2,2,HP,NA,,
W37,IO_L16N_T2_17,2,17,2,2,HP,NA,,
AC38,IO_L17P_T2_17,2,17,2,2,HP,NA,,
AC39,IO_L17N_T2_17,2,17,2,2,HP,NA,,
Y38,IO_L18P_T2_17,2,17,2,2,HP,NA,,
W39,IO_L18N_T2_17,2,17,2,2,HP,NA,,
AA36,IO_L19P_T3_17,3,17,2,2,HP,NA,,
Y36,IO_L19N_T3_VREF_17,3,17,2,2,HP,NA,,
W34,IO_L20P_T3_17,3,17,2,2,HP,NA,,
W35,IO_L20N_T3_17,3,17,2,2,HP,NA,,
AB35,IO_L21P_T3_DQS_17,3,17,2,2,HP,NA,,
AA35,IO_L21N_T3_DQS_17,3,17,2,2,HP,NA,,
AA34,IO_L22P_T3_17,3,17,2,2,HP,NA,,
Y34,IO_L22N_T3_17,3,17,2,2,HP,NA,,
AB36,IO_L23P_T3_17,3,17,2,2,HP,NA,,
AB37,IO_L23N_T3_17,3,17,2,2,HP,NA,,
AC34,IO_L24P_T3_17,3,17,2,2,HP,NA,,
AC35,IO_L24N_T3_17,3,17,2,2,HP,NA,,
AC37,IO_25_VRP_17,NA,17,2,2,HP,NA,,
P35,IO_0_VRN_18,NA,18,2,2,HP,NA,,
T30,IO_L1P_T0_18,0,18,2,2,HP,NA,,
T31,IO_L1N_T0_18,0,18,2,2,HP,NA,,
R31,IO_L2P_T0_18,0,18,2,2,HP,NA,,
R32,IO_L2N_T0_18,0,18,2,2,HP,NA,,
U30,IO_L3P_T0_DQS_18,0,18,2,2,HP,NA,,
U31,IO_L3N_T0_DQS_18,0,18,2,2,HP,NA,,
R33,IO_L4P_T0_18,0,18,2,2,HP,NA,,
R34,IO_L4N_T0_18,0,18,2,2,HP,NA,,
U32,IO_L5P_T0_18,0,18,2,2,HP,NA,,
U33,IO_L5N_T0_18,0,18,2,2,HP,NA,,
T33,IO_L6P_T0_18,0,18,2,2,HP,NA,,
T34,IO_L6N_T0_VREF_18,0,18,2,2,HP,NA,,
U36,IO_L7P_T1_18,1,18,2,2,HP,NA,,
U37,IO_L7N_T1_18,1,18,2,2,HP,NA,,
R36,IO_L8P_T1_18,1,18,2,2,HP,NA,,
P36,IO_L8N_T1_18,1,18,2,2,HP,NA,,
V35,IO_L9P_T1_DQS_18,1,18,2,2,HP,NA,,
U35,IO_L9N_T1_DQS_18,1,18,2,2,HP,NA,,
T35,IO_L10P_T1_18,1,18,2,2,HP,NA,,
T36,IO_L10N_T1_18,1,18,2,2,HP,NA,,
V37,IO_L11P_T1_SRCC_18,1,18,2,2,HP,NA,,
V38,IO_L11N_T1_SRCC_18,1,18,2,2,HP,NA,,
R37,IO_L12P_T1_MRCC_18,1,18,2,2,HP,NA,,
P37,IO_L12N_T1_MRCC_18,1,18,2,2,HP,NA,,
U38,IO_L13P_T2_MRCC_18,2,18,2,2,HP,NA,,
T38,IO_L13N_T2_MRCC_18,2,18,2,2,HP,NA,,
R38,IO_L14P_T2_SRCC_18,2,18,2,2,HP,NA,,
R39,IO_L14N_T2_SRCC_18,2,18,2,2,HP,NA,,
P39,IO_L15P_T2_DQS_18,2,18,2,2,HP,NA,,
P40,IO_L15N_T2_DQS_18,2,18,2,2,HP,NA,,
V39,IO_L16P_T2_18,2,18,2,2,HP,NA,,
V40,IO_L16N_T2_18,2,18,2,2,HP,NA,,
T39,IO_L17P_T2_18,2,18,2,2,HP,NA,,
T40,IO_L17N_T2_18,2,18,2,2,HP,NA,,
U40,IO_L18P_T2_18,2,18,2,2,HP,NA,,
U41,IO_L18N_T2_18,2,18,2,2,HP,NA,,
T41,IO_L19P_T3_18,3,18,2,2,HP,NA,,
R41,IO_L19N_T3_VREF_18,3,18,2,2,HP,NA,,
U42,IO_L20P_T3_18,3,18,2,2,HP,NA,,
U43,IO_L20N_T3_18,3,18,2,2,HP,NA,,
P41,IO_L21P_T3_DQS_18,3,18,2,2,HP,NA,,
P42,IO_L21N_T3_DQS_18,3,18,2,2,HP,NA,,
T43,IO_L22P_T3_18,3,18,2,2,HP,NA,,
T44,IO_L22N_T3_18,3,18,2,2,HP,NA,,
R42,IO_L23P_T3_18,3,18,2,2,HP,NA,,
R43,IO_L23N_T3_18,3,18,2,2,HP,NA,,
R44,IO_L24P_T3_18,3,18,2,2,HP,NA,,
P44,IO_L24N_T3_18,3,18,2,2,HP,NA,,
V34,IO_25_VRP_18,NA,18,2,2,HP,NA,,
L30,IO_0_VRN_19,NA,19,3,3,HP,7VX980T,,
M31,IO_L1P_T0_19,0,19,3,3,HP,7VX980T,,
M32,IO_L1N_T0_19,0,19,3,3,HP,7VX980T,,
M30,IO_L2P_T0_19,0,19,3,3,HP,7VX980T,,
L31,IO_L2N_T0_19,0,19,3,3,HP,7VX980T,,
P30,IO_L3P_T0_DQS_19,0,19,3,3,HP,7VX980T,,
N30,IO_L3N_T0_DQS_19,0,19,3,3,HP,7VX980T,,
L33,IO_L4P_T0_19,0,19,3,3,HP,7VX980T,,
K33,IO_L4N_T0_19,0,19,3,3,HP,7VX980T,,
P31,IO_L5P_T0_19,0,19,3,3,HP,7VX980T,,
P32,IO_L5N_T0_19,0,19,3,3,HP,7VX980T,,
N32,IO_L6P_T0_19,0,19,3,3,HP,7VX980T,,
M33,IO_L6N_T0_VREF_19,0,19,3,3,HP,7VX980T,,
P34,IO_L7P_T1_19,1,19,3,3,HP,7VX980T,,
N34,IO_L7N_T1_19,1,19,3,3,HP,7VX980T,,
L34,IO_L8P_T1_19,1,19,3,3,HP,7VX980T,,
K34,IO_L8N_T1_19,1,19,3,3,HP,7VX980T,,
N35,IO_L9P_T1_DQS_19,1,19,3,3,HP,7VX980T,,
M36,IO_L9N_T1_DQS_19,1,19,3,3,HP,7VX980T,,
M35,IO_L10P_T1_19,1,19,3,3,HP,7VX980T,,
L35,IO_L10N_T1_19,1,19,3,3,HP,7VX980T,,
N37,IO_L11P_T1_SRCC_19,1,19,3,3,HP,7VX980T,,
M37,IO_L11N_T1_SRCC_19,1,19,3,3,HP,7VX980T,,
L36,IO_L12P_T1_MRCC_19,1,19,3,3,HP,7VX980T,,
K36,IO_L12N_T1_MRCC_19,1,19,3,3,HP,7VX980T,,
K37,IO_L13P_T2_MRCC_19,2,19,3,3,HP,7VX980T,,
K38,IO_L13N_T2_MRCC_19,2,19,3,3,HP,7VX980T,,
M38,IO_L14P_T2_SRCC_19,2,19,3,3,HP,7VX980T,,
L38,IO_L14N_T2_SRCC_19,2,19,3,3,HP,7VX980T,,
N38,IO_L15P_T2_DQS_19,2,19,3,3,HP,7VX980T,,
N39,IO_L15N_T2_DQS_19,2,19,3,3,HP,7VX980T,,
L39,IO_L16P_T2_19,2,19,3,3,HP,7VX980T,,
K39,IO_L16N_T2_19,2,19,3,3,HP,7VX980T,,
N40,IO_L17P_T2_19,2,19,3,3,HP,7VX980T,,
M41,IO_L17N_T2_19,2,19,3,3,HP,7VX980T,,
M40,IO_L18P_T2_19,2,19,3,3,HP,7VX980T,,
L40,IO_L18N_T2_19,2,19,3,3,HP,7VX980T,,
L41,IO_L19P_T3_19,3,19,3,3,HP,7VX980T,,
K41,IO_L19N_T3_VREF_19,3,19,3,3,HP,7VX980T,,
N42,IO_L20P_T3_19,3,19,3,3,HP,7VX980T,,
M42,IO_L20N_T3_19,3,19,3,3,HP,7VX980T,,
K42,IO_L21P_T3_DQS_19,3,19,3,3,HP,7VX980T,,
K43,IO_L21N_T3_DQS_19,3,19,3,3,HP,7VX980T,,
N43,IO_L22P_T3_19,3,19,3,3,HP,7VX980T,,
N44,IO_L22N_T3_19,3,19,3,3,HP,7VX980T,,
M43,IO_L23P_T3_19,3,19,3,3,HP,7VX980T,,
L43,IO_L23N_T3_19,3,19,3,3,HP,7VX980T,,
L44,IO_L24P_T3_19,3,19,3,3,HP,7VX980T,,
K44,IO_L24N_T3_19,3,19,3,3,HP,7VX980T,,
N33,IO_25_VRP_19,NA,19,3,3,HP,7VX980T,,
E31,IO_0_VRN_20,NA,20,3,3,HP,7VX980T, 7VX690T, 7VX485T
H32,IO_L1P_T0_20,0,20,3,3,HP,7VX980T, 7VX690T, 7VX485T
G32,IO_L1N_T0_20,0,20,3,3,HP,7VX980T, 7VX690T, 7VX485T
G31,IO_L2P_T0_20,0,20,3,3,HP,7VX980T, 7VX690T, 7VX485T
F31,IO_L2N_T0_20,0,20,3,3,HP,7VX980T, 7VX690T, 7VX485T
J31,IO_L3P_T0_DQS_20,0,20,3,3,HP,7VX980T, 7VX690T, 7VX485T
J32,IO_L3N_T0_DQS_20,0,20,3,3,HP,7VX980T, 7VX690T, 7VX485T
E32,IO_L4P_T0_20,0,20,3,3,HP,7VX980T, 7VX690T, 7VX485T
E33,IO_L4N_T0_20,0,20,3,3,HP,7VX980T, 7VX690T, 7VX485T
K31,IO_L5P_T0_20,0,20,3,3,HP,7VX980T, 7VX690T, 7VX485T
K32,IO_L5N_T0_20,0,20,3,3,HP,7VX980T, 7VX690T, 7VX485T
G33,IO_L6P_T0_20,0,20,3,3,HP,7VX980T, 7VX690T, 7VX485T
F33,IO_L6N_T0_VREF_20,0,20,3,3,HP,7VX980T, 7VX690T, 7VX485T
J34,IO_L7P_T1_20,1,20,3,3,HP,7VX980T, 7VX690T, 7VX485T
H34,IO_L7N_T1_20,1,20,3,3,HP,7VX980T, 7VX690T, 7VX485T
F34,IO_L8P_T1_20,1,20,3,3,HP,7VX980T, 7VX690T, 7VX485T
E34,IO_L8N_T1_20,1,20,3,3,HP,7VX980T, 7VX690T, 7VX485T
H35,IO_L9P_T1_DQS_20,1,20,3,3,HP,7VX980T, 7VX690T, 7VX485T
G35,IO_L9N_T1_DQS_20,1,20,3,3,HP,7VX980T, 7VX690T, 7VX485T
F35,IO_L10P_T1_20,1,20,3,3,HP,7VX980T, 7VX690T, 7VX485T
F36,IO_L10N_T1_20,1,20,3,3,HP,7VX980T, 7VX690T, 7VX485T
J35,IO_L11P_T1_SRCC_20,1,20,3,3,HP,7VX980T, 7VX690T, 7VX485T
J36,IO_L11N_T1_SRCC_20,1,20,3,3,HP,7VX980T, 7VX690T, 7VX485T
G36,IO_L12P_T1_MRCC_20,1,20,3,3,HP,7VX980T, 7VX690T, 7VX485T
G37,IO_L12N_T1_MRCC_20,1,20,3,3,HP,7VX980T, 7VX690T, 7VX485T
J37,IO_L13P_T2_MRCC_20,2,20,3,3,HP,7VX980T, 7VX690T, 7VX485T
H37,IO_L13N_T2_MRCC_20,2,20,3,3,HP,7VX980T, 7VX690T, 7VX485T
H38,IO_L14P_T2_SRCC_20,2,20,3,3,HP,7VX980T, 7VX690T, 7VX485T
G38,IO_L14N_T2_SRCC_20,2,20,3,3,HP,7VX980T, 7VX690T, 7VX485T
F38,IO_L15P_T2_DQS_20,2,20,3,3,HP,7VX980T, 7VX690T, 7VX485T
F39,IO_L15N_T2_DQS_20,2,20,3,3,HP,7VX980T, 7VX690T, 7VX485T
H39,IO_L16P_T2_20,2,20,3,3,HP,7VX980T, 7VX690T, 7VX485T
H40,IO_L16N_T2_20,2,20,3,3,HP,7VX980T, 7VX690T, 7VX485T
G40,IO_L17P_T2_20,2,20,3,3,HP,7VX980T, 7VX690T, 7VX485T
F40,IO_L17N_T2_20,2,20,3,3,HP,7VX980T, 7VX690T, 7VX485T
J39,IO_L18P_T2_20,2,20,3,3,HP,7VX980T, 7VX690T, 7VX485T
J40,IO_L18N_T2_20,2,20,3,3,HP,7VX980T, 7VX690T, 7VX485T
G41,IO_L19P_T3_20,3,20,3,3,HP,7VX980T, 7VX690T, 7VX485T
F41,IO_L19N_T3_VREF_20,3,20,3,3,HP,7VX980T, 7VX690T, 7VX485T
J41,IO_L20P_T3_20,3,20,3,3,HP,7VX980T, 7VX690T, 7VX485T
J42,IO_L20N_T3_20,3,20,3,3,HP,7VX980T, 7VX690T, 7VX485T
F43,IO_L21P_T3_DQS_20,3,20,3,3,HP,7VX980T, 7VX690T, 7VX485T
F44,IO_L21N_T3_DQS_20,3,20,3,3,HP,7VX980T, 7VX690T, 7VX485T
J44,IO_L22P_T3_20,3,20,3,3,HP,7VX980T, 7VX690T, 7VX485T
H44,IO_L22N_T3_20,3,20,3,3,HP,7VX980T, 7VX690T, 7VX485T
G42,IO_L23P_T3_20,3,20,3,3,HP,7VX980T, 7VX690T, 7VX485T
G43,IO_L23N_T3_20,3,20,3,3,HP,7VX980T, 7VX690T, 7VX485T
H42,IO_L24P_T3_20,3,20,3,3,HP,7VX980T, 7VX690T, 7VX485T
H43,IO_L24N_T3_20,3,20,3,3,HP,7VX980T, 7VX690T, 7VX485T
H33,IO_25_VRP_20,NA,20,3,3,HP,7VX980T, 7VX690T, 7VX485T
C32,IO_0_VRN_21,NA,21,3,3,HP,7VX980T, 7VX690T, 7VX485T
B32,IO_L1P_T0_21,0,21,3,3,HP,7VX980T, 7VX690T, 7VX485T
B33,IO_L1N_T0_21,0,21,3,3,HP,7VX980T, 7VX690T, 7VX485T
A33,IO_L2P_T0_21,0,21,3,3,HP,7VX980T, 7VX690T, 7VX485T
A34,IO_L2N_T0_21,0,21,3,3,HP,7VX980T, 7VX690T, 7VX485T
C33,IO_L3P_T0_DQS_21,0,21,3,3,HP,7VX980T, 7VX690T, 7VX485T
C34,IO_L3N_T0_DQS_21,0,21,3,3,HP,7VX980T, 7VX690T, 7VX485T
B31,IO_L4P_T0_21,0,21,3,3,HP,7VX980T, 7VX690T, 7VX485T
A31,IO_L4N_T0_21,0,21,3,3,HP,7VX980T, 7VX690T, 7VX485T
D34,IO_L5P_T0_21,0,21,3,3,HP,7VX980T, 7VX690T, 7VX485T
C35,IO_L5N_T0_21,0,21,3,3,HP,7VX980T, 7VX690T, 7VX485T
D31,IO_L6P_T0_21,0,21,3,3,HP,7VX980T, 7VX690T, 7VX485T
D32,IO_L6N_T0_VREF_21,0,21,3,3,HP,7VX980T, 7VX690T, 7VX485T
E36,IO_L7P_T1_21,1,21,3,3,HP,7VX980T, 7VX690T, 7VX485T
D36,IO_L7N_T1_21,1,21,3,3,HP,7VX980T, 7VX690T, 7VX485T
A35,IO_L8P_T1_21,1,21,3,3,HP,7VX980T, 7VX690T, 7VX485T
A36,IO_L8N_T1_21,1,21,3,3,HP,7VX980T, 7VX690T, 7VX485T
E37,IO_L9P_T1_DQS_21,1,21,3,3,HP,7VX980T, 7VX690T, 7VX485T
E38,IO_L9N_T1_DQS_21,1,21,3,3,HP,7VX980T, 7VX690T, 7VX485T
B35,IO_L10P_T1_21,1,21,3,3,HP,7VX980T, 7VX690T, 7VX485T
B36,IO_L10N_T1_21,1,21,3,3,HP,7VX980T, 7VX690T, 7VX485T
D37,IO_L11P_T1_SRCC_21,1,21,3,3,HP,7VX980T, 7VX690T, 7VX485T
C38,IO_L11N_T1_SRCC_21,1,21,3,3,HP,7VX980T, 7VX690T, 7VX485T
C37,IO_L12P_T1_MRCC_21,1,21,3,3,HP,7VX980T, 7VX690T, 7VX485T
B37,IO_L12N_T1_MRCC_21,1,21,3,3,HP,7VX980T, 7VX690T, 7VX485T
B38,IO_L13P_T2_MRCC_21,2,21,3,3,HP,7VX980T, 7VX690T, 7VX485T
A38,IO_L13N_T2_MRCC_21,2,21,3,3,HP,7VX980T, 7VX690T, 7VX485T
D39,IO_L14P_T2_SRCC_21,2,21,3,3,HP,7VX980T, 7VX690T, 7VX485T
C39,IO_L14N_T2_SRCC_21,2,21,3,3,HP,7VX980T, 7VX690T, 7VX485T
A39,IO_L15P_T2_DQS_21,2,21,3,3,HP,7VX980T, 7VX690T, 7VX485T
A40,IO_L15N_T2_DQS_21,2,21,3,3,HP,7VX980T, 7VX690T, 7VX485T
E39,IO_L16P_T2_21,2,21,3,3,HP,7VX980T, 7VX690T, 7VX485T
D40,IO_L16N_T2_21,2,21,3,3,HP,7VX980T, 7VX690T, 7VX485T
B41,IO_L17P_T2_21,2,21,3,3,HP,7VX980T, 7VX690T, 7VX485T
A41,IO_L17N_T2_21,2,21,3,3,HP,7VX980T, 7VX690T, 7VX485T
C40,IO_L18P_T2_21,2,21,3,3,HP,7VX980T, 7VX690T, 7VX485T
B40,IO_L18N_T2_21,2,21,3,3,HP,7VX980T, 7VX690T, 7VX485T
E41,IO_L19P_T3_21,3,21,3,3,HP,7VX980T, 7VX690T, 7VX485T
D41,IO_L19N_T3_VREF_21,3,21,3,3,HP,7VX980T, 7VX690T, 7VX485T
B42,IO_L20P_T3_21,3,21,3,3,HP,7VX980T, 7VX690T, 7VX485T
B43,IO_L20N_T3_21,3,21,3,3,HP,7VX980T, 7VX690T, 7VX485T
E42,IO_L21P_T3_DQS_21,3,21,3,3,HP,7VX980T, 7VX690T, 7VX485T
D42,IO_L21N_T3_DQS_21,3,21,3,3,HP,7VX980T, 7VX690T, 7VX485T
C42,IO_L22P_T3_21,3,21,3,3,HP,7VX980T, 7VX690T, 7VX485T
C43,IO_L22N_T3_21,3,21,3,3,HP,7VX980T, 7VX690T, 7VX485T
D44,IO_L23P_T3_21,3,21,3,3,HP,7VX980T, 7VX690T, 7VX485T
C44,IO_L23N_T3_21,3,21,3,3,HP,7VX980T, 7VX690T, 7VX485T
E43,IO_L24P_T3_21,3,21,3,3,HP,7VX980T, 7VX690T, 7VX485T
E44,IO_L24N_T3_21,3,21,3,3,HP,7VX980T, 7VX690T, 7VX485T
D35,IO_25_VRP_21,NA,21,3,3,HP,7VX980T, 7VX690T, 7VX485T
AH18,IO_0_VRN_30,NA,30,4,0,HP,7VX485T,,
AJ17,IO_L1P_T0_30,0,30,4,0,HP,7VX485T,,
AK17,IO_L1N_T0_30,0,30,4,0,HP,7VX485T,,
AK18,IO_L2P_T0_30,0,30,4,0,HP,7VX485T,,
AL18,IO_L2N_T0_30,0,30,4,0,HP,7VX485T,,
AH19,IO_L3P_T0_DQS_30,0,30,4,0,HP,7VX485T,,
AJ19,IO_L3N_T0_DQS_30,0,30,4,0,HP,7VX485T,,
AK19,IO_L4P_T0_30,0,30,4,0,HP,7VX485T,,
AL19,IO_L4N_T0_30,0,30,4,0,HP,7VX485T,,
AH20,IO_L5P_T0_30,0,30,4,0,HP,7VX485T,,
AJ20,IO_L5N_T0_30,0,30,4,0,HP,7VX485T,,
AL20,IO_L6P_T0_30,0,30,4,0,HP,7VX485T,,
AM20,IO_L6N_T0_VREF_30,0,30,4,0,HP,7VX485T,,
AM18,IO_L7P_T1_30,1,30,4,0,HP,7VX485T,,
AN17,IO_L7N_T1_30,1,30,4,0,HP,7VX485T,,
AN19,IO_L8P_T1_30,1,30,4,0,HP,7VX485T,,
AN18,IO_L8N_T1_30,1,30,4,0,HP,7VX485T,,
AP19,IO_L9P_T1_DQS_30,1,30,4,0,HP,7VX485T,,
AR18,IO_L9N_T1_DQS_30,1,30,4,0,HP,7VX485T,,
AN20,IO_L10P_T1_30,1,30,4,0,HP,7VX485T,,
AP20,IO_L10N_T1_30,1,30,4,0,HP,7VX485T,,
AT20,IO_L11P_T1_SRCC_30,1,30,4,0,HP,7VX485T,,
AT19,IO_L11N_T1_SRCC_30,1,30,4,0,HP,7VX485T,,
AR19,IO_L12P_T1_MRCC_30,1,30,4,0,HP,7VX485T,,
AT18,IO_L12N_T1_MRCC_30,1,30,4,0,HP,7VX485T,,
AU20,IO_L13P_T2_MRCC_30,2,30,4,0,HP,7VX485T,,
AV20,IO_L13N_T2_MRCC_30,2,30,4,0,HP,7VX485T,,
AU18,IO_L14P_T2_SRCC_30,2,30,4,0,HP,7VX485T,,
AV18,IO_L14N_T2_SRCC_30,2,30,4,0,HP,7VX485T,,
AV19,IO_L15P_T2_DQS_30,2,30,4,0,HP,7VX485T,,
AW19,IO_L15N_T2_DQS_30,2,30,4,0,HP,7VX485T,,
AW21,IO_L16P_T2_30,2,30,4,0,HP,7VX485T,,
AY21,IO_L16N_T2_30,2,30,4,0,HP,7VX485T,,
AY18,IO_L17P_T2_30,2,30,4,0,HP,7VX485T,,
BA18,IO_L17N_T2_30,2,30,4,0,HP,7VX485T,,
AW20,IO_L18P_T2_30,2,30,4,0,HP,7VX485T,,
AY19,IO_L18N_T2_30,2,30,4,0,HP,7VX485T,,
BA20,IO_L19P_T3_30,3,30,4,0,HP,7VX485T,,
BA19,IO_L19N_T3_VREF_30,3,30,4,0,HP,7VX485T,,
BA21,IO_L20P_T3_30,3,30,4,0,HP,7VX485T,,
BB21,IO_L20N_T3_30,3,30,4,0,HP,7VX485T,,
BC19,IO_L21P_T3_DQS_30,3,30,4,0,HP,7VX485T,,
BD19,IO_L21N_T3_DQS_30,3,30,4,0,HP,7VX485T,,
BB20,IO_L22P_T3_30,3,30,4,0,HP,7VX485T,,
BC20,IO_L22N_T3_30,3,30,4,0,HP,7VX485T,,
BB18,IO_L23P_T3_30,3,30,4,0,HP,7VX485T,,
BC18,IO_L23N_T3_30,3,30,4,0,HP,7VX485T,,
BD21,IO_L24P_T3_30,3,30,4,0,HP,7VX485T,,
BD20,IO_L24N_T3_30,3,30,4,0,HP,7VX485T,,
AH17,IO_25_VRP_30,NA,30,4,0,HP,7VX485T,,
AH14,IO_0_VRN_31,NA,31,4,0,HP,7VX485T,,
AJ14,IO_L1P_T0_31,0,31,4,0,HP,7VX485T,,
AK14,IO_L1N_T0_31,0,31,4,0,HP,7VX485T,,
AJ16,IO_L2P_T0_31,0,31,4,0,HP,7VX485T,,
AK16,IO_L2N_T0_31,0,31,4,0,HP,7VX485T,,
AL15,IO_L3P_T0_DQS_31,0,31,4,0,HP,7VX485T,,
AL14,IO_L3N_T0_DQS_31,0,31,4,0,HP,7VX485T,,
AH15,IO_L4P_T0_31,0,31,4,0,HP,7VX485T,,
AJ15,IO_L4N_T0_31,0,31,4,0,HP,7VX485T,,
AL16,IO_L5P_T0_31,0,31,4,0,HP,7VX485T,,
AM16,IO_L5N_T0_31,0,31,4,0,HP,7VX485T,,
AM15,IO_L6P_T0_31,0,31,4,0,HP,7VX485T,,
AN15,IO_L6N_T0_VREF_31,0,31,4,0,HP,7VX485T,,
AP17,IO_L7P_T1_31,1,31,4,0,HP,7VX485T,,
AR17,IO_L7N_T1_31,1,31,4,0,HP,7VX485T,,
AP15,IO_L8P_T1_31,1,31,4,0,HP,7VX485T,,
AP14,IO_L8N_T1_31,1,31,4,0,HP,7VX485T,,
AR14,IO_L9P_T1_DQS_31,1,31,4,0,HP,7VX485T,,
AT14,IO_L9N_T1_DQS_31,1,31,4,0,HP,7VX485T,,
AP16,IO_L10P_T1_31,1,31,4,0,HP,7VX485T,,
AR16,IO_L10N_T1_31,1,31,4,0,HP,7VX485T,,
AT15,IO_L11P_T1_SRCC_31,1,31,4,0,HP,7VX485T,,
AU15,IO_L11N_T1_SRCC_31,1,31,4,0,HP,7VX485T,,
AT16,IO_L12P_T1_MRCC_31,1,31,4,0,HP,7VX485T,,
AU16,IO_L12N_T1_MRCC_31,1,31,4,0,HP,7VX485T,,
AV15,IO_L13P_T2_MRCC_31,2,31,4,0,HP,7VX485T,,
AV14,IO_L13N_T2_MRCC_31,2,31,4,0,HP,7VX485T,,
AU17,IO_L14P_T2_SRCC_31,2,31,4,0,HP,7VX485T,,
AV17,IO_L14N_T2_SRCC_31,2,31,4,0,HP,7VX485T,,
AW14,IO_L15P_T2_DQS_31,2,31,4,0,HP,7VX485T,,
AY14,IO_L15N_T2_DQS_31,2,31,4,0,HP,7VX485T,,
AY16,IO_L16P_T2_31,2,31,4,0,HP,7VX485T,,
BA16,IO_L16N_T2_31,2,31,4,0,HP,7VX485T,,
AW16,IO_L17P_T2_31,2,31,4,0,HP,7VX485T,,
AW15,IO_L17N_T2_31,2,31,4,0,HP,7VX485T,,
AW17,IO_L18P_T2_31,2,31,4,0,HP,7VX485T,,
AY17,IO_L18N_T2_31,2,31,4,0,HP,7VX485T,,
BA15,IO_L19P_T3_31,3,31,4,0,HP,7VX485T,,
BA14,IO_L19N_T3_VREF_31,3,31,4,0,HP,7VX485T,,
BB16,IO_L20P_T3_31,3,31,4,0,HP,7VX485T,,
BB15,IO_L20N_T3_31,3,31,4,0,HP,7VX485T,,
BD15,IO_L21P_T3_DQS_31,3,31,4,0,HP,7VX485T,,
BD14,IO_L21N_T3_DQS_31,3,31,4,0,HP,7VX485T,,
BC15,IO_L22P_T3_31,3,31,4,0,HP,7VX485T,,
BC14,IO_L22N_T3_31,3,31,4,0,HP,7VX485T,,
BB17,IO_L23P_T3_31,3,31,4,0,HP,7VX485T,,
BC17,IO_L23N_T3_31,3,31,4,0,HP,7VX485T,,
BD17,IO_L24P_T3_31,3,31,4,0,HP,7VX485T,,
BD16,IO_L24N_T3_31,3,31,4,0,HP,7VX485T,,
AM17,IO_25_VRP_31,NA,31,4,0,HP,7VX485T,,
AK11,IO_0_VRN_32,NA,32,4,0,HP,7VX485T,,
AJ12,IO_L1P_T0_32,0,32,4,0,HP,7VX485T,,
AK12,IO_L1N_T0_32,0,32,4,0,HP,7VX485T,,
AK13,IO_L2P_T0_32,0,32,4,0,HP,7VX485T,,
AL13,IO_L2N_T0_32,0,32,4,0,HP,7VX485T,,
AM12,IO_L3P_T0_DQS_32,0,32,4,0,HP,7VX485T,,
AN12,IO_L3N_T0_DQS_32,0,32,4,0,HP,7VX485T,,
AL11,IO_L4P_T0_32,0,32,4,0,HP,7VX485T,,
AL10,IO_L4N_T0_32,0,32,4,0,HP,7VX485T,,
AM13,IO_L5P_T0_32,0,32,4,0,HP,7VX485T,,
AN13,IO_L5N_T0_32,0,32,4,0,HP,7VX485T,,
AM11,IO_L6P_T0_32,0,32,4,0,HP,7VX485T,,
AM10,IO_L6N_T0_VREF_32,0,32,4,0,HP,7VX485T,,
AP12,IO_L7P_T1_32,1,32,4,0,HP,7VX485T,,
AR12,IO_L7N_T1_32,1,32,4,0,HP,7VX485T,,
AN10,IO_L8P_T1_32,1,32,4,0,HP,7VX485T,,
AP10,IO_L8N_T1_32,1,32,4,0,HP,7VX485T,,
AR13,IO_L9P_T1_DQS_32,1,32,4,0,HP,7VX485T,,
AT13,IO_L9N_T1_DQS_32,1,32,4,0,HP,7VX485T,,
AP11,IO_L10P_T1_32,1,32,4,0,HP,7VX485T,,
AR11,IO_L10N_T1_32,1,32,4,0,HP,7VX485T,,
AU13,IO_L11P_T1_SRCC_32,1,32,4,0,HP,7VX485T,,
AU12,IO_L11N_T1_SRCC_32,1,32,4,0,HP,7VX485T,,
AT11,IO_L12P_T1_MRCC_32,1,32,4,0,HP,7VX485T,,
AT10,IO_L12N_T1_MRCC_32,1,32,4,0,HP,7VX485T,,
AU11,IO_L13P_T2_MRCC_32,2,32,4,0,HP,7VX485T,,
AU10,IO_L13N_T2_MRCC_32,2,32,4,0,HP,7VX485T,,
AV13,IO_L14P_T2_SRCC_32,2,32,4,0,HP,7VX485T,,
AV12,IO_L14N_T2_SRCC_32,2,32,4,0,HP,7VX485T,,
AV10,IO_L15P_T2_DQS_32,2,32,4,0,HP,7VX485T,,
AW10,IO_L15N_T2_DQS_32,2,32,4,0,HP,7VX485T,,
AW12,IO_L16P_T2_32,2,32,4,0,HP,7VX485T,,
AY12,IO_L16N_T2_32,2,32,4,0,HP,7VX485T,,
AW11,IO_L17P_T2_32,2,32,4,0,HP,7VX485T,,
AY11,IO_L17N_T2_32,2,32,4,0,HP,7VX485T,,
AY13,IO_L18P_T2_32,2,32,4,0,HP,7VX485T,,
BA13,IO_L18N_T2_32,2,32,4,0,HP,7VX485T,,
BA11,IO_L19P_T3_32,3,32,4,0,HP,7VX485T,,
BA10,IO_L19N_T3_VREF_32,3,32,4,0,HP,7VX485T,,
BB13,IO_L20P_T3_32,3,32,4,0,HP,7VX485T,,
BB12,IO_L20N_T3_32,3,32,4,0,HP,7VX485T,,
BB11,IO_L21P_T3_DQS_32,3,32,4,0,HP,7VX485T,,
BB10,IO_L21N_T3_DQS_32,3,32,4,0,HP,7VX485T,,
BC13,IO_L22P_T3_32,3,32,4,0,HP,7VX485T,,
BC12,IO_L22N_T3_32,3,32,4,0,HP,7VX485T,,
BC10,IO_L23P_T3_32,3,32,4,0,HP,7VX485T,,
BD10,IO_L23N_T3_32,3,32,4,0,HP,7VX485T,,
BD12,IO_L24P_T3_32,3,32,4,0,HP,7VX485T,,
BD11,IO_L24N_T3_32,3,32,4,0,HP,7VX485T,,
AN14,IO_25_VRP_32,NA,32,4,0,HP,7VX485T,,
U26,IO_0_VRN_33,NA,33,5,1,HP,NA,,
T28,IO_L1P_T0_33,0,33,5,1,HP,NA,,
T29,IO_L1N_T0_33,0,33,5,1,HP,NA,,
T26,IO_L2P_T0_33,0,33,5,1,HP,NA,,
R26,IO_L2N_T0_33,0,33,5,1,HP,NA,,
R29,IO_L3P_T0_DQS_33,0,33,5,1,HP,NA,,
P29,IO_L3N_T0_DQS_33,0,33,5,1,HP,NA,,
P26,IO_L4P_T0_33,0,33,5,1,HP,NA,,
P27,IO_L4N_T0_33,0,33,5,1,HP,NA,,
N27,IO_L5P_T0_33,0,33,5,1,HP,NA,,
N28,IO_L5N_T0_33,0,33,5,1,HP,NA,,
R27,IO_L6P_T0_33,0,33,5,1,HP,NA,,
R28,IO_L6N_T0_VREF_33,0,33,5,1,HP,NA,,
M27,IO_L7P_T1_33,1,33,5,1,HP,NA,,
M28,IO_L7N_T1_33,1,33,5,1,HP,NA,,
L28,IO_L8P_T1_33,1,33,5,1,HP,NA,,
K28,IO_L8N_T1_33,1,33,5,1,HP,NA,,
L29,IO_L9P_T1_DQS_33,1,33,5,1,HP,NA,,
K29,IO_L9N_T1_DQS_33,1,33,5,1,HP,NA,,
K27,IO_L10P_T1_33,1,33,5,1,HP,NA,,
J27,IO_L10N_T1_33,1,33,5,1,HP,NA,,
J29,IO_L11P_T1_SRCC_33,1,33,5,1,HP,NA,,
J30,IO_L11N_T1_SRCC_33,1,33,5,1,HP,NA,,
H29,IO_L12P_T1_MRCC_33,1,33,5,1,HP,NA,,
H30,IO_L12N_T1_MRCC_33,1,33,5,1,HP,NA,,
H27,IO_L13P_T2_MRCC_33,2,33,5,1,HP,NA,,
H28,IO_L13N_T2_MRCC_33,2,33,5,1,HP,NA,,
G27,IO_L14P_T2_SRCC_33,2,33,5,1,HP,NA,,
G28,IO_L14N_T2_SRCC_33,2,33,5,1,HP,NA,,
E27,IO_L15P_T2_DQS_33,2,33,5,1,HP,NA,,
D27,IO_L15N_T2_DQS_33,2,33,5,1,HP,NA,,
F29,IO_L16P_T2_33,2,33,5,1,HP,NA,,
E29,IO_L16N_T2_33,2,33,5,1,HP,NA,,
F28,IO_L17P_T2_33,2,33,5,1,HP,NA,,
E28,IO_L17N_T2_33,2,33,5,1,HP,NA,,
G30,IO_L18P_T2_33,2,33,5,1,HP,NA,,
F30,IO_L18N_T2_33,2,33,5,1,HP,NA,,
D29,IO_L19P_T3_33,3,33,5,1,HP,NA,,
D30,IO_L19N_T3_VREF_33,3,33,5,1,HP,NA,,
A28,IO_L20P_T3_33,3,33,5,1,HP,NA,,
A29,IO_L20N_T3_33,3,33,5,1,HP,NA,,
C27,IO_L21P_T3_DQS_33,3,33,5,1,HP,NA,,
C28,IO_L21N_T3_DQS_33,3,33,5,1,HP,NA,,
C29,IO_L22P_T3_33,3,33,5,1,HP,NA,,
C30,IO_L22N_T3_33,3,33,5,1,HP,NA,,
B27,IO_L23P_T3_33,3,33,5,1,HP,NA,,
B28,IO_L23N_T3_33,3,33,5,1,HP,NA,,
B30,IO_L24P_T3_33,3,33,5,1,HP,NA,,
A30,IO_L24N_T3_33,3,33,5,1,HP,NA,,
N29,IO_25_VRP_33,NA,33,5,1,HP,NA,,
U22,IO_0_VRN_34,NA,34,5,1,HP,NA,,
P24,IO_L1P_T0_34,0,34,5,1,HP,NA,,
N24,IO_L1N_T0_34,0,34,5,1,HP,NA,,
T23,IO_L2P_T0_34,0,34,5,1,HP,NA,,
R23,IO_L2N_T0_34,0,34,5,1,HP,NA,,
R24,IO_L3P_T0_DQS_34,0,34,5,1,HP,NA,,
P25,IO_L3N_T0_DQS_34,0,34,5,1,HP,NA,,
R22,IO_L4P_T0_34,0,34,5,1,HP,NA,,
P22,IO_L4N_T0_34,0,34,5,1,HP,NA,,
U25,IO_L5P_T0_34,0,34,5,1,HP,NA,,
T25,IO_L5N_T0_34,0,34,5,1,HP,NA,,
U23,IO_L6P_T0_34,0,34,5,1,HP,NA,,
T24,IO_L6N_T0_VREF_34,0,34,5,1,HP,NA,,
L24,IO_L7P_T1_34,1,34,5,1,HP,NA,,
L25,IO_L7N_T1_34,1,34,5,1,HP,NA,,
N23,IO_L8P_T1_34,1,34,5,1,HP,NA,,
M23,IO_L8N_T1_34,1,34,5,1,HP,NA,,
M25,IO_L9P_T1_DQS_34,1,34,5,1,HP,NA,,
M26,IO_L9N_T1_DQS_34,1,34,5,1,HP,NA,,
L23,IO_L10P_T1_34,1,34,5,1,HP,NA,,
K23,IO_L10N_T1_34,1,34,5,1,HP,NA,,
L26,IO_L11P_T1_SRCC_34,1,34,5,1,HP,NA,,
K26,IO_L11N_T1_SRCC_34,1,34,5,1,HP,NA,,
K24,IO_L12P_T1_MRCC_34,1,34,5,1,HP,NA,,
J24,IO_L12N_T1_MRCC_34,1,34,5,1,HP,NA,,
H23,IO_L13P_T2_MRCC_34,2,34,5,1,HP,NA,,
H24,IO_L13N_T2_MRCC_34,2,34,5,1,HP,NA,,
J25,IO_L14P_T2_SRCC_34,2,34,5,1,HP,NA,,
J26,IO_L14N_T2_SRCC_34,2,34,5,1,HP,NA,,
H25,IO_L15P_T2_DQS_34,2,34,5,1,HP,NA,,
G25,IO_L15N_T2_DQS_34,2,34,5,1,HP,NA,,
F24,IO_L16P_T2_34,2,34,5,1,HP,NA,,
F25,IO_L16N_T2_34,2,34,5,1,HP,NA,,
G23,IO_L17P_T2_34,2,34,5,1,HP,NA,,
F23,IO_L17N_T2_34,2,34,5,1,HP,NA,,
G26,IO_L18P_T2_34,2,34,5,1,HP,NA,,
F26,IO_L18N_T2_34,2,34,5,1,HP,NA,,
E26,IO_L19P_T3_34,3,34,5,1,HP,NA,,
D26,IO_L19N_T3_VREF_34,3,34,5,1,HP,NA,,
E24,IO_L20P_T3_34,3,34,5,1,HP,NA,,
D24,IO_L20N_T3_34,3,34,5,1,HP,NA,,
A24,IO_L21P_T3_DQS_34,3,34,5,1,HP,NA,,
A25,IO_L21N_T3_DQS_34,3,34,5,1,HP,NA,,
D25,IO_L22P_T3_34,3,34,5,1,HP,NA,,
C25,IO_L22N_T3_34,3,34,5,1,HP,NA,,
B26,IO_L23P_T3_34,3,34,5,1,HP,NA,,
A26,IO_L23N_T3_34,3,34,5,1,HP,NA,,
C24,IO_L24P_T3_34,3,34,5,1,HP,NA,,
B25,IO_L24N_T3_34,3,34,5,1,HP,NA,,
N25,IO_25_VRP_34,NA,34,5,1,HP,NA,,
U18,IO_0_VRN_35,NA,35,5,1,HP,NA,,
T20,IO_L1P_T0_AD4P_35,0,35,5,1,HP,NA,,
T19,IO_L1N_T0_AD4N_35,0,35,5,1,HP,NA,,
T18,IO_L2P_T0_AD12P_35,0,35,5,1,HP,NA,,
R18,IO_L2N_T0_AD12N_35,0,35,5,1,HP,NA,,
U21,IO_L3P_T0_DQS_AD5P_35,0,35,5,1,HP,NA,,
U20,IO_L3N_T0_DQS_AD5N_35,0,35,5,1,HP,NA,,
R19,IO_L4P_T0_35,0,35,5,1,HP,NA,,
P19,IO_L4N_T0_35,0,35,5,1,HP,NA,,
T21,IO_L5P_T0_AD13P_35,0,35,5,1,HP,NA,,
R21,IO_L5N_T0_AD13N_35,0,35,5,1,HP,NA,,
P20,IO_L6P_T0_35,0,35,5,1,HP,NA,,
N19,IO_L6N_T0_VREF_35,0,35,5,1,HP,NA,,
N22,IO_L7P_T1_AD6P_35,1,35,5,1,HP,NA,,
M22,IO_L7N_T1_AD6N_35,1,35,5,1,HP,NA,,
N20,IO_L8P_T1_AD14P_35,1,35,5,1,HP,NA,,
M20,IO_L8N_T1_AD14N_35,1,35,5,1,HP,NA,,
L20,IO_L9P_T1_DQS_AD7P_35,1,35,5,1,HP,NA,,
L19,IO_L9N_T1_DQS_AD7N_35,1,35,5,1,HP,NA,,
M21,IO_L10P_T1_AD15P_35,1,35,5,1,HP,NA,,
L21,IO_L10N_T1_AD15N_35,1,35,5,1,HP,NA,,
K22,IO_L11P_T1_SRCC_35,1,35,5,1,HP,NA,,
J22,IO_L11N_T1_SRCC_35,1,35,5,1,HP,NA,,
K21,IO_L12P_T1_MRCC_35,1,35,5,1,HP,NA,,
J21,IO_L12N_T1_MRCC_35,1,35,5,1,HP,NA,,
J20,IO_L13P_T2_MRCC_35,2,35,5,1,HP,NA,,
H20,IO_L13N_T2_MRCC_35,2,35,5,1,HP,NA,,
H22,IO_L14P_T2_SRCC_35,2,35,5,1,HP,NA,,
G22,IO_L14N_T2_SRCC_35,2,35,5,1,HP,NA,,
G20,IO_L15P_T2_DQS_35,2,35,5,1,HP,NA,,
F20,IO_L15N_T2_DQS_35,2,35,5,1,HP,NA,,
E22,IO_L16P_T2_35,2,35,5,1,HP,NA,,
E21,IO_L16N_T2_35,2,35,5,1,HP,NA,,
G21,IO_L17P_T2_35,2,35,5,1,HP,NA,,
F21,IO_L17N_T2_35,2,35,5,1,HP,NA,,
E23,IO_L18P_T2_35,2,35,5,1,HP,NA,,
D22,IO_L18N_T2_35,2,35,5,1,HP,NA,,
D21,IO_L19P_T3_35,3,35,5,1,HP,NA,,
D20,IO_L19N_T3_VREF_35,3,35,5,1,HP,NA,,
C20,IO_L20P_T3_35,3,35,5,1,HP,NA,,
B20,IO_L20N_T3_35,3,35,5,1,HP,NA,,
C23,IO_L21P_T3_DQS_35,3,35,5,1,HP,NA,,
B22,IO_L21N_T3_DQS_35,3,35,5,1,HP,NA,,
C22,IO_L22P_T3_35,3,35,5,1,HP,NA,,
B21,IO_L22N_T3_35,3,35,5,1,HP,NA,,
B23,IO_L23P_T3_35,3,35,5,1,HP,NA,,
A23,IO_L23N_T3_35,3,35,5,1,HP,NA,,
A21,IO_L24P_T3_35,3,35,5,1,HP,NA,,
A20,IO_L24N_T3_35,3,35,5,1,HP,NA,,
P21,IO_25_VRP_35,NA,35,5,1,HP,NA,,
K6,IO_0_VRN_36,NA,36,6,2,HP,NA,,
A4,IO_L1P_T0_36,0,36,6,2,HP,NA,,
A3,IO_L1N_T0_36,0,36,6,2,HP,NA,,
B6,IO_L2P_T0_36,0,36,6,2,HP,NA,,
A6,IO_L2N_T0_36,0,36,6,2,HP,NA,,
C3,IO_L3P_T0_DQS_36,0,36,6,2,HP,NA,,
B3,IO_L3N_T0_DQS_36,0,36,6,2,HP,NA,,
B5,IO_L4P_T0_36,0,36,6,2,HP,NA,,
A5,IO_L4N_T0_36,0,36,6,2,HP,NA,,
C2,IO_L5P_T0_36,0,36,6,2,HP,NA,,
B2,IO_L5N_T0_36,0,36,6,2,HP,NA,,
C5,IO_L6P_T0_36,0,36,6,2,HP,NA,,
C4,IO_L6N_T0_VREF_36,0,36,6,2,HP,NA,,
D2,IO_L7P_T1_36,1,36,6,2,HP,NA,,
D1,IO_L7N_T1_36,1,36,6,2,HP,NA,,
E6,IO_L8P_T1_36,1,36,6,2,HP,NA,,
D5,IO_L8N_T1_36,1,36,6,2,HP,NA,,
F1,IO_L9P_T1_DQS_36,1,36,6,2,HP,NA,,
E1,IO_L9N_T1_DQS_36,1,36,6,2,HP,NA,,
E4,IO_L10P_T1_36,1,36,6,2,HP,NA,,
D4,IO_L10N_T1_36,1,36,6,2,HP,NA,,
F4,IO_L11P_T1_SRCC_36,1,36,6,2,HP,NA,,
F3,IO_L11N_T1_SRCC_36,1,36,6,2,HP,NA,,
E3,IO_L12P_T1_MRCC_36,1,36,6,2,HP,NA,,
E2,IO_L12N_T1_MRCC_36,1,36,6,2,HP,NA,,
F6,IO_L13P_T2_MRCC_36,2,36,6,2,HP,NA,,
F5,IO_L13N_T2_MRCC_36,2,36,6,2,HP,NA,,
G3,IO_L14P_T2_SRCC_36,2,36,6,2,HP,NA,,
G2,IO_L14N_T2_SRCC_36,2,36,6,2,HP,NA,,
G6,IO_L15P_T2_DQS_36,2,36,6,2,HP,NA,,
G5,IO_L15N_T2_DQS_36,2,36,6,2,HP,NA,,
H4,IO_L16P_T2_36,2,36,6,2,HP,NA,,
H3,IO_L16N_T2_36,2,36,6,2,HP,NA,,
J6,IO_L17P_T2_36,2,36,6,2,HP,NA,,
H5,IO_L17N_T2_36,2,36,6,2,HP,NA,,
H2,IO_L18P_T2_36,2,36,6,2,HP,NA,,
G1,IO_L18N_T2_36,2,36,6,2,HP,NA,,
J5,IO_L19P_T3_36,3,36,6,2,HP,NA,,
J4,IO_L19N_T3_VREF_36,3,36,6,2,HP,NA,,
J2,IO_L20P_T3_36,3,36,6,2,HP,NA,,
J1,IO_L20N_T3_36,3,36,6,2,HP,NA,,
K4,IO_L21P_T3_DQS_36,3,36,6,2,HP,NA,,
K3,IO_L21N_T3_DQS_36,3,36,6,2,HP,NA,,
L1,IO_L22P_T3_36,3,36,6,2,HP,NA,,
K1,IO_L22N_T3_36,3,36,6,2,HP,NA,,
L3,IO_L23P_T3_36,3,36,6,2,HP,NA,,
K2,IO_L23N_T3_36,3,36,6,2,HP,NA,,
L6,IO_L24P_T3_36,3,36,6,2,HP,NA,,
L5,IO_L24N_T3_36,3,36,6,2,HP,NA,,
L4,IO_25_VRP_36,NA,36,6,2,HP,NA,,
K11,IO_0_VRN_37,NA,37,6,2,HP,NA,,
B11,IO_L1P_T0_37,0,37,6,2,HP,NA,,
A11,IO_L1N_T0_37,0,37,6,2,HP,NA,,
A9,IO_L2P_T0_37,0,37,6,2,HP,NA,,
A8,IO_L2N_T0_37,0,37,6,2,HP,NA,,
B10,IO_L3P_T0_DQS_37,0,37,6,2,HP,NA,,
A10,IO_L3N_T0_DQS_37,0,37,6,2,HP,NA,,
B8,IO_L4P_T0_37,0,37,6,2,HP,NA,,
B7,IO_L4N_T0_37,0,37,6,2,HP,NA,,
C10,IO_L5P_T0_37,0,37,6,2,HP,NA,,
C9,IO_L5N_T0_37,0,37,6,2,HP,NA,,
C8,IO_L6P_T0_37,0,37,6,2,HP,NA,,
C7,IO_L6N_T0_VREF_37,0,37,6,2,HP,NA,,
E11,IO_L7P_T1_37,1,37,6,2,HP,NA,,
D11,IO_L7N_T1_37,1,37,6,2,HP,NA,,
E9,IO_L8P_T1_37,1,37,6,2,HP,NA,,
E8,IO_L8N_T1_37,1,37,6,2,HP,NA,,
D10,IO_L9P_T1_DQS_37,1,37,6,2,HP,NA,,
D9,IO_L9N_T1_DQS_37,1,37,6,2,HP,NA,,
D7,IO_L10P_T1_37,1,37,6,2,HP,NA,,
D6,IO_L10N_T1_37,1,37,6,2,HP,NA,,
F10,IO_L11P_T1_SRCC_37,1,37,6,2,HP,NA,,
F9,IO_L11N_T1_SRCC_37,1,37,6,2,HP,NA,,
F8,IO_L12P_T1_MRCC_37,1,37,6,2,HP,NA,,
E7,IO_L12N_T1_MRCC_37,1,37,6,2,HP,NA,,
G11,IO_L13P_T2_MRCC_37,2,37,6,2,HP,NA,,
F11,IO_L13N_T2_MRCC_37,2,37,6,2,HP,NA,,
G8,IO_L14P_T2_SRCC_37,2,37,6,2,HP,NA,,
G7,IO_L14N_T2_SRCC_37,2,37,6,2,HP,NA,,
J9,IO_L15P_T2_DQS_37,2,37,6,2,HP,NA,,
H9,IO_L15N_T2_DQS_37,2,37,6,2,HP,NA,,
H10,IO_L16P_T2_37,2,37,6,2,HP,NA,,
G10,IO_L16N_T2_37,2,37,6,2,HP,NA,,
H8,IO_L17P_T2_37,2,37,6,2,HP,NA,,
H7,IO_L17N_T2_37,2,37,6,2,HP,NA,,
J11,IO_L18P_T2_37,2,37,6,2,HP,NA,,
J10,IO_L18N_T2_37,2,37,6,2,HP,NA,,
K9,IO_L19P_T3_37,3,37,6,2,HP,NA,,
K8,IO_L19N_T3_VREF_37,3,37,6,2,HP,NA,,
K7,IO_L20P_T3_37,3,37,6,2,HP,NA,,
J7,IO_L20N_T3_37,3,37,6,2,HP,NA,,
L11,IO_L21P_T3_DQS_37,3,37,6,2,HP,NA,,
L10,IO_L21N_T3_DQS_37,3,37,6,2,HP,NA,,
L9,IO_L22P_T3_37,3,37,6,2,HP,NA,,
L8,IO_L22N_T3_37,3,37,6,2,HP,NA,,
M11,IO_L23P_T3_37,3,37,6,2,HP,NA,,
M10,IO_L23N_T3_37,3,37,6,2,HP,NA,,
P10,IO_L24P_T3_37,3,37,6,2,HP,NA,,
N10,IO_L24N_T3_37,3,37,6,2,HP,NA,,
M8,IO_25_VRP_37,NA,37,6,2,HP,NA,,
P15,IO_0_VRN_38,NA,38,6,2,HP,NA,,
D14,IO_L1P_T0_38,0,38,6,2,HP,NA,,
C14,IO_L1N_T0_38,0,38,6,2,HP,NA,,
C12,IO_L2P_T0_38,0,38,6,2,HP,NA,,
B12,IO_L2N_T0_38,0,38,6,2,HP,NA,,
A14,IO_L3P_T0_DQS_38,0,38,6,2,HP,NA,,
A13,IO_L3N_T0_DQS_38,0,38,6,2,HP,NA,,
E12,IO_L4P_T0_38,0,38,6,2,HP,NA,,
D12,IO_L4N_T0_38,0,38,6,2,HP,NA,,
C13,IO_L5P_T0_38,0,38,6,2,HP,NA,,
B13,IO_L5N_T0_38,0,38,6,2,HP,NA,,
E14,IO_L6P_T0_38,0,38,6,2,HP,NA,,
E13,IO_L6N_T0_VREF_38,0,38,6,2,HP,NA,,
G15,IO_L7P_T1_38,1,38,6,2,HP,NA,,
F15,IO_L7N_T1_38,1,38,6,2,HP,NA,,
G13,IO_L8P_T1_38,1,38,6,2,HP,NA,,
G12,IO_L8N_T1_38,1,38,6,2,HP,NA,,
F14,IO_L9P_T1_DQS_38,1,38,6,2,HP,NA,,
F13,IO_L9N_T1_DQS_38,1,38,6,2,HP,NA,,
H15,IO_L10P_T1_38,1,38,6,2,HP,NA,,
H14,IO_L10N_T1_38,1,38,6,2,HP,NA,,
H13,IO_L11P_T1_SRCC_38,1,38,6,2,HP,NA,,
H12,IO_L11N_T1_SRCC_38,1,38,6,2,HP,NA,,
J15,IO_L12P_T1_MRCC_38,1,38,6,2,HP,NA,,
J14,IO_L12N_T1_MRCC_38,1,38,6,2,HP,NA,,
K14,IO_L13P_T2_MRCC_38,2,38,6,2,HP,NA,,
K13,IO_L13N_T2_MRCC_38,2,38,6,2,HP,NA,,
K12,IO_L14P_T2_SRCC_38,2,38,6,2,HP,NA,,
J12,IO_L14N_T2_SRCC_38,2,38,6,2,HP,NA,,
M15,IO_L15P_T2_DQS_38,2,38,6,2,HP,NA,,
L15,IO_L15N_T2_DQS_38,2,38,6,2,HP,NA,,
L14,IO_L16P_T2_38,2,38,6,2,HP,NA,,
L13,IO_L16N_T2_38,2,38,6,2,HP,NA,,
N15,IO_L17P_T2_38,2,38,6,2,HP,NA,,
N14,IO_L17N_T2_38,2,38,6,2,HP,NA,,
M13,IO_L18P_T2_38,2,38,6,2,HP,NA,,
M12,IO_L18N_T2_38,2,38,6,2,HP,NA,,
N13,IO_L19P_T3_38,3,38,6,2,HP,NA,,
N12,IO_L19N_T3_VREF_38,3,38,6,2,HP,NA,,
P12,IO_L20P_T3_38,3,38,6,2,HP,NA,,
P11,IO_L20N_T3_38,3,38,6,2,HP,NA,,
R14,IO_L21P_T3_DQS_38,3,38,6,2,HP,NA,,
P14,IO_L21N_T3_DQS_38,3,38,6,2,HP,NA,,
R13,IO_L22P_T3_38,3,38,6,2,HP,NA,,
R12,IO_L22N_T3_38,3,38,6,2,HP,NA,,
T14,IO_L23P_T3_38,3,38,6,2,HP,NA,,
T13,IO_L23N_T3_38,3,38,6,2,HP,NA,,
U15,IO_L24P_T3_38,3,38,6,2,HP,NA,,
T15,IO_L24N_T3_38,3,38,6,2,HP,NA,,
R11,IO_25_VRP_38,NA,38,6,2,HP,NA,,
L18,IO_0_VRN_39,NA,39,7,3,HP,7VX980T,,
M18,IO_L1P_T0_39,0,39,7,3,HP,7VX980T,,
M17,IO_L1N_T0_39,0,39,7,3,HP,7VX980T,,
M16,IO_L2P_T0_39,0,39,7,3,HP,7VX980T,,
L16,IO_L2N_T0_39,0,39,7,3,HP,7VX980T,,
N18,IO_L3P_T0_DQS_39,0,39,7,3,HP,7VX980T,,
N17,IO_L3N_T0_DQS_39,0,39,7,3,HP,7VX980T,,
U16,IO_L4P_T0_39,0,39,7,3,HP,7VX980T,,
T16,IO_L4N_T0_39,0,39,7,3,HP,7VX980T,,
R16,IO_L5P_T0_39,0,39,7,3,HP,7VX980T,,
P16,IO_L5N_T0_39,0,39,7,3,HP,7VX980T,,
R17,IO_L6P_T0_39,0,39,7,3,HP,7VX980T,,
P17,IO_L6N_T0_VREF_39,0,39,7,3,HP,7VX980T,,
J17,IO_L7P_T1_39,1,39,7,3,HP,7VX980T,,
J16,IO_L7N_T1_39,1,39,7,3,HP,7VX980T,,
K17,IO_L8P_T1_39,1,39,7,3,HP,7VX980T,,
K16,IO_L8N_T1_39,1,39,7,3,HP,7VX980T,,
K19,IO_L9P_T1_DQS_39,1,39,7,3,HP,7VX980T,,
K18,IO_L9N_T1_DQS_39,1,39,7,3,HP,7VX980T,,
J19,IO_L10P_T1_39,1,39,7,3,HP,7VX980T,,
H19,IO_L10N_T1_39,1,39,7,3,HP,7VX980T,,
H18,IO_L11P_T1_SRCC_39,1,39,7,3,HP,7VX980T,,
H17,IO_L11N_T1_SRCC_39,1,39,7,3,HP,7VX980T,,
G17,IO_L12P_T1_MRCC_39,1,39,7,3,HP,7VX980T,,
G16,IO_L12N_T1_MRCC_39,1,39,7,3,HP,7VX980T,,
F16,IO_L13P_T2_MRCC_39,2,39,7,3,HP,7VX980T,,
E16,IO_L13N_T2_MRCC_39,2,39,7,3,HP,7VX980T,,
G18,IO_L14P_T2_SRCC_39,2,39,7,3,HP,7VX980T,,
F18,IO_L14N_T2_SRCC_39,2,39,7,3,HP,7VX980T,,
F19,IO_L15P_T2_DQS_39,2,39,7,3,HP,7VX980T,,
E18,IO_L15N_T2_DQS_39,2,39,7,3,HP,7VX980T,,
E17,IO_L16P_T2_39,2,39,7,3,HP,7VX980T,,
D17,IO_L16N_T2_39,2,39,7,3,HP,7VX980T,,
E19,IO_L17P_T2_39,2,39,7,3,HP,7VX980T,,
D19,IO_L17N_T2_39,2,39,7,3,HP,7VX980T,,
D16,IO_L18P_T2_39,2,39,7,3,HP,7VX980T,,
D15,IO_L18N_T2_39,2,39,7,3,HP,7VX980T,,
C19,IO_L19P_T3_39,3,39,7,3,HP,7VX980T,,
C18,IO_L19N_T3_VREF_39,3,39,7,3,HP,7VX980T,,
C15,IO_L20P_T3_39,3,39,7,3,HP,7VX980T,,
B15,IO_L20N_T3_39,3,39,7,3,HP,7VX980T,,
B18,IO_L21P_T3_DQS_39,3,39,7,3,HP,7VX980T,,
B17,IO_L21N_T3_DQS_39,3,39,7,3,HP,7VX980T,,
C17,IO_L22P_T3_39,3,39,7,3,HP,7VX980T,,
B16,IO_L22N_T3_39,3,39,7,3,HP,7VX980T,,
A19,IO_L23P_T3_39,3,39,7,3,HP,7VX980T,,
A18,IO_L23N_T3_39,3,39,7,3,HP,7VX980T,,
A16,IO_L24P_T3_39,3,39,7,3,HP,7VX980T,,
A15,IO_L24N_T3_39,3,39,7,3,HP,7VX980T,,
U17,IO_25_VRP_39,NA,39,7,3,HP,7VX980T,,
AW2,MGTHTXP3_113,NA,113,NA,1,GTH,NA,,
AY4,MGTHRXP3_113,NA,113,NA,1,GTH,NA,,
AW1,MGTHTXN3_113,NA,113,NA,1,GTH,NA,,
AY3,MGTHRXN3_113,NA,113,NA,1,GTH,NA,,
BA2,MGTHTXP2_113,NA,113,NA,1,GTH,NA,,
BA6,MGTHRXP2_113,NA,113,NA,1,GTH,NA,,
BA1,MGTHTXN2_113,NA,113,NA,1,GTH,NA,,
AY8,MGTREFCLK0P_113,NA,113,NA,1,GTH,NA,,
BA5,MGTHRXN2_113,NA,113,NA,1,GTH,NA,,
AY7,MGTREFCLK0N_113,NA,113,NA,1,GTH,NA,,
BB7,MGTREFCLK1N_113,NA,113,NA,1,GTH,NA,,
BB8,MGTREFCLK1P_113,NA,113,NA,1,GTH,NA,,
BB4,MGTHTXP1_113,NA,113,NA,1,GTH,NA,,
BC6,MGTHRXP1_113,NA,113,NA,1,GTH,NA,,
BB3,MGTHTXN1_113,NA,113,NA,1,GTH,NA,,
BC5,MGTHRXN1_113,NA,113,NA,1,GTH,NA,,
BD4,MGTHTXP0_113,NA,113,NA,1,GTH,NA,,
BD8,MGTHRXP0_113,NA,113,NA,1,GTH,NA,,
BD3,MGTHTXN0_113,NA,113,NA,1,GTH,NA,,
BD7,MGTHRXN0_113,NA,113,NA,1,GTH,NA,,
AP4,MGTHTXP3_114,NA,114,NA,1,GTH,NA,,
AR6,MGTHRXP3_114,NA,114,NA,1,GTH,NA,,
AP3,MGTHTXN3_114,NA,114,NA,1,GTH,NA,,
AR5,MGTHRXN3_114,NA,114,NA,1,GTH,NA,,
AR2,MGTHTXP2_114,NA,114,NA,1,GTH,NA,,
AT4,MGTHRXP2_114,NA,114,NA,1,GTH,NA,,
AR1,MGTHTXN2_114,NA,114,NA,1,GTH,NA,,
AT8,MGTREFCLK0P_114,NA,114,NA,1,GTH,NA,,
AT3,MGTHRXN2_114,NA,114,NA,1,GTH,NA,,
AT7,MGTREFCLK0N_114,NA,114,NA,1,GTH,NA,,
AV7,MGTREFCLK1N_114,NA,114,NA,1,GTH,NA,,
AV8,MGTREFCLK1P_114,NA,114,NA,1,GTH,NA,,
AU2,MGTHTXP1_114,NA,114,NA,1,GTH,NA,,
AU6,MGTHRXP1_114,NA,114,NA,1,GTH,NA,,
AU1,MGTHTXN1_114,NA,114,NA,1,GTH,NA,,
AU5,MGTHRXN1_114,NA,114,NA,1,GTH,NA,,
AV4,MGTHTXP0_114,NA,114,NA,1,GTH,NA,,
AW6,MGTHRXP0_114,NA,114,NA,1,GTH,NA,,
AV3,MGTHTXN0_114,NA,114,NA,1,GTH,NA,,
AW5,MGTHRXN0_114,NA,114,NA,1,GTH,NA,,
AJ2,MGTHTXP3_115,NA,115,NA,1,GTH,NA,,
AJ6,MGTHRXP3_115,NA,115,NA,1,GTH,NA,,
AJ1,MGTHTXN3_115,NA,115,NA,1,GTH,NA,,
AJ5,MGTHRXN3_115,NA,115,NA,1,GTH,NA,,
AK4,MGTHTXP2_115,NA,115,NA,1,GTH,NA,,
AM4,MGTHRXP2_115,NA,115,NA,1,GTH,NA,,
AK3,MGTHTXN2_115,NA,115,NA,1,GTH,NA,,
AM8,MGTREFCLK0P_115,NA,115,NA,1,GTH,NA,,
AM3,MGTHRXN2_115,NA,115,NA,1,GTH,NA,,
AK7,MGTAVTTRCAL_115,NA,115,NA,1,GTH,NA,,
AM7,MGTREFCLK0N_115,NA,115,NA,1,GTH,NA,,
AK8,MGTRREF_115,NA,115,NA,1,GTH,NA,,
AP7,MGTREFCLK1N_115,NA,115,NA,1,GTH,NA,,
AP8,MGTREFCLK1P_115,NA,115,NA,1,GTH,NA,,
AL2,MGTHTXP1_115,NA,115,NA,1,GTH,NA,,
AL6,MGTHRXP1_115,NA,115,NA,1,GTH,NA,,
AL1,MGTHTXN1_115,NA,115,NA,1,GTH,NA,,
AL5,MGTHRXN1_115,NA,115,NA,1,GTH,NA,,
AN2,MGTHTXP0_115,NA,115,NA,1,GTH,NA,,
AN6,MGTHRXP0_115,NA,115,NA,1,GTH,NA,,
AN1,MGTHTXN0_115,NA,115,NA,1,GTH,NA,,
AN5,MGTHRXN0_115,NA,115,NA,1,GTH,NA,,
AC2,MGTHTXP3_116,NA,116,NA,2,GTH,NA,,
AC6,MGTHRXP3_116,NA,116,NA,2,GTH,NA,,
AC1,MGTHTXN3_116,NA,116,NA,2,GTH,NA,,
AC5,MGTHRXN3_116,NA,116,NA,2,GTH,NA,,
AE2,MGTHTXP2_116,NA,116,NA,2,GTH,NA,,
AE6,MGTHRXP2_116,NA,116,NA,2,GTH,NA,,
AE1,MGTHTXN2_116,NA,116,NA,2,GTH,NA,,
AD8,MGTREFCLK0P_116,NA,116,NA,2,GTH,NA,,
AE5,MGTHRXN2_116,NA,116,NA,2,GTH,NA,,
AD7,MGTREFCLK0N_116,NA,116,NA,2,GTH,NA,,
AF7,MGTREFCLK1N_116,NA,116,NA,2,GTH,NA,,
AF8,MGTREFCLK1P_116,NA,116,NA,2,GTH,NA,,
AF4,MGTHTXP1_116,NA,116,NA,2,GTH,NA,,
AH4,MGTHRXP1_116,NA,116,NA,2,GTH,NA,,
AF3,MGTHTXN1_116,NA,116,NA,2,GTH,NA,,
AH3,MGTHRXN1_116,NA,116,NA,2,GTH,NA,,
AG2,MGTHTXP0_116,NA,116,NA,2,GTH,NA,,
AG6,MGTHRXP0_116,NA,116,NA,2,GTH,NA,,
AG1,MGTHTXN0_116,NA,116,NA,2,GTH,NA,,
AG5,MGTHRXN0_116,NA,116,NA,2,GTH,NA,,
V4,MGTHTXP3_117,NA,117,NA,2,GTH,NA,,
W6,MGTHRXP3_117,NA,117,NA,2,GTH,NA,,
V3,MGTHTXN3_117,NA,117,NA,2,GTH,NA,,
W5,MGTHRXN3_117,NA,117,NA,2,GTH,NA,,
W2,MGTHTXP2_117,NA,117,NA,2,GTH,NA,,
Y4,MGTHRXP2_117,NA,117,NA,2,GTH,NA,,
W1,MGTHTXN2_117,NA,117,NA,2,GTH,NA,,
Y8,MGTREFCLK0P_117,NA,117,NA,2,GTH,NA,,
Y3,MGTHRXN2_117,NA,117,NA,2,GTH,NA,,
Y7,MGTREFCLK0N_117,NA,117,NA,2,GTH,NA,,
AB7,MGTREFCLK1N_117,NA,117,NA,2,GTH,NA,,
AB8,MGTREFCLK1P_117,NA,117,NA,2,GTH,NA,,
AA2,MGTHTXP1_117,NA,117,NA,2,GTH,NA,,
AA6,MGTHRXP1_117,NA,117,NA,2,GTH,NA,,
AA1,MGTHTXN1_117,NA,117,NA,2,GTH,NA,,
AA5,MGTHRXN1_117,NA,117,NA,2,GTH,NA,,
AB4,MGTHTXP0_117,NA,117,NA,2,GTH,NA,,
AD4,MGTHRXP0_117,NA,117,NA,2,GTH,NA,,
AB3,MGTHTXN0_117,NA,117,NA,2,GTH,NA,,
AD3,MGTHRXN0_117,NA,117,NA,2,GTH,NA,,
N2,MGTHTXP3_118,NA,118,NA,2,GTH,NA,,
N6,MGTHRXP3_118,NA,118,NA,2,GTH,NA,,
N1,MGTHTXN3_118,NA,118,NA,2,GTH,NA,,
N5,MGTHRXN3_118,NA,118,NA,2,GTH,NA,,
P4,MGTHTXP2_118,NA,118,NA,2,GTH,NA,,
R6,MGTHRXP2_118,NA,118,NA,2,GTH,NA,,
P3,MGTHTXN2_118,NA,118,NA,2,GTH,NA,,
T8,MGTREFCLK0P_118,NA,118,NA,2,GTH,NA,,
R5,MGTHRXN2_118,NA,118,NA,2,GTH,NA,,
P7,MGTAVTTRCAL_118,NA,118,NA,2,GTH,NA,,
T7,MGTREFCLK0N_118,NA,118,NA,2,GTH,NA,,
P8,MGTRREF_118,NA,118,NA,2,GTH,NA,,
V7,MGTREFCLK1N_118,NA,118,NA,2,GTH,NA,,
V8,MGTREFCLK1P_118,NA,118,NA,2,GTH,NA,,
R2,MGTHTXP1_118,NA,118,NA,2,GTH,NA,,
T4,MGTHRXP1_118,NA,118,NA,2,GTH,NA,,
R1,MGTHTXN1_118,NA,118,NA,2,GTH,NA,,
T3,MGTHRXN1_118,NA,118,NA,2,GTH,NA,,
U2,MGTHTXP0_118,NA,118,NA,2,GTH,NA,,
U6,MGTHRXP0_118,NA,118,NA,2,GTH,NA,,
U1,MGTHTXN0_118,NA,118,NA,2,GTH,NA,,
U5,MGTHRXN0_118,NA,118,NA,2,GTH,NA,,
AB6,MGTAVCC_G11,NA,NA,NA,NA,NA,NA,,
AC8,MGTAVCC_G11,NA,NA,NA,NA,NA,NA,,
AF6,MGTAVCC_G11,NA,NA,NA,NA,NA,NA,,
AH6,MGTAVCC_G11,NA,NA,NA,NA,NA,NA,,
P6,MGTAVCC_G11,NA,NA,NA,NA,NA,NA,,
R8,MGTAVCC_G11,NA,NA,NA,NA,NA,NA,,
V6,MGTAVCC_G11,NA,NA,NA,NA,NA,NA,,
W8,MGTAVCC_G11,NA,NA,NA,NA,NA,NA,,
AK6,MGTAVCC_G10,NA,NA,NA,NA,NA,NA,,
AL8,MGTAVCC_G10,NA,NA,NA,NA,NA,NA,,
AP6,MGTAVCC_G10,NA,NA,NA,NA,NA,NA,,
AR8,MGTAVCC_G10,NA,NA,NA,NA,NA,NA,,
AV6,MGTAVCC_G10,NA,NA,NA,NA,NA,NA,,
AW8,MGTAVCC_G10,NA,NA,NA,NA,NA,NA,,
BB6,MGTAVCC_G10,NA,NA,NA,NA,NA,NA,,
BC8,MGTAVCC_G10,NA,NA,NA,NA,NA,NA,,
AB2,MGTAVTT_G11,NA,NA,NA,NA,NA,NA,,
AC4,MGTAVTT_G11,NA,NA,NA,NA,NA,NA,,
AF2,MGTAVTT_G11,NA,NA,NA,NA,NA,NA,,
AG4,MGTAVTT_G11,NA,NA,NA,NA,NA,NA,,
P2,MGTAVTT_G11,NA,NA,NA,NA,NA,NA,,
R4,MGTAVTT_G11,NA,NA,NA,NA,NA,NA,,
V2,MGTAVTT_G11,NA,NA,NA,NA,NA,NA,,
W4,MGTAVTT_G11,NA,NA,NA,NA,NA,NA,,
AK2,MGTAVTT_G10,NA,NA,NA,NA,NA,NA,,
AL4,MGTAVTT_G10,NA,NA,NA,NA,NA,NA,,
AP2,MGTAVTT_G10,NA,NA,NA,NA,NA,NA,,
AR4,MGTAVTT_G10,NA,NA,NA,NA,NA,NA,,
AV2,MGTAVTT_G10,NA,NA,NA,NA,NA,NA,,
AW4,MGTAVTT_G10,NA,NA,NA,NA,NA,NA,,
BB2,MGTAVTT_G10,NA,NA,NA,NA,NA,NA,,
BC4,MGTAVTT_G10,NA,NA,NA,NA,NA,NA,,
AG8,MGTVCCAUX_G11,NA,NA,NA,NA,NA,NA,,
AJ8,MGTVCCAUX_G10,NA,NA,NA,NA,NA,NA,,
A12,GND,NA,NA,NA,NA,NA,NA,,
A22,GND,NA,NA,NA,NA,NA,NA,,
A32,GND,NA,NA,NA,NA,NA,NA,,
A42,GND,NA,NA,NA,NA,NA,NA,,
AA12,GND,NA,NA,NA,NA,NA,NA,,
AA14,GND,NA,NA,NA,NA,NA,NA,,
AA16,GND,NA,NA,NA,NA,NA,NA,,
AA18,GND,NA,NA,NA,NA,NA,NA,,
AA20,GND,NA,NA,NA,NA,NA,NA,,
AA24,GND,NA,NA,NA,NA,NA,NA,,
AA26,GND,NA,NA,NA,NA,NA,NA,,
AA28,GND,NA,NA,NA,NA,NA,NA,,
AA3,GND,NA,NA,NA,NA,NA,NA,,
AA30,GND,NA,NA,NA,NA,NA,NA,,
AA32,GND,NA,NA,NA,NA,NA,NA,,
AA4,GND,NA,NA,NA,NA,NA,NA,,
AA42,GND,NA,NA,NA,NA,NA,NA,,
AA7,GND,NA,NA,NA,NA,NA,NA,,
AA8,GND,NA,NA,NA,NA,NA,NA,,
AA9,GND,NA,NA,NA,NA,NA,NA,,
AB1,GND,NA,NA,NA,NA,NA,NA,,
AB13,GND,NA,NA,NA,NA,NA,NA,,
AB15,GND,NA,NA,NA,NA,NA,NA,,
AB17,GND,NA,NA,NA,NA,NA,NA,,
AB19,GND,NA,NA,NA,NA,NA,NA,,
AB21,GND,NA,NA,NA,NA,NA,NA,,
AB25,GND,NA,NA,NA,NA,NA,NA,,
AB27,GND,NA,NA,NA,NA,NA,NA,,
AB29,GND,NA,NA,NA,NA,NA,NA,,
AB31,GND,NA,NA,NA,NA,NA,NA,,
AB33,GND,NA,NA,NA,NA,NA,NA,,
AB39,GND,NA,NA,NA,NA,NA,NA,,
AB5,GND,NA,NA,NA,NA,NA,NA,,
AB9,GND,NA,NA,NA,NA,NA,NA,,
AC12,GND,NA,NA,NA,NA,NA,NA,,
AC14,GND,NA,NA,NA,NA,NA,NA,,
AC16,GND,NA,NA,NA,NA,NA,NA,,
AC18,GND,NA,NA,NA,NA,NA,NA,,
AC20,GND,NA,NA,NA,NA,NA,NA,,
AC24,GND,NA,NA,NA,NA,NA,NA,,
AC26,GND,NA,NA,NA,NA,NA,NA,,
AC28,GND,NA,NA,NA,NA,NA,NA,,
AC3,GND,NA,NA,NA,NA,NA,NA,,
AC30,GND,NA,NA,NA,NA,NA,NA,,
AC32,GND,NA,NA,NA,NA,NA,NA,,
AC36,GND,NA,NA,NA,NA,NA,NA,,
AC7,GND,NA,NA,NA,NA,NA,NA,,
AC9,GND,NA,NA,NA,NA,NA,NA,,
AD1,GND,NA,NA,NA,NA,NA,NA,,
AD13,GND,NA,NA,NA,NA,NA,NA,,
AD15,GND,NA,NA,NA,NA,NA,NA,,
AD17,GND,NA,NA,NA,NA,NA,NA,,
AD19,GND,NA,NA,NA,NA,NA,NA,,
AD2,GND,NA,NA,NA,NA,NA,NA,,
AD21,GND,NA,NA,NA,NA,NA,NA,,
AD25,GND,NA,NA,NA,NA,NA,NA,,
AD27,GND,NA,NA,NA,NA,NA,NA,,
AD29,GND,NA,NA,NA,NA,NA,NA,,
AD31,GND,NA,NA,NA,NA,NA,NA,,
AD33,GND,NA,NA,NA,NA,NA,NA,,
AD43,GND,NA,NA,NA,NA,NA,NA,,
AD5,GND,NA,NA,NA,NA,NA,NA,,
AD6,GND,NA,NA,NA,NA,NA,NA,,
AD9,GND,NA,NA,NA,NA,NA,NA,,
AE12,GND,NA,NA,NA,NA,NA,NA,,
AE14,GND,NA,NA,NA,NA,NA,NA,,
AE16,GND,NA,NA,NA,NA,NA,NA,,
AE18,GND,NA,NA,NA,NA,NA,NA,,
AE20,GND,NA,NA,NA,NA,NA,NA,,
AE22,GND,NA,NA,NA,NA,NA,NA,,
AE24,GND,NA,NA,NA,NA,NA,NA,,
AE26,GND,NA,NA,NA,NA,NA,NA,,
AE28,GND,NA,NA,NA,NA,NA,NA,,
AE3,GND,NA,NA,NA,NA,NA,NA,,
AE30,GND,NA,NA,NA,NA,NA,NA,,
AE32,GND,NA,NA,NA,NA,NA,NA,,
AE4,GND,NA,NA,NA,NA,NA,NA,,
AE40,GND,NA,NA,NA,NA,NA,NA,,
AE7,GND,NA,NA,NA,NA,NA,NA,,
AE8,GND,NA,NA,NA,NA,NA,NA,,
AE9,GND,NA,NA,NA,NA,NA,NA,,
AF1,GND,NA,NA,NA,NA,NA,NA,,
AF13,GND,NA,NA,NA,NA,NA,NA,,
AF15,GND,NA,NA,NA,NA,NA,NA,,
AF17,GND,NA,NA,NA,NA,NA,NA,,
AF19,GND,NA,NA,NA,NA,NA,NA,,
AF21,GND,NA,NA,NA,NA,NA,NA,,
AF23,GND,NA,NA,NA,NA,NA,NA,,
AF25,GND,NA,NA,NA,NA,NA,NA,,
AF27,GND,NA,NA,NA,NA,NA,NA,,
AF29,GND,NA,NA,NA,NA,NA,NA,,
AF31,GND,NA,NA,NA,NA,NA,NA,,
AF33,GND,NA,NA,NA,NA,NA,NA,,
AF37,GND,NA,NA,NA,NA,NA,NA,,
AF5,GND,NA,NA,NA,NA,NA,NA,,
AF9,GND,NA,NA,NA,NA,NA,NA,,
AG12,GND,NA,NA,NA,NA,NA,NA,,
AG14,GND,NA,NA,NA,NA,NA,NA,,
AG16,GND,NA,NA,NA,NA,NA,NA,,
AG18,GND,NA,NA,NA,NA,NA,NA,,
AG20,GND,NA,NA,NA,NA,NA,NA,,
AG22,GND,NA,NA,NA,NA,NA,NA,,
AG24,GND,NA,NA,NA,NA,NA,NA,,
AG26,GND,NA,NA,NA,NA,NA,NA,,
AG28,GND,NA,NA,NA,NA,NA,NA,,
AG3,GND,NA,NA,NA,NA,NA,NA,,
AG30,GND,NA,NA,NA,NA,NA,NA,,
AG32,GND,NA,NA,NA,NA,NA,NA,,
AG34,GND,NA,NA,NA,NA,NA,NA,,
AG44,GND,NA,NA,NA,NA,NA,NA,,
AG7,GND,NA,NA,NA,NA,NA,NA,,
AG9,GND,NA,NA,NA,NA,NA,NA,,
AH1,GND,NA,NA,NA,NA,NA,NA,,
AH13,GND,NA,NA,NA,NA,NA,NA,,
AH2,GND,NA,NA,NA,NA,NA,NA,,
AH21,GND,NA,NA,NA,NA,NA,NA,,
AH31,GND,NA,NA,NA,NA,NA,NA,,
AH33,GND,NA,NA,NA,NA,NA,NA,,
AH41,GND,NA,NA,NA,NA,NA,NA,,
AH5,GND,NA,NA,NA,NA,NA,NA,,
AH7,GND,NA,NA,NA,NA,NA,NA,,
AH8,GND,NA,NA,NA,NA,NA,NA,,
AH9,GND,NA,NA,NA,NA,NA,NA,,
AJ18,GND,NA,NA,NA,NA,NA,NA,,
AJ28,GND,NA,NA,NA,NA,NA,NA,,
AJ3,GND,NA,NA,NA,NA,NA,NA,,
AJ38,GND,NA,NA,NA,NA,NA,NA,,
AJ4,GND,NA,NA,NA,NA,NA,NA,,
AJ7,GND,NA,NA,NA,NA,NA,NA,,
AJ9,GND,NA,NA,NA,NA,NA,NA,,
AK1,GND,NA,NA,NA,NA,NA,NA,,
AK15,GND,NA,NA,NA,NA,NA,NA,,
AK25,GND,NA,NA,NA,NA,NA,NA,,
AK35,GND,NA,NA,NA,NA,NA,NA,,
AK5,GND,NA,NA,NA,NA,NA,NA,,
AK9,GND,NA,NA,NA,NA,NA,NA,,
AL12,GND,NA,NA,NA,NA,NA,NA,,
AL22,GND,NA,NA,NA,NA,NA,NA,,
AL3,GND,NA,NA,NA,NA,NA,NA,,
AL32,GND,NA,NA,NA,NA,NA,NA,,
AL42,GND,NA,NA,NA,NA,NA,NA,,
AL7,GND,NA,NA,NA,NA,NA,NA,,
AL9,GND,NA,NA,NA,NA,NA,NA,,
AM1,GND,NA,NA,NA,NA,NA,NA,,
AM19,GND,NA,NA,NA,NA,NA,NA,,
AM2,GND,NA,NA,NA,NA,NA,NA,,
AM29,GND,NA,NA,NA,NA,NA,NA,,
AM39,GND,NA,NA,NA,NA,NA,NA,,
AM5,GND,NA,NA,NA,NA,NA,NA,,
AM6,GND,NA,NA,NA,NA,NA,NA,,
AM9,GND,NA,NA,NA,NA,NA,NA,,
AN16,GND,NA,NA,NA,NA,NA,NA,,
AN26,GND,NA,NA,NA,NA,NA,NA,,
AN3,GND,NA,NA,NA,NA,NA,NA,,
AN36,GND,NA,NA,NA,NA,NA,NA,,
AN4,GND,NA,NA,NA,NA,NA,NA,,
AN7,GND,NA,NA,NA,NA,NA,NA,,
AN8,GND,NA,NA,NA,NA,NA,NA,,
AN9,GND,NA,NA,NA,NA,NA,NA,,
AP1,GND,NA,NA,NA,NA,NA,NA,,
AP13,GND,NA,NA,NA,NA,NA,NA,,
AP23,GND,NA,NA,NA,NA,NA,NA,,
AP33,GND,NA,NA,NA,NA,NA,NA,,
AP43,GND,NA,NA,NA,NA,NA,NA,,
AP5,GND,NA,NA,NA,NA,NA,NA,,
AP9,GND,NA,NA,NA,NA,NA,NA,,
AR10,GND,NA,NA,NA,NA,NA,NA,,
AR20,GND,NA,NA,NA,NA,NA,NA,,
AR3,GND,NA,NA,NA,NA,NA,NA,,
AR30,GND,NA,NA,NA,NA,NA,NA,,
AR40,GND,NA,NA,NA,NA,NA,NA,,
AR7,GND,NA,NA,NA,NA,NA,NA,,
AR9,GND,NA,NA,NA,NA,NA,NA,,
AT1,GND,NA,NA,NA,NA,NA,NA,,
AT17,GND,NA,NA,NA,NA,NA,NA,,
AT2,GND,NA,NA,NA,NA,NA,NA,,
AT27,GND,NA,NA,NA,NA,NA,NA,,
AT37,GND,NA,NA,NA,NA,NA,NA,,
AT5,GND,NA,NA,NA,NA,NA,NA,,
AT6,GND,NA,NA,NA,NA,NA,NA,,
AT9,GND,NA,NA,NA,NA,NA,NA,,
AU14,GND,NA,NA,NA,NA,NA,NA,,
AU24,GND,NA,NA,NA,NA,NA,NA,,
AU3,GND,NA,NA,NA,NA,NA,NA,,
AU34,GND,NA,NA,NA,NA,NA,NA,,
AU4,GND,NA,NA,NA,NA,NA,NA,,
AU44,GND,NA,NA,NA,NA,NA,NA,,
AU7,GND,NA,NA,NA,NA,NA,NA,,
AU8,GND,NA,NA,NA,NA,NA,NA,,
AU9,GND,NA,NA,NA,NA,NA,NA,,
AV1,GND,NA,NA,NA,NA,NA,NA,,
AV11,GND,NA,NA,NA,NA,NA,NA,,
AV21,GND,NA,NA,NA,NA,NA,NA,,
AV31,GND,NA,NA,NA,NA,NA,NA,,
AV41,GND,NA,NA,NA,NA,NA,NA,,
AV5,GND,NA,NA,NA,NA,NA,NA,,
AV9,GND,NA,NA,NA,NA,NA,NA,,
AW18,GND,NA,NA,NA,NA,NA,NA,,
AW28,GND,NA,NA,NA,NA,NA,NA,,
AW3,GND,NA,NA,NA,NA,NA,NA,,
AW38,GND,NA,NA,NA,NA,NA,NA,,
AW7,GND,NA,NA,NA,NA,NA,NA,,
AW9,GND,NA,NA,NA,NA,NA,NA,,
AY1,GND,NA,NA,NA,NA,NA,NA,,
AY15,GND,NA,NA,NA,NA,NA,NA,,
AY2,GND,NA,NA,NA,NA,NA,NA,,
AY25,GND,NA,NA,NA,NA,NA,NA,,
AY35,GND,NA,NA,NA,NA,NA,NA,,
AY5,GND,NA,NA,NA,NA,NA,NA,,
AY6,GND,NA,NA,NA,NA,NA,NA,,
AY9,GND,NA,NA,NA,NA,NA,NA,,
B19,GND,NA,NA,NA,NA,NA,NA,,
B29,GND,NA,NA,NA,NA,NA,NA,,
B39,GND,NA,NA,NA,NA,NA,NA,,
B9,GND,NA,NA,NA,NA,NA,NA,,
BA12,GND,NA,NA,NA,NA,NA,NA,,
BA22,GND,NA,NA,NA,NA,NA,NA,,
BA3,GND,NA,NA,NA,NA,NA,NA,,
BA32,GND,NA,NA,NA,NA,NA,NA,,
BA4,GND,NA,NA,NA,NA,NA,NA,,
BA42,GND,NA,NA,NA,NA,NA,NA,,
BA7,GND,NA,NA,NA,NA,NA,NA,,
BA8,GND,NA,NA,NA,NA,NA,NA,,
BA9,GND,NA,NA,NA,NA,NA,NA,,
BB1,GND,NA,NA,NA,NA,NA,NA,,
BB19,GND,NA,NA,NA,NA,NA,NA,,
BB29,GND,NA,NA,NA,NA,NA,NA,,
BB39,GND,NA,NA,NA,NA,NA,NA,,
BB5,GND,NA,NA,NA,NA,NA,NA,,
BB9,GND,NA,NA,NA,NA,NA,NA,,
BC16,GND,NA,NA,NA,NA,NA,NA,,
BC2,GND,NA,NA,NA,NA,NA,NA,,
BC26,GND,NA,NA,NA,NA,NA,NA,,
BC3,GND,NA,NA,NA,NA,NA,NA,,
BC36,GND,NA,NA,NA,NA,NA,NA,,
BC7,GND,NA,NA,NA,NA,NA,NA,,
BC9,GND,NA,NA,NA,NA,NA,NA,,
BD13,GND,NA,NA,NA,NA,NA,NA,,
BD23,GND,NA,NA,NA,NA,NA,NA,,
BD33,GND,NA,NA,NA,NA,NA,NA,,
BD5,GND,NA,NA,NA,NA,NA,NA,,
BD6,GND,NA,NA,NA,NA,NA,NA,,
BD9,GND,NA,NA,NA,NA,NA,NA,,
C16,GND,NA,NA,NA,NA,NA,NA,,
C26,GND,NA,NA,NA,NA,NA,NA,,
C36,GND,NA,NA,NA,NA,NA,NA,,
C6,GND,NA,NA,NA,NA,NA,NA,,
D13,GND,NA,NA,NA,NA,NA,NA,,
D23,GND,NA,NA,NA,NA,NA,NA,,
D3,GND,NA,NA,NA,NA,NA,NA,,
D33,GND,NA,NA,NA,NA,NA,NA,,
D43,GND,NA,NA,NA,NA,NA,NA,,
E10,GND,NA,NA,NA,NA,NA,NA,,
E20,GND,NA,NA,NA,NA,NA,NA,,
E30,GND,NA,NA,NA,NA,NA,NA,,
E40,GND,NA,NA,NA,NA,NA,NA,,
F17,GND,NA,NA,NA,NA,NA,NA,,
F27,GND,NA,NA,NA,NA,NA,NA,,
F37,GND,NA,NA,NA,NA,NA,NA,,
F7,GND,NA,NA,NA,NA,NA,NA,,
G14,GND,NA,NA,NA,NA,NA,NA,,
G24,GND,NA,NA,NA,NA,NA,NA,,
G34,GND,NA,NA,NA,NA,NA,NA,,
G4,GND,NA,NA,NA,NA,NA,NA,,
G44,GND,NA,NA,NA,NA,NA,NA,,
H1,GND,NA,NA,NA,NA,NA,NA,,
H11,GND,NA,NA,NA,NA,NA,NA,,
H21,GND,NA,NA,NA,NA,NA,NA,,
H31,GND,NA,NA,NA,NA,NA,NA,,
H41,GND,NA,NA,NA,NA,NA,NA,,
J18,GND,NA,NA,NA,NA,NA,NA,,
J28,GND,NA,NA,NA,NA,NA,NA,,
J38,GND,NA,NA,NA,NA,NA,NA,,
J8,GND,NA,NA,NA,NA,NA,NA,,
K15,GND,NA,NA,NA,NA,NA,NA,,
K25,GND,NA,NA,NA,NA,NA,NA,,
K35,GND,NA,NA,NA,NA,NA,NA,,
K5,GND,NA,NA,NA,NA,NA,NA,,
L12,GND,NA,NA,NA,NA,NA,NA,,
L2,GND,NA,NA,NA,NA,NA,NA,,
L22,GND,NA,NA,NA,NA,NA,NA,,
L32,GND,NA,NA,NA,NA,NA,NA,,
L42,GND,NA,NA,NA,NA,NA,NA,,
M1,GND,NA,NA,NA,NA,NA,NA,,
M19,GND,NA,NA,NA,NA,NA,NA,,
M2,GND,NA,NA,NA,NA,NA,NA,,
M29,GND,NA,NA,NA,NA,NA,NA,,
M3,GND,NA,NA,NA,NA,NA,NA,,
M39,GND,NA,NA,NA,NA,NA,NA,,
M4,GND,NA,NA,NA,NA,NA,NA,,
M5,GND,NA,NA,NA,NA,NA,NA,,
M6,GND,NA,NA,NA,NA,NA,NA,,
M7,GND,NA,NA,NA,NA,NA,NA,,
M9,GND,NA,NA,NA,NA,NA,NA,,
N16,GND,NA,NA,NA,NA,NA,NA,,
N26,GND,NA,NA,NA,NA,NA,NA,,
N3,GND,NA,NA,NA,NA,NA,NA,,
N36,GND,NA,NA,NA,NA,NA,NA,,
N4,GND,NA,NA,NA,NA,NA,NA,,
N7,GND,NA,NA,NA,NA,NA,NA,,
N8,GND,NA,NA,NA,NA,NA,NA,,
N9,GND,NA,NA,NA,NA,NA,NA,,
P1,GND,NA,NA,NA,NA,NA,NA,,
P13,GND,NA,NA,NA,NA,NA,NA,,
P23,GND,NA,NA,NA,NA,NA,NA,,
P33,GND,NA,NA,NA,NA,NA,NA,,
P43,GND,NA,NA,NA,NA,NA,NA,,
P5,GND,NA,NA,NA,NA,NA,NA,,
P9,GND,NA,NA,NA,NA,NA,NA,,
R10,GND,NA,NA,NA,NA,NA,NA,,
R20,GND,NA,NA,NA,NA,NA,NA,,
R3,GND,NA,NA,NA,NA,NA,NA,,
R30,GND,NA,NA,NA,NA,NA,NA,,
R40,GND,NA,NA,NA,NA,NA,NA,,
R7,GND,NA,NA,NA,NA,NA,NA,,
R9,GND,NA,NA,NA,NA,NA,NA,,
T1,GND,NA,NA,NA,NA,NA,NA,,
T11,GND,NA,NA,NA,NA,NA,NA,,
T17,GND,NA,NA,NA,NA,NA,NA,,
T2,GND,NA,NA,NA,NA,NA,NA,,
T27,GND,NA,NA,NA,NA,NA,NA,,
T37,GND,NA,NA,NA,NA,NA,NA,,
T5,GND,NA,NA,NA,NA,NA,NA,,
T6,GND,NA,NA,NA,NA,NA,NA,,
T9,GND,NA,NA,NA,NA,NA,NA,,
U12,GND,NA,NA,NA,NA,NA,NA,,
U14,GND,NA,NA,NA,NA,NA,NA,,
U24,GND,NA,NA,NA,NA,NA,NA,,
U28,GND,NA,NA,NA,NA,NA,NA,,
U3,GND,NA,NA,NA,NA,NA,NA,,
U34,GND,NA,NA,NA,NA,NA,NA,,
U4,GND,NA,NA,NA,NA,NA,NA,,
U44,GND,NA,NA,NA,NA,NA,NA,,
U7,GND,NA,NA,NA,NA,NA,NA,,
U8,GND,NA,NA,NA,NA,NA,NA,,
U9,GND,NA,NA,NA,NA,NA,NA,,
V1,GND,NA,NA,NA,NA,NA,NA,,
V13,GND,NA,NA,NA,NA,NA,NA,,
V15,GND,NA,NA,NA,NA,NA,NA,,
V17,GND,NA,NA,NA,NA,NA,NA,,
V19,GND,NA,NA,NA,NA,NA,NA,,
V21,GND,NA,NA,NA,NA,NA,NA,,
V23,GND,NA,NA,NA,NA,NA,NA,,
V25,GND,NA,NA,NA,NA,NA,NA,,
V27,GND,NA,NA,NA,NA,NA,NA,,
V29,GND,NA,NA,NA,NA,NA,NA,,
V31,GND,NA,NA,NA,NA,NA,NA,,
V33,GND,NA,NA,NA,NA,NA,NA,,
V41,GND,NA,NA,NA,NA,NA,NA,,
V5,GND,NA,NA,NA,NA,NA,NA,,
V9,GND,NA,NA,NA,NA,NA,NA,,
W12,GND,NA,NA,NA,NA,NA,NA,,
W14,GND,NA,NA,NA,NA,NA,NA,,
W16,GND,NA,NA,NA,NA,NA,NA,,
W18,GND,NA,NA,NA,NA,NA,NA,,
W20,GND,NA,NA,NA,NA,NA,NA,,
W22,GND,NA,NA,NA,NA,NA,NA,,
W24,GND,NA,NA,NA,NA,NA,NA,,
W26,GND,NA,NA,NA,NA,NA,NA,,
W28,GND,NA,NA,NA,NA,NA,NA,,
W3,GND,NA,NA,NA,NA,NA,NA,,
W30,GND,NA,NA,NA,NA,NA,NA,,
W32,GND,NA,NA,NA,NA,NA,NA,,
W38,GND,NA,NA,NA,NA,NA,NA,,
W7,GND,NA,NA,NA,NA,NA,NA,,
W9,GND,NA,NA,NA,NA,NA,NA,,
Y1,GND,NA,NA,NA,NA,NA,NA,,
Y13,GND,NA,NA,NA,NA,NA,NA,,
Y15,GND,NA,NA,NA,NA,NA,NA,,
Y17,GND,NA,NA,NA,NA,NA,NA,,
Y19,GND,NA,NA,NA,NA,NA,NA,,
Y2,GND,NA,NA,NA,NA,NA,NA,,
Y21,GND,NA,NA,NA,NA,NA,NA,,
Y23,GND,NA,NA,NA,NA,NA,NA,,
Y25,GND,NA,NA,NA,NA,NA,NA,,
Y27,GND,NA,NA,NA,NA,NA,NA,,
Y29,GND,NA,NA,NA,NA,NA,NA,,
Y31,GND,NA,NA,NA,NA,NA,NA,,
Y33,GND,NA,NA,NA,NA,NA,NA,,
Y35,GND,NA,NA,NA,NA,NA,NA,,
Y5,GND,NA,NA,NA,NA,NA,NA,,
Y6,GND,NA,NA,NA,NA,NA,NA,,
Y9,GND,NA,NA,NA,NA,NA,NA,,
AA11,VCCINT,NA,NA,NA,NA,NA,NA,,
AA13,VCCINT,NA,NA,NA,NA,NA,NA,,
AA15,VCCINT,NA,NA,NA,NA,NA,NA,,
AA21,VCCINT,NA,NA,NA,NA,NA,NA,,
AA29,VCCINT,NA,NA,NA,NA,NA,NA,,
AA31,VCCINT,NA,NA,NA,NA,NA,NA,,
AA33,VCCINT,NA,NA,NA,NA,NA,NA,,
AB10,VCCINT,NA,NA,NA,NA,NA,NA,,
AB12,VCCINT,NA,NA,NA,NA,NA,NA,,
AB14,VCCINT,NA,NA,NA,NA,NA,NA,,
AB16,VCCINT,NA,NA,NA,NA,NA,NA,,
AB20,VCCINT,NA,NA,NA,NA,NA,NA,,
AB30,VCCINT,NA,NA,NA,NA,NA,NA,,
AB32,VCCINT,NA,NA,NA,NA,NA,NA,,
AC11,VCCINT,NA,NA,NA,NA,NA,NA,,
AC13,VCCINT,NA,NA,NA,NA,NA,NA,,
AC15,VCCINT,NA,NA,NA,NA,NA,NA,,
AC21,VCCINT,NA,NA,NA,NA,NA,NA,,
AC29,VCCINT,NA,NA,NA,NA,NA,NA,,
AC31,VCCINT,NA,NA,NA,NA,NA,NA,,
AC33,VCCINT,NA,NA,NA,NA,NA,NA,,
AD10,VCCINT,NA,NA,NA,NA,NA,NA,,
AD12,VCCINT,NA,NA,NA,NA,NA,NA,,
AD14,VCCINT,NA,NA,NA,NA,NA,NA,,
AD16,VCCINT,NA,NA,NA,NA,NA,NA,,
AD20,VCCINT,NA,NA,NA,NA,NA,NA,,
AD30,VCCINT,NA,NA,NA,NA,NA,NA,,
AD32,VCCINT,NA,NA,NA,NA,NA,NA,,
AE11,VCCINT,NA,NA,NA,NA,NA,NA,,
AE13,VCCINT,NA,NA,NA,NA,NA,NA,,
AE15,VCCINT,NA,NA,NA,NA,NA,NA,,
AE21,VCCINT,NA,NA,NA,NA,NA,NA,,
AE29,VCCINT,NA,NA,NA,NA,NA,NA,,
AE31,VCCINT,NA,NA,NA,NA,NA,NA,,
AE33,VCCINT,NA,NA,NA,NA,NA,NA,,
AF10,VCCINT,NA,NA,NA,NA,NA,NA,,
AF12,VCCINT,NA,NA,NA,NA,NA,NA,,
AF14,VCCINT,NA,NA,NA,NA,NA,NA,,
AF16,VCCINT,NA,NA,NA,NA,NA,NA,,
AF22,VCCINT,NA,NA,NA,NA,NA,NA,,
AF30,VCCINT,NA,NA,NA,NA,NA,NA,,
AF32,VCCINT,NA,NA,NA,NA,NA,NA,,
AG11,VCCINT,NA,NA,NA,NA,NA,NA,,
AG13,VCCINT,NA,NA,NA,NA,NA,NA,,
AG15,VCCINT,NA,NA,NA,NA,NA,NA,,
AG21,VCCINT,NA,NA,NA,NA,NA,NA,,
AG23,VCCINT,NA,NA,NA,NA,NA,NA,,
AG29,VCCINT,NA,NA,NA,NA,NA,NA,,
AG31,VCCINT,NA,NA,NA,NA,NA,NA,,
AG33,VCCINT,NA,NA,NA,NA,NA,NA,,
AH10,VCCINT,NA,NA,NA,NA,NA,NA,,
AH12,VCCINT,NA,NA,NA,NA,NA,NA,,
T10,VCCINT,NA,NA,NA,NA,NA,NA,,
U11,VCCINT,NA,NA,NA,NA,NA,NA,,
U13,VCCINT,NA,NA,NA,NA,NA,NA,,
V10,VCCINT,NA,NA,NA,NA,NA,NA,,
V12,VCCINT,NA,NA,NA,NA,NA,NA,,
V14,VCCINT,NA,NA,NA,NA,NA,NA,,
V16,VCCINT,NA,NA,NA,NA,NA,NA,,
V20,VCCINT,NA,NA,NA,NA,NA,NA,,
V22,VCCINT,NA,NA,NA,NA,NA,NA,,
V30,VCCINT,NA,NA,NA,NA,NA,NA,,
V32,VCCINT,NA,NA,NA,NA,NA,NA,,
W11,VCCINT,NA,NA,NA,NA,NA,NA,,
W13,VCCINT,NA,NA,NA,NA,NA,NA,,
W15,VCCINT,NA,NA,NA,NA,NA,NA,,
W21,VCCINT,NA,NA,NA,NA,NA,NA,,
W29,VCCINT,NA,NA,NA,NA,NA,NA,,
W31,VCCINT,NA,NA,NA,NA,NA,NA,,
W33,VCCINT,NA,NA,NA,NA,NA,NA,,
Y10,VCCINT,NA,NA,NA,NA,NA,NA,,
Y12,VCCINT,NA,NA,NA,NA,NA,NA,,
Y14,VCCINT,NA,NA,NA,NA,NA,NA,,
Y16,VCCINT,NA,NA,NA,NA,NA,NA,,
Y20,VCCINT,NA,NA,NA,NA,NA,NA,,
Y22,VCCINT,NA,NA,NA,NA,NA,NA,,
Y30,VCCINT,NA,NA,NA,NA,NA,NA,,
Y32,VCCINT,NA,NA,NA,NA,NA,NA,,
AA17,VCCAUX,NA,NA,NA,NA,NA,NA,,
AB28,VCCAUX,NA,NA,NA,NA,NA,NA,,
AC17,VCCAUX,NA,NA,NA,NA,NA,NA,,
AD28,VCCAUX,NA,NA,NA,NA,NA,NA,,
AE17,VCCAUX,NA,NA,NA,NA,NA,NA,,
AF28,VCCAUX,NA,NA,NA,NA,NA,NA,,
AG17,VCCAUX,NA,NA,NA,NA,NA,NA,,
AG27,VCCAUX,NA,NA,NA,NA,NA,NA,,
V18,VCCAUX,NA,NA,NA,NA,NA,NA,,
V28,VCCAUX,NA,NA,NA,NA,NA,NA,,
W17,VCCAUX,NA,NA,NA,NA,NA,NA,,
Y28,VCCAUX,NA,NA,NA,NA,NA,NA,,
AF26,VCCAUX_IO_G0,NA,NA,NA,NA,NA,NA,,
AE27,VCCAUX_IO_G0,NA,NA,NA,NA,NA,NA,,
AD26,VCCAUX_IO_G0,NA,NA,NA,NA,NA,NA,,
AC27,VCCAUX_IO_G1,NA,NA,NA,NA,NA,NA,,
AB26,VCCAUX_IO_G1,NA,NA,NA,NA,NA,NA,,
AA27,VCCAUX_IO_G1,NA,NA,NA,NA,NA,NA,,
AA25,VCCAUX_IO_G2,NA,NA,NA,NA,NA,NA,,
Y26,VCCAUX_IO_G2,NA,NA,NA,NA,NA,NA,,
W25,VCCAUX_IO_G2,NA,NA,NA,NA,NA,NA,,
W27,VCCAUX_IO_G3,NA,NA,NA,NA,NA,NA,,
V26,VCCAUX_IO_G3,NA,NA,NA,NA,NA,NA,,
U27,VCCAUX_IO_G3,NA,NA,NA,NA,NA,NA,,
AG19,VCCAUX_IO_G4,NA,NA,NA,NA,NA,NA,,
AF18,VCCAUX_IO_G4,NA,NA,NA,NA,NA,NA,,
AF20,VCCAUX_IO_G4,NA,NA,NA,NA,NA,NA,,
AE19,VCCAUX_IO_G5,NA,NA,NA,NA,NA,NA,,
AD18,VCCAUX_IO_G5,NA,NA,NA,NA,NA,NA,,
AC19,VCCAUX_IO_G5,NA,NA,NA,NA,NA,NA,,
AB18,VCCAUX_IO_G6,NA,NA,NA,NA,NA,NA,,
AA19,VCCAUX_IO_G6,NA,NA,NA,NA,NA,NA,,
Y18,VCCAUX_IO_G6,NA,NA,NA,NA,NA,NA,,
W19,VCCAUX_IO_G7,NA,NA,NA,NA,NA,NA,,
AJ11,VCCO_0,NA,0,NA,NA,NA,NA,,
AK10,VCCO_0,NA,0,NA,NA,NA,NA,,
AK30,VCCO_10,NA,10,NA,NA,NA,NA,,
AN31,VCCO_10,NA,10,NA,NA,NA,NA,,
AU29,VCCO_10,NA,10,NA,NA,NA,NA,,
AW33,VCCO_10,NA,10,NA,NA,NA,NA,,
AY30,VCCO_10,NA,10,NA,NA,NA,NA,,
BC31,VCCO_10,NA,10,NA,NA,NA,NA,,
AW43,VCCO_11,NA,11,NA,NA,NA,NA,,
AY40,VCCO_11,NA,11,NA,NA,NA,NA,,
BA37,VCCO_11,NA,11,NA,NA,NA,NA,,
BB34,VCCO_11,NA,11,NA,NA,NA,NA,,
BB44,VCCO_11,NA,11,NA,NA,NA,NA,,
BC41,VCCO_11,NA,11,NA,NA,NA,NA,,
BD38,VCCO_11,NA,11,NA,NA,NA,NA,,
AH26,VCCO_12,NA,12,NA,NA,NA,NA,,
AL27,VCCO_12,NA,12,NA,NA,NA,NA,,
AP28,VCCO_12,NA,12,NA,NA,NA,NA,,
AR25,VCCO_12,NA,12,NA,NA,NA,NA,,
AV26,VCCO_12,NA,12,NA,NA,NA,NA,,
BA27,VCCO_12,NA,12,NA,NA,NA,NA,,
BD28,VCCO_12,NA,12,NA,NA,NA,NA,,
AP38,VCCO_13,NA,13,NA,NA,NA,NA,,
AR35,VCCO_13,NA,13,NA,NA,NA,NA,,
AT32,VCCO_13,NA,13,NA,NA,NA,NA,,
AT42,VCCO_13,NA,13,NA,NA,NA,NA,,
AU39,VCCO_13,NA,13,NA,NA,NA,NA,,
AV36,VCCO_13,NA,13,NA,NA,NA,NA,,
AJ23,VCCO_14,NA,14,NA,NA,NA,NA,,
AM24,VCCO_14,NA,14,NA,NA,NA,NA,,
AN21,VCCO_14,NA,14,NA,NA,NA,NA,,
AT22,VCCO_14,NA,14,NA,NA,NA,NA,,
AW23,VCCO_14,NA,14,NA,NA,NA,NA,,
BB24,VCCO_14,NA,14,NA,NA,NA,NA,,
AJ33,VCCO_15,NA,15,NA,NA,NA,NA,,
AK40,VCCO_15,NA,15,NA,NA,NA,NA,,
AL37,VCCO_15,NA,15,NA,NA,NA,NA,,
AM34,VCCO_15,NA,15,NA,NA,NA,NA,,
AM44,VCCO_15,NA,15,NA,NA,NA,NA,,
AN41,VCCO_15,NA,15,NA,NA,NA,NA,,
AD38,VCCO_16,NA,16,NA,NA,NA,NA,,
AE35,VCCO_16,NA,16,NA,NA,NA,NA,,
AF42,VCCO_16,NA,16,NA,NA,NA,NA,,
AG39,VCCO_16,NA,16,NA,NA,NA,NA,,
AH36,VCCO_16,NA,16,NA,NA,NA,NA,,
AJ43,VCCO_16,NA,16,NA,NA,NA,NA,,
AA37,VCCO_17,NA,17,NA,NA,NA,NA,,
AB34,VCCO_17,NA,17,NA,NA,NA,NA,,
AB44,VCCO_17,NA,17,NA,NA,NA,NA,,
AC41,VCCO_17,NA,17,NA,NA,NA,NA,,
W43,VCCO_17,NA,17,NA,NA,NA,NA,,
Y40,VCCO_17,NA,17,NA,NA,NA,NA,,
P38,VCCO_18,NA,18,NA,NA,NA,NA,,
R35,VCCO_18,NA,18,NA,NA,NA,NA,,
T32,VCCO_18,NA,18,NA,NA,NA,NA,,
T42,VCCO_18,NA,18,NA,NA,NA,NA,,
U39,VCCO_18,NA,18,NA,NA,NA,NA,,
V36,VCCO_18,NA,18,NA,NA,NA,NA,,
K40,VCCO_19,NA,19,NA,NA,NA,NA,,
L37,VCCO_19,NA,19,NA,NA,NA,NA,,
M34,VCCO_19,NA,19,NA,NA,NA,NA,,
M44,VCCO_19,NA,19,NA,NA,NA,NA,,
N31,VCCO_19,NA,19,NA,NA,NA,NA,,
N41,VCCO_19,NA,19,NA,NA,NA,NA,,
E35,VCCO_20,NA,20,NA,NA,NA,NA,,
F32,VCCO_20,NA,20,NA,NA,NA,NA,,
G39,VCCO_20,NA,20,NA,NA,NA,NA,,
H36,VCCO_20,NA,20,NA,NA,NA,NA,,
J33,VCCO_20,NA,20,NA,NA,NA,NA,,
J43,VCCO_20,NA,20,NA,NA,NA,NA,,
A37,VCCO_21,NA,21,NA,NA,NA,NA,,
B34,VCCO_21,NA,21,NA,NA,NA,NA,,
C31,VCCO_21,NA,21,NA,NA,NA,NA,,
C41,VCCO_21,NA,21,NA,NA,NA,NA,,
D38,VCCO_21,NA,21,NA,NA,NA,NA,,
F42,VCCO_21,NA,21,NA,NA,NA,NA,,
AK20,VCCO_30,NA,30,NA,NA,NA,NA,,
AL17,VCCO_30,NA,30,NA,NA,NA,NA,,
AP18,VCCO_30,NA,30,NA,NA,NA,NA,,
AU19,VCCO_30,NA,30,NA,NA,NA,NA,,
AY20,VCCO_30,NA,30,NA,NA,NA,NA,,
BC21,VCCO_30,NA,30,NA,NA,NA,NA,,
BD18,VCCO_30,NA,30,NA,NA,NA,NA,,
AH16,VCCO_31,NA,31,NA,NA,NA,NA,,
AM14,VCCO_31,NA,31,NA,NA,NA,NA,,
AR15,VCCO_31,NA,31,NA,NA,NA,NA,,
AV16,VCCO_31,NA,31,NA,NA,NA,NA,,
BA17,VCCO_31,NA,31,NA,NA,NA,NA,,
BB14,VCCO_31,NA,31,NA,NA,NA,NA,,
AJ13,VCCO_32,NA,32,NA,NA,NA,NA,,
AN11,VCCO_32,NA,32,NA,NA,NA,NA,,
AT12,VCCO_32,NA,32,NA,NA,NA,NA,,
AW13,VCCO_32,NA,32,NA,NA,NA,NA,,
AY10,VCCO_32,NA,32,NA,NA,NA,NA,,
BC11,VCCO_32,NA,32,NA,NA,NA,NA,,
A27,VCCO_33,NA,33,NA,NA,NA,NA,,
D28,VCCO_33,NA,33,NA,NA,NA,NA,,
G29,VCCO_33,NA,33,NA,NA,NA,NA,,
K30,VCCO_33,NA,33,NA,NA,NA,NA,,
L27,VCCO_33,NA,33,NA,NA,NA,NA,,
P28,VCCO_33,NA,33,NA,NA,NA,NA,,
U29,VCCO_33,NA,33,NA,NA,NA,NA,,
B24,VCCO_34,NA,34,NA,NA,NA,NA,,
E25,VCCO_34,NA,34,NA,NA,NA,NA,,
H26,VCCO_34,NA,34,NA,NA,NA,NA,,
J23,VCCO_34,NA,34,NA,NA,NA,NA,,
M24,VCCO_34,NA,34,NA,NA,NA,NA,,
R25,VCCO_34,NA,34,NA,NA,NA,NA,,
T22,VCCO_34,NA,34,NA,NA,NA,NA,,
C21,VCCO_35,NA,35,NA,NA,NA,NA,,
F22,VCCO_35,NA,35,NA,NA,NA,NA,,
K20,VCCO_35,NA,35,NA,NA,NA,NA,,
N21,VCCO_35,NA,35,NA,NA,NA,NA,,
P18,VCCO_35,NA,35,NA,NA,NA,NA,,
U19,VCCO_35,NA,35,NA,NA,NA,NA,,
B4,VCCO_36,NA,36,NA,NA,NA,NA,,
C1,VCCO_36,NA,36,NA,NA,NA,NA,,
E5,VCCO_36,NA,36,NA,NA,NA,NA,,
F2,VCCO_36,NA,36,NA,NA,NA,NA,,
H6,VCCO_36,NA,36,NA,NA,NA,NA,,
J3,VCCO_36,NA,36,NA,NA,NA,NA,,
A7,VCCO_37,NA,37,NA,NA,NA,NA,,
C11,VCCO_37,NA,37,NA,NA,NA,NA,,
D8,VCCO_37,NA,37,NA,NA,NA,NA,,
G9,VCCO_37,NA,37,NA,NA,NA,NA,,
K10,VCCO_37,NA,37,NA,NA,NA,NA,,
L7,VCCO_37,NA,37,NA,NA,NA,NA,,
N11,VCCO_37,NA,37,NA,NA,NA,NA,,
B14,VCCO_38,NA,38,NA,NA,NA,NA,,
E15,VCCO_38,NA,38,NA,NA,NA,NA,,
F12,VCCO_38,NA,38,NA,NA,NA,NA,,
J13,VCCO_38,NA,38,NA,NA,NA,NA,,
M14,VCCO_38,NA,38,NA,NA,NA,NA,,
T12,VCCO_38,NA,38,NA,NA,NA,NA,,
A17,VCCO_39,NA,39,NA,NA,NA,NA,,
D18,VCCO_39,NA,39,NA,NA,NA,NA,,
G19,VCCO_39,NA,39,NA,NA,NA,NA,,
H16,VCCO_39,NA,39,NA,NA,NA,NA,,
L17,VCCO_39,NA,39,NA,NA,NA,NA,,
R15,VCCO_39,NA,39,NA,NA,NA,NA,,
AA22,GNDADC,NA,NA,NA,NA,NA,NA,,
AA23,VCCADC,NA,NA,NA,NA,NA,NA,,
AB24,VCCBRAM,NA,NA,NA,NA,NA,NA,,
AC25,VCCBRAM,NA,NA,NA,NA,NA,NA,,
AD24,VCCBRAM,NA,NA,NA,NA,NA,NA,,
AE23,VCCBRAM,NA,NA,NA,NA,NA,NA,,
AE25,VCCBRAM,NA,NA,NA,NA,NA,NA,,
AF24,VCCBRAM,NA,NA,NA,NA,NA,NA,,
AG25,VCCBRAM,NA,NA,NA,NA,NA,NA,,
V24,VCCBRAM,NA,NA,NA,NA,NA,NA,,
W23,VCCBRAM,NA,NA,NA,NA,NA,NA,,
Y24,VCCBRAM,NA,NA,NA,NA,NA,NA,,
,,,,,,,,,
Total Number of Pins Generated,1924,,,,,,,,
