Device/Package xc7vh870tflg1932/xc7vh870thcg1932 2/28/2014 16:31:12,,,,,,,
,,,,,,,
Pin,Pin Name,Memory Byte Group,Bank,VCCAUX Group,Super Logic Region,I/O Type,No-Connect
AD22,DXN_0,NA,0,NA,NA,CONFIG,NA
AD23,DXP_0,NA,0,NA,NA,CONFIG,NA
AB22,VREFN_0,NA,0,NA,NA,CONFIG,NA
AC23,VREFP_0,NA,0,NA,NA,CONFIG,NA
AB23,VP_0,NA,0,NA,NA,CONFIG,NA
AC22,VN_0,NA,0,NA,NA,CONFIG,NA
R22,VCCBATT_0,NA,0,NA,NA,CONFIG,NA
R26,CCLK_0,NA,0,NA,NA,CONFIG,NA
N22,TCK_0,NA,0,NA,NA,CONFIG,NA
N20,TMS_0,NA,0,NA,NA,CONFIG,NA
R20,TDI_0,NA,0,NA,NA,CONFIG,NA
AK19,INIT_B_0,NA,0,NA,NA,CONFIG,NA
AL26,PROGRAM_B_0,NA,0,NA,NA,CONFIG,NA
AJ26,DONE_0,NA,0,NA,NA,CONFIG,NA
AM19,M2_0,NA,0,NA,NA,CONFIG,NA
AM23,M0_0,NA,0,NA,NA,CONFIG,NA
AM21,M1_0,NA,0,NA,NA,CONFIG,NA
N26,TDO_0,NA,0,NA,NA,CONFIG,NA
AW34,IO_0_VRN_13,NA,13,0,2,HP,NA
AL33,IO_L1P_T0_13,0,13,0,2,HP,NA
AM33,IO_L1N_T0_13,0,13,0,2,HP,NA
AR33,IO_L2P_T0_13,0,13,0,2,HP,NA
AR34,IO_L2N_T0_13,0,13,0,2,HP,NA
AK31,IO_L3P_T0_DQS_13,0,13,0,2,HP,NA
AL31,IO_L3N_T0_DQS_13,0,13,0,2,HP,NA
AN32,IO_L4P_T0_13,0,13,0,2,HP,NA
AN33,IO_L4N_T0_13,0,13,0,2,HP,NA
AM31,IO_L5P_T0_13,0,13,0,2,HP,NA
AM32,IO_L5N_T0_13,0,13,0,2,HP,NA
AP32,IO_L6P_T0_13,0,13,0,2,HP,NA
AR32,IO_L6N_T0_VREF_13,0,13,0,2,HP,NA
AU32,IO_L7P_T1_13,1,13,0,2,HP,NA
AU33,IO_L7N_T1_13,1,13,0,2,HP,NA
AT35,IO_L8P_T1_13,1,13,0,2,HP,NA
AU35,IO_L8N_T1_13,1,13,0,2,HP,NA
AT33,IO_L9P_T1_DQS_13,1,13,0,2,HP,NA
AT34,IO_L9N_T1_DQS_13,1,13,0,2,HP,NA
AV35,IO_L10P_T1_13,1,13,0,2,HP,NA
AW35,IO_L10N_T1_13,1,13,0,2,HP,NA
AP31,IO_L11P_T1_SRCC_13,1,13,0,2,HP,NA
AR31,IO_L11N_T1_SRCC_13,1,13,0,2,HP,NA
AT31,IO_L12P_T1_MRCC_13,1,13,0,2,HP,NA
AU31,IO_L12N_T1_MRCC_13,1,13,0,2,HP,NA
AP29,IO_L13P_T2_MRCC_13,2,13,0,2,HP,NA
AP30,IO_L13N_T2_MRCC_13,2,13,0,2,HP,NA
AN29,IO_L14P_T2_SRCC_13,2,13,0,2,HP,NA
AN30,IO_L14N_T2_SRCC_13,2,13,0,2,HP,NA
AL30,IO_L15P_T2_DQS_13,2,13,0,2,HP,NA
AM30,IO_L15N_T2_DQS_13,2,13,0,2,HP,NA
AK28,IO_L16P_T2_13,2,13,0,2,HP,NA
AL28,IO_L16N_T2_13,2,13,0,2,HP,NA
AM28,IO_L17P_T2_13,2,13,0,2,HP,NA
AN28,IO_L17N_T2_13,2,13,0,2,HP,NA
AK29,IO_L18P_T2_13,2,13,0,2,HP,NA
AL29,IO_L18N_T2_13,2,13,0,2,HP,NA
AV32,IO_L19P_T3_13,3,13,0,2,HP,NA
AW32,IO_L19N_T3_VREF_13,3,13,0,2,HP,NA
AR29,IO_L20P_T3_13,3,13,0,2,HP,NA
AT29,IO_L20N_T3_13,3,13,0,2,HP,NA
AV33,IO_L21P_T3_DQS_13,3,13,0,2,HP,NA
AV34,IO_L21N_T3_DQS_13,3,13,0,2,HP,NA
AV29,IO_L22P_T3_13,3,13,0,2,HP,NA
AV30,IO_L22N_T3_13,3,13,0,2,HP,NA
AW30,IO_L23P_T3_13,3,13,0,2,HP,NA
AW31,IO_L23N_T3_13,3,13,0,2,HP,NA
AT30,IO_L24P_T3_13,3,13,0,2,HP,NA
AU30,IO_L24N_T3_13,3,13,0,2,HP,NA
AW29,IO_25_VRP_13,NA,13,0,2,HP,NA
T29,IO_0_VRN_14,NA,14,0,2,HP,NA
T33,IO_L1P_T0_D00_MOSI_14,0,14,0,2,HP,NA
R33,IO_L1N_T0_D01_DIN_14,0,14,0,2,HP,NA
U31,IO_L2P_T0_D02_14,0,14,0,2,HP,NA
T31,IO_L2N_T0_D03_14,0,14,0,2,HP,NA
W30,IO_L3P_T0_DQS_PUDC_B_14,0,14,0,2,HP,NA
V30,IO_L3N_T0_DQS_EMCCLK_14,0,14,0,2,HP,NA
U30,IO_L4P_T0_D04_14,0,14,0,2,HP,NA
T30,IO_L4N_T0_D05_14,0,14,0,2,HP,NA
V33,IO_L5P_T0_D06_14,0,14,0,2,HP,NA
U33,IO_L5N_T0_D07_14,0,14,0,2,HP,NA
V32,IO_L6P_T0_FCS_B_14,0,14,0,2,HP,NA
U32,IO_L6N_T0_D08_VREF_14,0,14,0,2,HP,NA
AA33,IO_L7P_T1_D09_14,1,14,0,2,HP,NA
Y33,IO_L7N_T1_D10_14,1,14,0,2,HP,NA
Y31,IO_L8P_T1_D11_14,1,14,0,2,HP,NA
W31,IO_L8N_T1_D12_14,1,14,0,2,HP,NA
AB32,IO_L9P_T1_DQS_14,1,14,0,2,HP,NA
AB33,IO_L9N_T1_DQS_D13_14,1,14,0,2,HP,NA
Y32,IO_L10P_T1_D14_14,1,14,0,2,HP,NA
W32,IO_L10N_T1_D15_14,1,14,0,2,HP,NA
AA30,IO_L11P_T1_SRCC_14,1,14,0,2,HP,NA
AA31,IO_L11N_T1_SRCC_14,1,14,0,2,HP,NA
AB30,IO_L12P_T1_MRCC_14,1,14,0,2,HP,NA
AB31,IO_L12N_T1_MRCC_14,1,14,0,2,HP,NA
AC30,IO_L13P_T2_MRCC_14,2,14,0,2,HP,NA
AD30,IO_L13N_T2_MRCC_14,2,14,0,2,HP,NA
AD31,IO_L14P_T2_SRCC_14,2,14,0,2,HP,NA
AD32,IO_L14N_T2_SRCC_14,2,14,0,2,HP,NA
AF30,IO_L15P_T2_DQS_RDWR_B_14,2,14,0,2,HP,NA
AF31,IO_L15N_T2_DQS_DOUT_CSO_B_14,2,14,0,2,HP,NA
AE31,IO_L16P_T2_CSI_B_14,2,14,0,2,HP,NA
AE32,IO_L16N_T2_A15_D31_14,2,14,0,2,HP,NA
AC32,IO_L17P_T2_A14_D30_14,2,14,0,2,HP,NA
AC33,IO_L17N_T2_A13_D29_14,2,14,0,2,HP,NA
AE33,IO_L18P_T2_A12_D28_14,2,14,0,2,HP,NA
AF33,IO_L18N_T2_A11_D27_14,2,14,0,2,HP,NA
AG32,IO_L19P_T3_A10_D26_14,3,14,0,2,HP,NA
AG33,IO_L19N_T3_A09_D25_VREF_14,3,14,0,2,HP,NA
AG30,IO_L20P_T3_A08_D24_14,3,14,0,2,HP,NA
AG31,IO_L20N_T3_A07_D23_14,3,14,0,2,HP,NA
AJ31,IO_L21P_T3_DQS_14,3,14,0,2,HP,NA
AJ32,IO_L21N_T3_DQS_A06_D22_14,3,14,0,2,HP,NA
AK32,IO_L22P_T3_A05_D21_14,3,14,0,2,HP,NA
AK33,IO_L22N_T3_A04_D20_14,3,14,0,2,HP,NA
AH30,IO_L23P_T3_A03_D19_14,3,14,0,2,HP,NA
AJ30,IO_L23N_T3_A02_D18_14,3,14,0,2,HP,NA
AH32,IO_L24P_T3_A01_D17_14,3,14,0,2,HP,NA
AH33,IO_L24N_T3_A00_D16_14,3,14,0,2,HP,NA
AJ29,IO_25_VRP_14,NA,14,0,2,HP,NA
F35,IO_0_VRN_15,NA,15,0,2,HP,NA
L28,IO_L1P_T0_AD0P_15,0,15,0,2,HP,NA
L29,IO_L1N_T0_AD0N_15,0,15,0,2,HP,NA
R28,IO_L2P_T0_AD8P_15,0,15,0,2,HP,NA
R29,IO_L2N_T0_AD8N_15,0,15,0,2,HP,NA
N28,IO_L3P_T0_DQS_AD1P_15,0,15,0,2,HP,NA
M28,IO_L3N_T0_DQS_AD1N_15,0,15,0,2,HP,NA
K29,IO_L4P_T0_15,0,15,0,2,HP,NA
J29,IO_L4N_T0_15,0,15,0,2,HP,NA
P29,IO_L5P_T0_AD9P_15,0,15,0,2,HP,NA
N29,IO_L5N_T0_AD9N_15,0,15,0,2,HP,NA
H29,IO_L6P_T0_15,0,15,0,2,HP,NA
G30,IO_L6N_T0_VREF_15,0,15,0,2,HP,NA
H33,IO_L7P_T1_AD2P_15,1,15,0,2,HP,NA
G33,IO_L7N_T1_AD2N_15,1,15,0,2,HP,NA
F29,IO_L8P_T1_AD10P_15,1,15,0,2,HP,NA
F30,IO_L8N_T1_AD10N_15,1,15,0,2,HP,NA
G31,IO_L9P_T1_DQS_AD3P_15,1,15,0,2,HP,NA
F31,IO_L9N_T1_DQS_AD3N_15,1,15,0,2,HP,NA
F33,IO_L10P_T1_AD11P_15,1,15,0,2,HP,NA
F34,IO_L10N_T1_AD11N_15,1,15,0,2,HP,NA
K32,IO_L11P_T1_SRCC_15,1,15,0,2,HP,NA
J32,IO_L11N_T1_SRCC_15,1,15,0,2,HP,NA
H32,IO_L12P_T1_MRCC_15,1,15,0,2,HP,NA
G32,IO_L12N_T1_MRCC_15,1,15,0,2,HP,NA
M31,IO_L13P_T2_MRCC_15,2,15,0,2,HP,NA
L31,IO_L13N_T2_MRCC_15,2,15,0,2,HP,NA
M30,IO_L14P_T2_SRCC_15,2,15,0,2,HP,NA
L30,IO_L14N_T2_SRCC_15,2,15,0,2,HP,NA
P30,IO_L15P_T2_DQS_15,2,15,0,2,HP,NA
N30,IO_L15N_T2_DQS_ADV_B_15,2,15,0,2,HP,NA
R31,IO_L16P_T2_A28_15,2,15,0,2,HP,NA
P31,IO_L16N_T2_A27_15,2,15,0,2,HP,NA
K31,IO_L17P_T2_A26_15,2,15,0,2,HP,NA
J31,IO_L17N_T2_A25_15,2,15,0,2,HP,NA
J30,IO_L18P_T2_A24_15,2,15,0,2,HP,NA
H30,IO_L18N_T2_A23_15,2,15,0,2,HP,NA
J35,IO_L19P_T3_A22_15,3,15,0,2,HP,NA
H35,IO_L19N_T3_A21_VREF_15,3,15,0,2,HP,NA
R32,IO_L20P_T3_A20_15,3,15,0,2,HP,NA
P32,IO_L20N_T3_A19_15,3,15,0,2,HP,NA
H34,IO_L21P_T3_DQS_15,3,15,0,2,HP,NA
G35,IO_L21N_T3_DQS_A18_15,3,15,0,2,HP,NA
N32,IO_L22P_T3_A17_15,3,15,0,2,HP,NA
M32,IO_L22N_T3_A16_15,3,15,0,2,HP,NA
N33,IO_L23P_T3_FOE_B_15,3,15,0,2,HP,NA
M33,IO_L23N_T3_FWE_B_15,3,15,0,2,HP,NA
K33,IO_L24P_T3_RS1_15,3,15,0,2,HP,NA
J34,IO_L24N_T3_RS0_15,3,15,0,2,HP,NA
L33,IO_25_VRP_15,NA,15,0,2,HP,NA
AW14,IO_0_VRN_33,NA,33,1,2,HP,NA
AK13,IO_L1P_T0_33,0,33,1,2,HP,NA
AL13,IO_L1N_T0_33,0,33,1,2,HP,NA
AR12,IO_L2P_T0_33,0,33,1,2,HP,NA
AR11,IO_L2N_T0_33,0,33,1,2,HP,NA
AK14,IO_L3P_T0_DQS_33,0,33,1,2,HP,NA
AL14,IO_L3N_T0_DQS_33,0,33,1,2,HP,NA
AN13,IO_L4P_T0_33,0,33,1,2,HP,NA
AN12,IO_L4N_T0_33,0,33,1,2,HP,NA
AM13,IO_L5P_T0_33,0,33,1,2,HP,NA
AM12,IO_L5N_T0_33,0,33,1,2,HP,NA
AR13,IO_L6P_T0_33,0,33,1,2,HP,NA
AP12,IO_L6N_T0_VREF_33,0,33,1,2,HP,NA
AU13,IO_L7P_T1_33,1,33,1,2,HP,NA
AU12,IO_L7N_T1_33,1,33,1,2,HP,NA
AT10,IO_L8P_T1_33,1,33,1,2,HP,NA
AU10,IO_L8N_T1_33,1,33,1,2,HP,NA
AT11,IO_L9P_T1_DQS_33,1,33,1,2,HP,NA
AU11,IO_L9N_T1_DQS_33,1,33,1,2,HP,NA
AV10,IO_L10P_T1_33,1,33,1,2,HP,NA
AW10,IO_L10N_T1_33,1,33,1,2,HP,NA
AP14,IO_L11P_T1_SRCC_33,1,33,1,2,HP,NA
AR14,IO_L11N_T1_SRCC_33,1,33,1,2,HP,NA
AT14,IO_L12P_T1_MRCC_33,1,33,1,2,HP,NA
AT13,IO_L12N_T1_MRCC_33,1,33,1,2,HP,NA
AP16,IO_L13P_T2_MRCC_33,2,33,1,2,HP,NA
AP15,IO_L13N_T2_MRCC_33,2,33,1,2,HP,NA
AN15,IO_L14P_T2_SRCC_33,2,33,1,2,HP,NA
AN14,IO_L14N_T2_SRCC_33,2,33,1,2,HP,NA
AL15,IO_L15P_T2_DQS_33,2,33,1,2,HP,NA
AM15,IO_L15N_T2_DQS_33,2,33,1,2,HP,NA
AM17,IO_L16P_T2_33,2,33,1,2,HP,NA
AM16,IO_L16N_T2_33,2,33,1,2,HP,NA
AN17,IO_L17P_T2_33,2,33,1,2,HP,NA
AP17,IO_L17N_T2_33,2,33,1,2,HP,NA
AK16,IO_L18P_T2_33,2,33,1,2,HP,NA
AL16,IO_L18N_T2_33,2,33,1,2,HP,NA
AV13,IO_L19P_T3_33,3,33,1,2,HP,NA
AV12,IO_L19N_T3_VREF_33,3,33,1,2,HP,NA
AR16,IO_L20P_T3_33,3,33,1,2,HP,NA
AT16,IO_L20N_T3_33,3,33,1,2,HP,NA
AW12,IO_L21P_T3_DQS_33,3,33,1,2,HP,NA
AW11,IO_L21N_T3_DQS_33,3,33,1,2,HP,NA
AV15,IO_L22P_T3_33,3,33,1,2,HP,NA
AV14,IO_L22N_T3_33,3,33,1,2,HP,NA
AW16,IO_L23P_T3_33,3,33,1,2,HP,NA
AW15,IO_L23N_T3_33,3,33,1,2,HP,NA
AT15,IO_L24P_T3_33,3,33,1,2,HP,NA
AU15,IO_L24N_T3_33,3,33,1,2,HP,NA
AU16,IO_25_VRP_33,NA,33,1,2,HP,NA
T16,IO_0_VRN_34,NA,34,1,2,HP,NA
R13,IO_L1P_T0_34,0,34,1,2,HP,NA
R12,IO_L1N_T0_34,0,34,1,2,HP,NA
T14,IO_L2P_T0_34,0,34,1,2,HP,NA
R14,IO_L2N_T0_34,0,34,1,2,HP,NA
W15,IO_L3P_T0_DQS_34,0,34,1,2,HP,NA
V15,IO_L3N_T0_DQS_34,0,34,1,2,HP,NA
U15,IO_L4P_T0_34,0,34,1,2,HP,NA
T15,IO_L4N_T0_34,0,34,1,2,HP,NA
V12,IO_L5P_T0_34,0,34,1,2,HP,NA
U12,IO_L5N_T0_34,0,34,1,2,HP,NA
U13,IO_L6P_T0_34,0,34,1,2,HP,NA
T13,IO_L6N_T0_VREF_34,0,34,1,2,HP,NA
Y12,IO_L7P_T1_34,1,34,1,2,HP,NA
W12,IO_L7N_T1_34,1,34,1,2,HP,NA
Y14,IO_L8P_T1_34,1,34,1,2,HP,NA
W14,IO_L8N_T1_34,1,34,1,2,HP,NA
AA13,IO_L9P_T1_DQS_34,1,34,1,2,HP,NA
Y13,IO_L9N_T1_DQS_34,1,34,1,2,HP,NA
V14,IO_L10P_T1_34,1,34,1,2,HP,NA
V13,IO_L10N_T1_34,1,34,1,2,HP,NA
AA15,IO_L11P_T1_SRCC_34,1,34,1,2,HP,NA
AA14,IO_L11N_T1_SRCC_34,1,34,1,2,HP,NA
AB15,IO_L12P_T1_MRCC_34,1,34,1,2,HP,NA
AC15,IO_L12N_T1_MRCC_34,1,34,1,2,HP,NA
AD15,IO_L13P_T2_MRCC_34,2,34,1,2,HP,NA
AD14,IO_L13N_T2_MRCC_34,2,34,1,2,HP,NA
AC14,IO_L14P_T2_SRCC_34,2,34,1,2,HP,NA
AC13,IO_L14N_T2_SRCC_34,2,34,1,2,HP,NA
AE14,IO_L15P_T2_DQS_34,2,34,1,2,HP,NA
AF14,IO_L15N_T2_DQS_34,2,34,1,2,HP,NA
AC12,IO_L16P_T2_34,2,34,1,2,HP,NA
AD12,IO_L16N_T2_34,2,34,1,2,HP,NA
AB13,IO_L17P_T2_34,2,34,1,2,HP,NA
AB12,IO_L17N_T2_34,2,34,1,2,HP,NA
AE13,IO_L18P_T2_34,2,34,1,2,HP,NA
AE12,IO_L18N_T2_34,2,34,1,2,HP,NA
AF13,IO_L19P_T3_34,3,34,1,2,HP,NA
AG13,IO_L19N_T3_VREF_34,3,34,1,2,HP,NA
AF15,IO_L20P_T3_34,3,34,1,2,HP,NA
AG15,IO_L20N_T3_34,3,34,1,2,HP,NA
AH14,IO_L21P_T3_DQS_34,3,34,1,2,HP,NA
AH13,IO_L21N_T3_DQS_34,3,34,1,2,HP,NA
AJ12,IO_L22P_T3_34,3,34,1,2,HP,NA
AK12,IO_L22N_T3_34,3,34,1,2,HP,NA
AH15,IO_L23P_T3_34,3,34,1,2,HP,NA
AJ15,IO_L23N_T3_34,3,34,1,2,HP,NA
AG12,IO_L24P_T3_34,3,34,1,2,HP,NA
AH12,IO_L24N_T3_34,3,34,1,2,HP,NA
AJ14,IO_25_VRP_34,NA,34,1,2,HP,NA
F10,IO_0_VRN_35,NA,35,1,2,HP,NA
N17,IO_L1P_T0_AD4P_35,0,35,1,2,HP,NA
M17,IO_L1N_T0_AD4N_35,0,35,1,2,HP,NA
R17,IO_L2P_T0_AD12P_35,0,35,1,2,HP,NA
R16,IO_L2N_T0_AD12N_35,0,35,1,2,HP,NA
N18,IO_L3P_T0_DQS_AD5P_35,0,35,1,2,HP,NA
M18,IO_L3N_T0_DQS_AD5N_35,0,35,1,2,HP,NA
K16,IO_L4P_T0_35,0,35,1,2,HP,NA
J16,IO_L4N_T0_35,0,35,1,2,HP,NA
P17,IO_L5P_T0_AD13P_35,0,35,1,2,HP,NA
P16,IO_L5N_T0_AD13N_35,0,35,1,2,HP,NA
M16,IO_L6P_T0_35,0,35,1,2,HP,NA
L16,IO_L6N_T0_VREF_35,0,35,1,2,HP,NA
G13,IO_L7P_T1_AD6P_35,1,35,1,2,HP,NA
G12,IO_L7N_T1_AD6N_35,1,35,1,2,HP,NA
H13,IO_L8P_T1_AD14P_35,1,35,1,2,HP,NA
H12,IO_L8N_T1_AD14N_35,1,35,1,2,HP,NA
F16,IO_L9P_T1_DQS_AD7P_35,1,35,1,2,HP,NA
F15,IO_L9N_T1_DQS_AD7N_35,1,35,1,2,HP,NA
F14,IO_L10P_T1_AD15P_35,1,35,1,2,HP,NA
F13,IO_L10N_T1_AD15N_35,1,35,1,2,HP,NA
L13,IO_L11P_T1_SRCC_35,1,35,1,2,HP,NA
K13,IO_L11N_T1_SRCC_35,1,35,1,2,HP,NA
J14,IO_L12P_T1_MRCC_35,1,35,1,2,HP,NA
H14,IO_L12N_T1_MRCC_35,1,35,1,2,HP,NA
L14,IO_L13P_T2_MRCC_35,2,35,1,2,HP,NA
K14,IO_L13N_T2_MRCC_35,2,35,1,2,HP,NA
M15,IO_L14P_T2_SRCC_35,2,35,1,2,HP,NA
L15,IO_L14N_T2_SRCC_35,2,35,1,2,HP,NA
P15,IO_L15P_T2_DQS_35,2,35,1,2,HP,NA
N15,IO_L15N_T2_DQS_35,2,35,1,2,HP,NA
P14,IO_L16P_T2_35,2,35,1,2,HP,NA
N14,IO_L16N_T2_35,2,35,1,2,HP,NA
J15,IO_L17P_T2_35,2,35,1,2,HP,NA
H15,IO_L17N_T2_35,2,35,1,2,HP,NA
G16,IO_L18P_T2_35,2,35,1,2,HP,NA
G15,IO_L18N_T2_35,2,35,1,2,HP,NA
G11,IO_L19P_T3_35,3,35,1,2,HP,NA
F11,IO_L19N_T3_VREF_35,3,35,1,2,HP,NA
N13,IO_L20P_T3_35,3,35,1,2,HP,NA
M13,IO_L20N_T3_35,3,35,1,2,HP,NA
J11,IO_L21P_T3_DQS_35,3,35,1,2,HP,NA
J10,IO_L21N_T3_DQS_35,3,35,1,2,HP,NA
N12,IO_L22P_T3_35,3,35,1,2,HP,NA
M12,IO_L22N_T3_35,3,35,1,2,HP,NA
K12,IO_L23P_T3_35,3,35,1,2,HP,NA
J12,IO_L23N_T3_35,3,35,1,2,HP,NA
H10,IO_L24P_T3_35,3,35,1,2,HP,NA
G10,IO_L24N_T3_35,3,35,1,2,HP,NA
P12,IO_25_VRP_35,NA,35,1,2,HP,NA
AW2,MGTHTXP3_110,NA,110,NA,1,GTH,7VH580T
AW6,MGTHRXP3_110,NA,110,NA,1,GTH,7VH580T
AW1,MGTHTXN3_110,NA,110,NA,1,GTH,7VH580T
AW5,MGTHRXN3_110,NA,110,NA,1,GTH,7VH580T
BA2,MGTHTXP2_110,NA,110,NA,1,GTH,7VH580T
AY4,MGTHRXP2_110,NA,110,NA,1,GTH,7VH580T
BA1,MGTHTXN2_110,NA,110,NA,1,GTH,7VH580T
AP8,MGTREFCLK0P_110,NA,110,NA,1,GTH,7VH580T
AY3,MGTHRXN2_110,NA,110,NA,1,GTH,7VH580T
AP7,MGTREFCLK0N_110,NA,110,NA,1,GTH,7VH580T
AT7,MGTREFCLK1N_110,NA,110,NA,1,GTH,7VH580T
AT8,MGTREFCLK1P_110,NA,110,NA,1,GTH,7VH580T
BB4,MGTHTXP1_110,NA,110,NA,1,GTH,7VH580T
BA6,MGTHRXP1_110,NA,110,NA,1,GTH,7VH580T
BB3,MGTHTXN1_110,NA,110,NA,1,GTH,7VH580T
BA5,MGTHRXN1_110,NA,110,NA,1,GTH,7VH580T
BD4,MGTHTXP0_110,NA,110,NA,1,GTH,7VH580T
BC6,MGTHRXP0_110,NA,110,NA,1,GTH,7VH580T
BD3,MGTHTXN0_110,NA,110,NA,1,GTH,7VH580T
BC5,MGTHRXN0_110,NA,110,NA,1,GTH,7VH580T
AN2,MGTHTXP3_111,NA,111,NA,1,GTH,7VH580T
AR6,MGTHRXP3_111,NA,111,NA,1,GTH,7VH580T
AN1,MGTHTXN3_111,NA,111,NA,1,GTH,7VH580T
AR5,MGTHRXN3_111,NA,111,NA,1,GTH,7VH580T
AP4,MGTHTXP2_111,NA,111,NA,1,GTH,7VH580T
AT4,MGTHRXP2_111,NA,111,NA,1,GTH,7VH580T
AP3,MGTHTXN2_111,NA,111,NA,1,GTH,7VH580T
AM8,MGTREFCLK0P_111,NA,111,NA,1,GTH,7VH580T
AT3,MGTHRXN2_111,NA,111,NA,1,GTH,7VH580T
AM7,MGTREFCLK0N_111,NA,111,NA,1,GTH,7VH580T
AN9,MGTREFCLK1N_111,NA,111,NA,1,GTH,7VH580T
AN10,MGTREFCLK1P_111,NA,111,NA,1,GTH,7VH580T
AR2,MGTHTXP1_111,NA,111,NA,1,GTH,7VH580T
AU6,MGTHRXP1_111,NA,111,NA,1,GTH,7VH580T
AR1,MGTHTXN1_111,NA,111,NA,1,GTH,7VH580T
AU5,MGTHRXN1_111,NA,111,NA,1,GTH,7VH580T
AU2,MGTHTXP0_111,NA,111,NA,1,GTH,7VH580T
AV4,MGTHRXP0_111,NA,111,NA,1,GTH,7VH580T
AU1,MGTHTXN0_111,NA,111,NA,1,GTH,7VH580T
AV3,MGTHRXN0_111,NA,111,NA,1,GTH,7VH580T
AJ2,MGTHTXP3_112,NA,112,NA,1,GTH,7VH580T
AH8,MGTHRXP3_112,NA,112,NA,1,GTH,7VH580T
AJ1,MGTHTXN3_112,NA,112,NA,1,GTH,7VH580T
AH7,MGTHRXN3_112,NA,112,NA,1,GTH,7VH580T
AK4,MGTHTXP2_112,NA,112,NA,1,GTH,7VH580T
AJ6,MGTHRXP2_112,NA,112,NA,1,GTH,7VH580T
AK3,MGTHTXN2_112,NA,112,NA,1,GTH,7VH580T
AK8,MGTREFCLK0P_112,NA,112,NA,1,GTH,7VH580T
AJ5,MGTHRXN2_112,NA,112,NA,1,GTH,7VH580T
AV8,MGTAVTTRCAL_112,NA,112,NA,1,GTH,7VH580T
AK7,MGTREFCLK0N_112,NA,112,NA,1,GTH,7VH580T
AV7,MGTRREF_112,NA,112,NA,1,GTH,7VH580T
AL9,MGTREFCLK1N_112,NA,112,NA,1,GTH,7VH580T
AL10,MGTREFCLK1P_112,NA,112,NA,1,GTH,7VH580T
AL2,MGTHTXP1_112,NA,112,NA,1,GTH,7VH580T
AL6,MGTHRXP1_112,NA,112,NA,1,GTH,7VH580T
AL1,MGTHTXN1_112,NA,112,NA,1,GTH,7VH580T
AL5,MGTHRXN1_112,NA,112,NA,1,GTH,7VH580T
AM4,MGTHTXP0_112,NA,112,NA,1,GTH,7VH580T
AN6,MGTHRXP0_112,NA,112,NA,1,GTH,7VH580T
AM3,MGTHTXN0_112,NA,112,NA,1,GTH,7VH580T
AN5,MGTHRXN0_112,NA,112,NA,1,GTH,7VH580T
AE2,MGTHTXP3_113,NA,113,NA,2,GTH,NA
AD8,MGTHRXP3_113,NA,113,NA,2,GTH,NA
AE1,MGTHTXN3_113,NA,113,NA,2,GTH,NA
AD7,MGTHRXN3_113,NA,113,NA,2,GTH,NA
AF4,MGTHTXP2_113,NA,113,NA,2,GTH,NA
AE6,MGTHRXP2_113,NA,113,NA,2,GTH,NA
AF3,MGTHTXN2_113,NA,113,NA,2,GTH,NA
AG10,MGTREFCLK0P_113,NA,113,NA,2,GTH,NA
AE5,MGTHRXN2_113,NA,113,NA,2,GTH,NA
AG9,MGTREFCLK0N_113,NA,113,NA,2,GTH,NA
AJ9,MGTREFCLK1N_113,NA,113,NA,2,GTH,NA
AJ10,MGTREFCLK1P_113,NA,113,NA,2,GTH,NA
AG2,MGTHTXP1_113,NA,113,NA,2,GTH,NA
AF8,MGTHRXP1_113,NA,113,NA,2,GTH,NA
AG1,MGTHTXN1_113,NA,113,NA,2,GTH,NA
AF7,MGTHRXN1_113,NA,113,NA,2,GTH,NA
AH4,MGTHTXP0_113,NA,113,NA,2,GTH,NA
AG6,MGTHRXP0_113,NA,113,NA,2,GTH,NA
AH3,MGTHTXN0_113,NA,113,NA,2,GTH,NA
AG5,MGTHRXN0_113,NA,113,NA,2,GTH,NA
AA2,MGTHTXP3_114,NA,114,NA,2,GTH,NA
Y8,MGTHRXP3_114,NA,114,NA,2,GTH,NA
AA1,MGTHTXN3_114,NA,114,NA,2,GTH,NA
Y7,MGTHRXN3_114,NA,114,NA,2,GTH,NA
AB4,MGTHTXP2_114,NA,114,NA,2,GTH,NA
AA6,MGTHRXP2_114,NA,114,NA,2,GTH,NA
AB3,MGTHTXN2_114,NA,114,NA,2,GTH,NA
AC10,MGTREFCLK0P_114,NA,114,NA,2,GTH,NA
AA5,MGTHRXN2_114,NA,114,NA,2,GTH,NA
AC9,MGTREFCLK0N_114,NA,114,NA,2,GTH,NA
AE9,MGTREFCLK1N_114,NA,114,NA,2,GTH,NA
AE10,MGTREFCLK1P_114,NA,114,NA,2,GTH,NA
AC2,MGTHTXP1_114,NA,114,NA,2,GTH,NA
AB8,MGTHRXP1_114,NA,114,NA,2,GTH,NA
AC1,MGTHTXN1_114,NA,114,NA,2,GTH,NA
AB7,MGTHRXN1_114,NA,114,NA,2,GTH,NA
AD4,MGTHTXP0_114,NA,114,NA,2,GTH,NA
AC6,MGTHRXP0_114,NA,114,NA,2,GTH,NA
AD3,MGTHTXN0_114,NA,114,NA,2,GTH,NA
AC5,MGTHRXN0_114,NA,114,NA,2,GTH,NA
U2,MGTHTXP3_115,NA,115,NA,2,GTH,NA
T8,MGTHRXP3_115,NA,115,NA,2,GTH,NA
U1,MGTHTXN3_115,NA,115,NA,2,GTH,NA
T7,MGTHRXN3_115,NA,115,NA,2,GTH,NA
V4,MGTHTXP2_115,NA,115,NA,2,GTH,NA
U6,MGTHRXP2_115,NA,115,NA,2,GTH,NA
V3,MGTHTXN2_115,NA,115,NA,2,GTH,NA
U10,MGTREFCLK0P_115,NA,115,NA,2,GTH,NA
U5,MGTHRXN2_115,NA,115,NA,2,GTH,NA
AA10,MGTAVTTRCAL_115,NA,115,NA,2,GTH,NA
U9,MGTREFCLK0N_115,NA,115,NA,2,GTH,NA
AA9,MGTRREF_115,NA,115,NA,2,GTH,NA
W9,MGTREFCLK1N_115,NA,115,NA,2,GTH,NA
W10,MGTREFCLK1P_115,NA,115,NA,2,GTH,NA
W2,MGTHTXP1_115,NA,115,NA,2,GTH,NA
V8,MGTHRXP1_115,NA,115,NA,2,GTH,NA
W1,MGTHTXN1_115,NA,115,NA,2,GTH,NA
V7,MGTHRXN1_115,NA,115,NA,2,GTH,NA
Y4,MGTHTXP0_115,NA,115,NA,2,GTH,NA
W6,MGTHRXP0_115,NA,115,NA,2,GTH,NA
Y3,MGTHTXN0_115,NA,115,NA,2,GTH,NA
W5,MGTHRXN0_115,NA,115,NA,2,GTH,NA
N2,MGTHTXP3_116,NA,116,NA,3,GTH,NA
L6,MGTHRXP3_116,NA,116,NA,3,GTH,NA
N1,MGTHTXN3_116,NA,116,NA,3,GTH,NA
L5,MGTHRXN3_116,NA,116,NA,3,GTH,NA
P4,MGTHTXP2_116,NA,116,NA,3,GTH,NA
N6,MGTHRXP2_116,NA,116,NA,3,GTH,NA
P3,MGTHTXN2_116,NA,116,NA,3,GTH,NA
N10,MGTREFCLK0P_116,NA,116,NA,3,GTH,NA
N5,MGTHRXN2_116,NA,116,NA,3,GTH,NA
N9,MGTREFCLK0N_116,NA,116,NA,3,GTH,NA
R9,MGTREFCLK1N_116,NA,116,NA,3,GTH,NA
R10,MGTREFCLK1P_116,NA,116,NA,3,GTH,NA
R2,MGTHTXP1_116,NA,116,NA,3,GTH,NA
P8,MGTHRXP1_116,NA,116,NA,3,GTH,NA
R1,MGTHTXN1_116,NA,116,NA,3,GTH,NA
P7,MGTHRXN1_116,NA,116,NA,3,GTH,NA
T4,MGTHTXP0_116,NA,116,NA,3,GTH,NA
R6,MGTHRXP0_116,NA,116,NA,3,GTH,NA
T3,MGTHTXN0_116,NA,116,NA,3,GTH,NA
R5,MGTHRXN0_116,NA,116,NA,3,GTH,NA
J2,MGTHTXP3_117,NA,117,NA,3,GTH,NA
F4,MGTHRXP3_117,NA,117,NA,3,GTH,NA
J1,MGTHTXN3_117,NA,117,NA,3,GTH,NA
F3,MGTHRXN3_117,NA,117,NA,3,GTH,NA
K4,MGTHTXP2_117,NA,117,NA,3,GTH,NA
G6,MGTHRXP2_117,NA,117,NA,3,GTH,NA
K3,MGTHTXN2_117,NA,117,NA,3,GTH,NA
L10,MGTREFCLK0P_117,NA,117,NA,3,GTH,NA
G5,MGTHRXN2_117,NA,117,NA,3,GTH,NA
L9,MGTREFCLK0N_117,NA,117,NA,3,GTH,NA
M7,MGTREFCLK1N_117,NA,117,NA,3,GTH,NA
M8,MGTREFCLK1P_117,NA,117,NA,3,GTH,NA
L2,MGTHTXP1_117,NA,117,NA,3,GTH,NA
H4,MGTHRXP1_117,NA,117,NA,3,GTH,NA
L1,MGTHTXN1_117,NA,117,NA,3,GTH,NA
H3,MGTHRXN1_117,NA,117,NA,3,GTH,NA
M4,MGTHTXP0_117,NA,117,NA,3,GTH,NA
J6,MGTHRXP0_117,NA,117,NA,3,GTH,NA
M3,MGTHTXN0_117,NA,117,NA,3,GTH,NA
J5,MGTHRXN0_117,NA,117,NA,3,GTH,NA
B4,MGTHTXP3_118,NA,118,NA,3,GTH,NA
A6,MGTHRXP3_118,NA,118,NA,3,GTH,NA
B3,MGTHTXN3_118,NA,118,NA,3,GTH,NA
A5,MGTHRXN3_118,NA,118,NA,3,GTH,NA
C2,MGTHTXP2_118,NA,118,NA,3,GTH,NA
C6,MGTHRXP2_118,NA,118,NA,3,GTH,NA
C1,MGTHTXN2_118,NA,118,NA,3,GTH,NA
H8,MGTREFCLK0P_118,NA,118,NA,3,GTH,NA
C5,MGTHRXN2_118,NA,118,NA,3,GTH,NA
F8,MGTAVTTRCAL_118,NA,118,NA,3,GTH,NA
H7,MGTREFCLK0N_118,NA,118,NA,3,GTH,NA
F7,MGTRREF_118,NA,118,NA,3,GTH,NA
K7,MGTREFCLK1N_118,NA,118,NA,3,GTH,NA
K8,MGTREFCLK1P_118,NA,118,NA,3,GTH,NA
E2,MGTHTXP1_118,NA,118,NA,3,GTH,NA
D4,MGTHRXP1_118,NA,118,NA,3,GTH,NA
E1,MGTHTXN1_118,NA,118,NA,3,GTH,NA
D3,MGTHRXN1_118,NA,118,NA,3,GTH,NA
G2,MGTHTXP0_118,NA,118,NA,3,GTH,NA
E6,MGTHRXP0_118,NA,118,NA,3,GTH,NA
G1,MGTHTXN0_118,NA,118,NA,3,GTH,NA
E5,MGTHRXN0_118,NA,118,NA,3,GTH,NA
AW43,MGTHTXP3_210,NA,210,NA,1,GTH,7VH580T
AW39,MGTHRXP3_210,NA,210,NA,1,GTH,7VH580T
AW44,MGTHTXN3_210,NA,210,NA,1,GTH,7VH580T
AW40,MGTHRXN3_210,NA,210,NA,1,GTH,7VH580T
BA43,MGTHTXP2_210,NA,210,NA,1,GTH,7VH580T
AY41,MGTHRXP2_210,NA,210,NA,1,GTH,7VH580T
BA44,MGTHTXN2_210,NA,210,NA,1,GTH,7VH580T
AP37,MGTREFCLK0P_210,NA,210,NA,1,GTH,7VH580T
AY42,MGTHRXN2_210,NA,210,NA,1,GTH,7VH580T
AP38,MGTREFCLK0N_210,NA,210,NA,1,GTH,7VH580T
AT38,MGTREFCLK1N_210,NA,210,NA,1,GTH,7VH580T
AT37,MGTREFCLK1P_210,NA,210,NA,1,GTH,7VH580T
BB41,MGTHTXP1_210,NA,210,NA,1,GTH,7VH580T
BA39,MGTHRXP1_210,NA,210,NA,1,GTH,7VH580T
BB42,MGTHTXN1_210,NA,210,NA,1,GTH,7VH580T
BA40,MGTHRXN1_210,NA,210,NA,1,GTH,7VH580T
BD41,MGTHTXP0_210,NA,210,NA,1,GTH,7VH580T
BC39,MGTHRXP0_210,NA,210,NA,1,GTH,7VH580T
BD42,MGTHTXN0_210,NA,210,NA,1,GTH,7VH580T
BC40,MGTHRXN0_210,NA,210,NA,1,GTH,7VH580T
AN43,MGTHTXP3_211,NA,211,NA,1,GTH,7VH580T
AR39,MGTHRXP3_211,NA,211,NA,1,GTH,7VH580T
AN44,MGTHTXN3_211,NA,211,NA,1,GTH,7VH580T
AR40,MGTHRXN3_211,NA,211,NA,1,GTH,7VH580T
AP41,MGTHTXP2_211,NA,211,NA,1,GTH,7VH580T
AT41,MGTHRXP2_211,NA,211,NA,1,GTH,7VH580T
AP42,MGTHTXN2_211,NA,211,NA,1,GTH,7VH580T
AM37,MGTREFCLK0P_211,NA,211,NA,1,GTH,7VH580T
AT42,MGTHRXN2_211,NA,211,NA,1,GTH,7VH580T
AM38,MGTREFCLK0N_211,NA,211,NA,1,GTH,7VH580T
AN36,MGTREFCLK1N_211,NA,211,NA,1,GTH,7VH580T
AN35,MGTREFCLK1P_211,NA,211,NA,1,GTH,7VH580T
AR43,MGTHTXP1_211,NA,211,NA,1,GTH,7VH580T
AU39,MGTHRXP1_211,NA,211,NA,1,GTH,7VH580T
AR44,MGTHTXN1_211,NA,211,NA,1,GTH,7VH580T
AU40,MGTHRXN1_211,NA,211,NA,1,GTH,7VH580T
AU43,MGTHTXP0_211,NA,211,NA,1,GTH,7VH580T
AV41,MGTHRXP0_211,NA,211,NA,1,GTH,7VH580T
AU44,MGTHTXN0_211,NA,211,NA,1,GTH,7VH580T
AV42,MGTHRXN0_211,NA,211,NA,1,GTH,7VH580T
AJ43,MGTHTXP3_212,NA,212,NA,1,GTH,7VH580T
AH37,MGTHRXP3_212,NA,212,NA,1,GTH,7VH580T
AJ44,MGTHTXN3_212,NA,212,NA,1,GTH,7VH580T
AH38,MGTHRXN3_212,NA,212,NA,1,GTH,7VH580T
AK41,MGTHTXP2_212,NA,212,NA,1,GTH,7VH580T
AJ39,MGTHRXP2_212,NA,212,NA,1,GTH,7VH580T
AK42,MGTHTXN2_212,NA,212,NA,1,GTH,7VH580T
AK37,MGTREFCLK0P_212,NA,212,NA,1,GTH,7VH580T
AJ40,MGTHRXN2_212,NA,212,NA,1,GTH,7VH580T
AV37,MGTAVTTRCAL_212,NA,212,NA,1,GTH,7VH580T
AK38,MGTREFCLK0N_212,NA,212,NA,1,GTH,7VH580T
AV38,MGTRREF_212,NA,212,NA,1,GTH,7VH580T
AL36,MGTREFCLK1N_212,NA,212,NA,1,GTH,7VH580T
AL35,MGTREFCLK1P_212,NA,212,NA,1,GTH,7VH580T
AL43,MGTHTXP1_212,NA,212,NA,1,GTH,7VH580T
AL39,MGTHRXP1_212,NA,212,NA,1,GTH,7VH580T
AL44,MGTHTXN1_212,NA,212,NA,1,GTH,7VH580T
AL40,MGTHRXN1_212,NA,212,NA,1,GTH,7VH580T
AM41,MGTHTXP0_212,NA,212,NA,1,GTH,7VH580T
AN39,MGTHRXP0_212,NA,212,NA,1,GTH,7VH580T
AM42,MGTHTXN0_212,NA,212,NA,1,GTH,7VH580T
AN40,MGTHRXN0_212,NA,212,NA,1,GTH,7VH580T
AE43,MGTHTXP3_213,NA,213,NA,2,GTH,NA
AD37,MGTHRXP3_213,NA,213,NA,2,GTH,NA
AE44,MGTHTXN3_213,NA,213,NA,2,GTH,NA
AD38,MGTHRXN3_213,NA,213,NA,2,GTH,NA
AF41,MGTHTXP2_213,NA,213,NA,2,GTH,NA
AE39,MGTHRXP2_213,NA,213,NA,2,GTH,NA
AF42,MGTHTXN2_213,NA,213,NA,2,GTH,NA
AG35,MGTREFCLK0P_213,NA,213,NA,2,GTH,NA
AE40,MGTHRXN2_213,NA,213,NA,2,GTH,NA
AG36,MGTREFCLK0N_213,NA,213,NA,2,GTH,NA
AJ36,MGTREFCLK1N_213,NA,213,NA,2,GTH,NA
AJ35,MGTREFCLK1P_213,NA,213,NA,2,GTH,NA
AG43,MGTHTXP1_213,NA,213,NA,2,GTH,NA
AF37,MGTHRXP1_213,NA,213,NA,2,GTH,NA
AG44,MGTHTXN1_213,NA,213,NA,2,GTH,NA
AF38,MGTHRXN1_213,NA,213,NA,2,GTH,NA
AH41,MGTHTXP0_213,NA,213,NA,2,GTH,NA
AG39,MGTHRXP0_213,NA,213,NA,2,GTH,NA
AH42,MGTHTXN0_213,NA,213,NA,2,GTH,NA
AG40,MGTHRXN0_213,NA,213,NA,2,GTH,NA
AA43,MGTHTXP3_214,NA,214,NA,2,GTH,NA
Y37,MGTHRXP3_214,NA,214,NA,2,GTH,NA
AA44,MGTHTXN3_214,NA,214,NA,2,GTH,NA
Y38,MGTHRXN3_214,NA,214,NA,2,GTH,NA
AB41,MGTHTXP2_214,NA,214,NA,2,GTH,NA
AA39,MGTHRXP2_214,NA,214,NA,2,GTH,NA
AB42,MGTHTXN2_214,NA,214,NA,2,GTH,NA
AC35,MGTREFCLK0P_214,NA,214,NA,2,GTH,NA
AA40,MGTHRXN2_214,NA,214,NA,2,GTH,NA
AC36,MGTREFCLK0N_214,NA,214,NA,2,GTH,NA
AE36,MGTREFCLK1N_214,NA,214,NA,2,GTH,NA
AE35,MGTREFCLK1P_214,NA,214,NA,2,GTH,NA
AC43,MGTHTXP1_214,NA,214,NA,2,GTH,NA
AB37,MGTHRXP1_214,NA,214,NA,2,GTH,NA
AC44,MGTHTXN1_214,NA,214,NA,2,GTH,NA
AB38,MGTHRXN1_214,NA,214,NA,2,GTH,NA
AD41,MGTHTXP0_214,NA,214,NA,2,GTH,NA
AC39,MGTHRXP0_214,NA,214,NA,2,GTH,NA
AD42,MGTHTXN0_214,NA,214,NA,2,GTH,NA
AC40,MGTHRXN0_214,NA,214,NA,2,GTH,NA
U43,MGTHTXP3_215,NA,215,NA,2,GTH,NA
T37,MGTHRXP3_215,NA,215,NA,2,GTH,NA
U44,MGTHTXN3_215,NA,215,NA,2,GTH,NA
T38,MGTHRXN3_215,NA,215,NA,2,GTH,NA
V41,MGTHTXP2_215,NA,215,NA,2,GTH,NA
U39,MGTHRXP2_215,NA,215,NA,2,GTH,NA
V42,MGTHTXN2_215,NA,215,NA,2,GTH,NA
U35,MGTREFCLK0P_215,NA,215,NA,2,GTH,NA
U40,MGTHRXN2_215,NA,215,NA,2,GTH,NA
AA35,MGTAVTTRCAL_215,NA,215,NA,2,GTH,NA
U36,MGTREFCLK0N_215,NA,215,NA,2,GTH,NA
AA36,MGTRREF_215,NA,215,NA,2,GTH,NA
W36,MGTREFCLK1N_215,NA,215,NA,2,GTH,NA
W35,MGTREFCLK1P_215,NA,215,NA,2,GTH,NA
W43,MGTHTXP1_215,NA,215,NA,2,GTH,NA
V37,MGTHRXP1_215,NA,215,NA,2,GTH,NA
W44,MGTHTXN1_215,NA,215,NA,2,GTH,NA
V38,MGTHRXN1_215,NA,215,NA,2,GTH,NA
Y41,MGTHTXP0_215,NA,215,NA,2,GTH,NA
W39,MGTHRXP0_215,NA,215,NA,2,GTH,NA
Y42,MGTHTXN0_215,NA,215,NA,2,GTH,NA
W40,MGTHRXN0_215,NA,215,NA,2,GTH,NA
N43,MGTHTXP3_216,NA,216,NA,3,GTH,NA
L39,MGTHRXP3_216,NA,216,NA,3,GTH,NA
N44,MGTHTXN3_216,NA,216,NA,3,GTH,NA
L40,MGTHRXN3_216,NA,216,NA,3,GTH,NA
P41,MGTHTXP2_216,NA,216,NA,3,GTH,NA
N39,MGTHRXP2_216,NA,216,NA,3,GTH,NA
P42,MGTHTXN2_216,NA,216,NA,3,GTH,NA
N35,MGTREFCLK0P_216,NA,216,NA,3,GTH,NA
N40,MGTHRXN2_216,NA,216,NA,3,GTH,NA
N36,MGTREFCLK0N_216,NA,216,NA,3,GTH,NA
R36,MGTREFCLK1N_216,NA,216,NA,3,GTH,NA
R35,MGTREFCLK1P_216,NA,216,NA,3,GTH,NA
R43,MGTHTXP1_216,NA,216,NA,3,GTH,NA
P37,MGTHRXP1_216,NA,216,NA,3,GTH,NA
R44,MGTHTXN1_216,NA,216,NA,3,GTH,NA
P38,MGTHRXN1_216,NA,216,NA,3,GTH,NA
T41,MGTHTXP0_216,NA,216,NA,3,GTH,NA
R39,MGTHRXP0_216,NA,216,NA,3,GTH,NA
T42,MGTHTXN0_216,NA,216,NA,3,GTH,NA
R40,MGTHRXN0_216,NA,216,NA,3,GTH,NA
J43,MGTHTXP3_217,NA,217,NA,3,GTH,NA
F41,MGTHRXP3_217,NA,217,NA,3,GTH,NA
J44,MGTHTXN3_217,NA,217,NA,3,GTH,NA
F42,MGTHRXN3_217,NA,217,NA,3,GTH,NA
K41,MGTHTXP2_217,NA,217,NA,3,GTH,NA
G39,MGTHRXP2_217,NA,217,NA,3,GTH,NA
K42,MGTHTXN2_217,NA,217,NA,3,GTH,NA
L35,MGTREFCLK0P_217,NA,217,NA,3,GTH,NA
G40,MGTHRXN2_217,NA,217,NA,3,GTH,NA
L36,MGTREFCLK0N_217,NA,217,NA,3,GTH,NA
M38,MGTREFCLK1N_217,NA,217,NA,3,GTH,NA
M37,MGTREFCLK1P_217,NA,217,NA,3,GTH,NA
L43,MGTHTXP1_217,NA,217,NA,3,GTH,NA
H41,MGTHRXP1_217,NA,217,NA,3,GTH,NA
L44,MGTHTXN1_217,NA,217,NA,3,GTH,NA
H42,MGTHRXN1_217,NA,217,NA,3,GTH,NA
M41,MGTHTXP0_217,NA,217,NA,3,GTH,NA
J39,MGTHRXP0_217,NA,217,NA,3,GTH,NA
M42,MGTHTXN0_217,NA,217,NA,3,GTH,NA
J40,MGTHRXN0_217,NA,217,NA,3,GTH,NA
B41,MGTHTXP3_218,NA,218,NA,3,GTH,NA
A39,MGTHRXP3_218,NA,218,NA,3,GTH,NA
B42,MGTHTXN3_218,NA,218,NA,3,GTH,NA
A40,MGTHRXN3_218,NA,218,NA,3,GTH,NA
C43,MGTHTXP2_218,NA,218,NA,3,GTH,NA
C39,MGTHRXP2_218,NA,218,NA,3,GTH,NA
C44,MGTHTXN2_218,NA,218,NA,3,GTH,NA
H37,MGTREFCLK0P_218,NA,218,NA,3,GTH,NA
C40,MGTHRXN2_218,NA,218,NA,3,GTH,NA
F37,MGTAVTTRCAL_218,NA,218,NA,3,GTH,NA
H38,MGTREFCLK0N_218,NA,218,NA,3,GTH,NA
F38,MGTRREF_218,NA,218,NA,3,GTH,NA
K38,MGTREFCLK1N_218,NA,218,NA,3,GTH,NA
K37,MGTREFCLK1P_218,NA,218,NA,3,GTH,NA
E43,MGTHTXP1_218,NA,218,NA,3,GTH,NA
D41,MGTHRXP1_218,NA,218,NA,3,GTH,NA
E44,MGTHTXN1_218,NA,218,NA,3,GTH,NA
D42,MGTHRXN1_218,NA,218,NA,3,GTH,NA
G43,MGTHTXP0_218,NA,218,NA,3,GTH,NA
E39,MGTHRXP0_218,NA,218,NA,3,GTH,NA
G44,MGTHTXN0_218,NA,218,NA,3,GTH,NA
E40,MGTHRXN0_218,NA,218,NA,3,GTH,NA
E21,MGTZREFCLK0P_300,NA,300,NA,NA,GTZ,NA
C29,MGTZRXP0_300,NA,300,NA,NA,GTZ,NA
A28,MGTZRXP1_300,NA,300,NA,NA,GTZ,NA
C26,MGTZRXP2_300,NA,300,NA,NA,GTZ,NA
A25,MGTZRXP3_300,NA,300,NA,NA,GTZ,NA
C14,MGTZRXP4_300,NA,300,NA,NA,GTZ,NA
A13,MGTZRXP5_300,NA,300,NA,NA,GTZ,NA
C11,MGTZRXP6_300,NA,300,NA,NA,GTZ,NA
A10,MGTZRXP7_300,NA,300,NA,NA,GTZ,NA
E25,MGTZREFCLK1P_300,NA,300,NA,NA,GTZ,NA
E20,MGTZREFCLK0N_300,NA,300,NA,NA,GTZ,NA
E24,MGTZREFCLK1N_300,NA,300,NA,NA,GTZ,NA
C28,MGTZRXN0_300,NA,300,NA,NA,GTZ,NA
A27,MGTZRXN1_300,NA,300,NA,NA,GTZ,NA
C25,MGTZRXN2_300,NA,300,NA,NA,GTZ,NA
A24,MGTZRXN3_300,NA,300,NA,NA,GTZ,NA
C13,MGTZRXN4_300,NA,300,NA,NA,GTZ,NA
A12,MGTZRXN5_300,NA,300,NA,NA,GTZ,NA
C10,MGTZRXN6_300,NA,300,NA,NA,GTZ,NA
A9,MGTZRXN7_300,NA,300,NA,NA,GTZ,NA
E18,MGTZ_SENSE_AVCC_300,NA,300,NA,NA,GTZ,NA
C36,MGTZTXP0_300,NA,300,NA,NA,GTZ,NA
A35,MGTZTXP1_300,NA,300,NA,NA,GTZ,NA
C33,MGTZTXP2_300,NA,300,NA,NA,GTZ,NA
A32,MGTZTXP3_300,NA,300,NA,NA,GTZ,NA
C21,MGTZTXP4_300,NA,300,NA,NA,GTZ,NA
A20,MGTZTXP5_300,NA,300,NA,NA,GTZ,NA
C18,MGTZTXP6_300,NA,300,NA,NA,GTZ,NA
A17,MGTZTXP7_300,NA,300,NA,NA,GTZ,NA
F18,MGTZ_SENSE_AGND_300,NA,300,NA,NA,GTZ,NA
C35,MGTZTXN0_300,NA,300,NA,NA,GTZ,NA
A34,MGTZTXN1_300,NA,300,NA,NA,GTZ,NA
C32,MGTZTXN2_300,NA,300,NA,NA,GTZ,NA
A31,MGTZTXN3_300,NA,300,NA,NA,GTZ,NA
C20,MGTZTXN4_300,NA,300,NA,NA,GTZ,NA
A19,MGTZTXN5_300,NA,300,NA,NA,GTZ,NA
C17,MGTZTXN6_300,NA,300,NA,NA,GTZ,NA
A16,MGTZTXN7_300,NA,300,NA,NA,GTZ,NA
K19,MGTZ_SENSE_VCCL_300,NA,300,NA,NA,GTZ,NA
G21,MGTZ_THERM_IN_300,NA,300,NA,NA,GTZ,NA
G27,MGTZ_SENSE_VCCH_300,NA,300,NA,NA,GTZ,NA
G26,MGTZ_SENSE_GND_300,NA,300,NA,NA,GTZ,NA
G20,MGTZ_THERM_OUT_300,NA,300,NA,NA,GTZ,NA
J22,MGTZ_OBS_CLK_P_300,NA,300,NA,NA,GTZ,NA
K20,MGTZ_SENSE_GNDL_300,NA,300,NA,NA,GTZ,NA
H22,MGTZ_OBS_CLK_N_300,NA,300,NA,NA,GTZ,NA
H26,MGTZ_SENSE_VCC_300,NA,300,NA,NA,GTZ,NA
AY24,MGTZREFCLK0P_400,NA,400,NA,NA,GTZ,NA
BB16,MGTZRXP0_400,NA,400,NA,NA,GTZ,NA
BD17,MGTZRXP1_400,NA,400,NA,NA,GTZ,NA
BB19,MGTZRXP2_400,NA,400,NA,NA,GTZ,NA
BD20,MGTZRXP3_400,NA,400,NA,NA,GTZ,NA
BB31,MGTZRXP4_400,NA,400,NA,NA,GTZ,NA
BD32,MGTZRXP5_400,NA,400,NA,NA,GTZ,NA
BB34,MGTZRXP6_400,NA,400,NA,NA,GTZ,NA
BD35,MGTZRXP7_400,NA,400,NA,NA,GTZ,NA
AY20,MGTZREFCLK1P_400,NA,400,NA,NA,GTZ,NA
AY25,MGTZREFCLK0N_400,NA,400,NA,NA,GTZ,NA
AY21,MGTZREFCLK1N_400,NA,400,NA,NA,GTZ,NA
BB17,MGTZRXN0_400,NA,400,NA,NA,GTZ,NA
BD18,MGTZRXN1_400,NA,400,NA,NA,GTZ,NA
BB20,MGTZRXN2_400,NA,400,NA,NA,GTZ,NA
BD21,MGTZRXN3_400,NA,400,NA,NA,GTZ,NA
BB32,MGTZRXN4_400,NA,400,NA,NA,GTZ,NA
BD33,MGTZRXN5_400,NA,400,NA,NA,GTZ,NA
BB35,MGTZRXN6_400,NA,400,NA,NA,GTZ,NA
BD36,MGTZRXN7_400,NA,400,NA,NA,GTZ,NA
AY27,MGTZ_SENSE_AVCC_400,NA,400,NA,NA,GTZ,NA
BB9,MGTZTXP0_400,NA,400,NA,NA,GTZ,NA
BD10,MGTZTXP1_400,NA,400,NA,NA,GTZ,NA
BB12,MGTZTXP2_400,NA,400,NA,NA,GTZ,NA
BD13,MGTZTXP3_400,NA,400,NA,NA,GTZ,NA
BB24,MGTZTXP4_400,NA,400,NA,NA,GTZ,NA
BD25,MGTZTXP5_400,NA,400,NA,NA,GTZ,NA
BB27,MGTZTXP6_400,NA,400,NA,NA,GTZ,NA
BD28,MGTZTXP7_400,NA,400,NA,NA,GTZ,NA
AW27,MGTZ_SENSE_AGND_400,NA,400,NA,NA,GTZ,NA
BB10,MGTZTXN0_400,NA,400,NA,NA,GTZ,NA
BD11,MGTZTXN1_400,NA,400,NA,NA,GTZ,NA
BB13,MGTZTXN2_400,NA,400,NA,NA,GTZ,NA
BD14,MGTZTXN3_400,NA,400,NA,NA,GTZ,NA
BB25,MGTZTXN4_400,NA,400,NA,NA,GTZ,NA
BD26,MGTZTXN5_400,NA,400,NA,NA,GTZ,NA
BB28,MGTZTXN6_400,NA,400,NA,NA,GTZ,NA
BD29,MGTZTXN7_400,NA,400,NA,NA,GTZ,NA
AR26,MGTZ_SENSE_VCCL_400,NA,400,NA,NA,GTZ,NA
AV24,MGTZ_THERM_IN_400,NA,400,NA,NA,GTZ,NA
AV18,MGTZ_SENSE_VCCH_400,NA,400,NA,NA,GTZ,NA
AV19,MGTZ_SENSE_GND_400,NA,400,NA,NA,GTZ,NA
AV25,MGTZ_THERM_OUT_400,NA,400,NA,NA,GTZ,NA
AT23,MGTZ_OBS_CLK_P_400,NA,400,NA,NA,GTZ,NA
AR25,MGTZ_SENSE_GNDL_400,NA,400,NA,NA,GTZ,NA
AU23,MGTZ_OBS_CLK_N_400,NA,400,NA,NA,GTZ,NA
AU19,MGTZ_SENSE_VCC_400,NA,400,NA,NA,GTZ,NA
A8,MGTZAGND_300,NA,300,NA,NA,GTZ,NA
A11,MGTZAGND_300,NA,300,NA,NA,GTZ,NA
A14,MGTZAGND_300,NA,300,NA,NA,GTZ,NA
A15,MGTZAGND_300,NA,300,NA,NA,GTZ,NA
A18,MGTZAGND_300,NA,300,NA,NA,GTZ,NA
A21,MGTZAGND_300,NA,300,NA,NA,GTZ,NA
A22,MGTZAGND_300,NA,300,NA,NA,GTZ,NA
A23,MGTZAGND_300,NA,300,NA,NA,GTZ,NA
A26,MGTZAGND_300,NA,300,NA,NA,GTZ,NA
A29,MGTZAGND_300,NA,300,NA,NA,GTZ,NA
A30,MGTZAGND_300,NA,300,NA,NA,GTZ,NA
A33,MGTZAGND_300,NA,300,NA,NA,GTZ,NA
A36,MGTZAGND_300,NA,300,NA,NA,GTZ,NA
A37,MGTZAGND_300,NA,300,NA,NA,GTZ,NA
B8,MGTZAGND_300,NA,300,NA,NA,GTZ,NA
B10,MGTZAGND_300,NA,300,NA,NA,GTZ,NA
B12,MGTZAGND_300,NA,300,NA,NA,GTZ,NA
B14,MGTZAGND_300,NA,300,NA,NA,GTZ,NA
B16,MGTZAGND_300,NA,300,NA,NA,GTZ,NA
B18,MGTZAGND_300,NA,300,NA,NA,GTZ,NA
B20,MGTZAGND_300,NA,300,NA,NA,GTZ,NA
B22,MGTZAGND_300,NA,300,NA,NA,GTZ,NA
B24,MGTZAGND_300,NA,300,NA,NA,GTZ,NA
B26,MGTZAGND_300,NA,300,NA,NA,GTZ,NA
B28,MGTZAGND_300,NA,300,NA,NA,GTZ,NA
B30,MGTZAGND_300,NA,300,NA,NA,GTZ,NA
B32,MGTZAGND_300,NA,300,NA,NA,GTZ,NA
B34,MGTZAGND_300,NA,300,NA,NA,GTZ,NA
B36,MGTZAGND_300,NA,300,NA,NA,GTZ,NA
C8,MGTZAGND_300,NA,300,NA,NA,GTZ,NA
C9,MGTZAGND_300,NA,300,NA,NA,GTZ,NA
C12,MGTZAGND_300,NA,300,NA,NA,GTZ,NA
C15,MGTZAGND_300,NA,300,NA,NA,GTZ,NA
C16,MGTZAGND_300,NA,300,NA,NA,GTZ,NA
C19,MGTZAGND_300,NA,300,NA,NA,GTZ,NA
C22,MGTZAGND_300,NA,300,NA,NA,GTZ,NA
C23,MGTZAGND_300,NA,300,NA,NA,GTZ,NA
C24,MGTZAGND_300,NA,300,NA,NA,GTZ,NA
C27,MGTZAGND_300,NA,300,NA,NA,GTZ,NA
C30,MGTZAGND_300,NA,300,NA,NA,GTZ,NA
C31,MGTZAGND_300,NA,300,NA,NA,GTZ,NA
C34,MGTZAGND_300,NA,300,NA,NA,GTZ,NA
C37,MGTZAGND_300,NA,300,NA,NA,GTZ,NA
D8,MGTZAGND_300,NA,300,NA,NA,GTZ,NA
D9,MGTZAGND_300,NA,300,NA,NA,GTZ,NA
D10,MGTZAGND_300,NA,300,NA,NA,GTZ,NA
D11,MGTZAGND_300,NA,300,NA,NA,GTZ,NA
D12,MGTZAGND_300,NA,300,NA,NA,GTZ,NA
D13,MGTZAGND_300,NA,300,NA,NA,GTZ,NA
D14,MGTZAGND_300,NA,300,NA,NA,GTZ,NA
D15,MGTZAGND_300,NA,300,NA,NA,GTZ,NA
D16,MGTZAGND_300,NA,300,NA,NA,GTZ,NA
D17,MGTZAGND_300,NA,300,NA,NA,GTZ,NA
D18,MGTZAGND_300,NA,300,NA,NA,GTZ,NA
D19,MGTZAGND_300,NA,300,NA,NA,GTZ,NA
D20,MGTZAGND_300,NA,300,NA,NA,GTZ,NA
D21,MGTZAGND_300,NA,300,NA,NA,GTZ,NA
D22,MGTZAGND_300,NA,300,NA,NA,GTZ,NA
D23,MGTZAGND_300,NA,300,NA,NA,GTZ,NA
D24,MGTZAGND_300,NA,300,NA,NA,GTZ,NA
D25,MGTZAGND_300,NA,300,NA,NA,GTZ,NA
D26,MGTZAGND_300,NA,300,NA,NA,GTZ,NA
D27,MGTZAGND_300,NA,300,NA,NA,GTZ,NA
D28,MGTZAGND_300,NA,300,NA,NA,GTZ,NA
D29,MGTZAGND_300,NA,300,NA,NA,GTZ,NA
D30,MGTZAGND_300,NA,300,NA,NA,GTZ,NA
D31,MGTZAGND_300,NA,300,NA,NA,GTZ,NA
D32,MGTZAGND_300,NA,300,NA,NA,GTZ,NA
D33,MGTZAGND_300,NA,300,NA,NA,GTZ,NA
D34,MGTZAGND_300,NA,300,NA,NA,GTZ,NA
D35,MGTZAGND_300,NA,300,NA,NA,GTZ,NA
D36,MGTZAGND_300,NA,300,NA,NA,GTZ,NA
D37,MGTZAGND_300,NA,300,NA,NA,GTZ,NA
BA8,MGTZAGND_400,NA,400,NA,NA,GTZ,NA
BA9,MGTZAGND_400,NA,400,NA,NA,GTZ,NA
BA10,MGTZAGND_400,NA,400,NA,NA,GTZ,NA
BA11,MGTZAGND_400,NA,400,NA,NA,GTZ,NA
BA12,MGTZAGND_400,NA,400,NA,NA,GTZ,NA
BA13,MGTZAGND_400,NA,400,NA,NA,GTZ,NA
BA14,MGTZAGND_400,NA,400,NA,NA,GTZ,NA
BA15,MGTZAGND_400,NA,400,NA,NA,GTZ,NA
BA16,MGTZAGND_400,NA,400,NA,NA,GTZ,NA
BA17,MGTZAGND_400,NA,400,NA,NA,GTZ,NA
BA18,MGTZAGND_400,NA,400,NA,NA,GTZ,NA
BA19,MGTZAGND_400,NA,400,NA,NA,GTZ,NA
BA20,MGTZAGND_400,NA,400,NA,NA,GTZ,NA
BA21,MGTZAGND_400,NA,400,NA,NA,GTZ,NA
BA22,MGTZAGND_400,NA,400,NA,NA,GTZ,NA
BA23,MGTZAGND_400,NA,400,NA,NA,GTZ,NA
BA24,MGTZAGND_400,NA,400,NA,NA,GTZ,NA
BA25,MGTZAGND_400,NA,400,NA,NA,GTZ,NA
BA26,MGTZAGND_400,NA,400,NA,NA,GTZ,NA
BA27,MGTZAGND_400,NA,400,NA,NA,GTZ,NA
BA28,MGTZAGND_400,NA,400,NA,NA,GTZ,NA
BA29,MGTZAGND_400,NA,400,NA,NA,GTZ,NA
BA30,MGTZAGND_400,NA,400,NA,NA,GTZ,NA
BA31,MGTZAGND_400,NA,400,NA,NA,GTZ,NA
BA32,MGTZAGND_400,NA,400,NA,NA,GTZ,NA
BA33,MGTZAGND_400,NA,400,NA,NA,GTZ,NA
BA34,MGTZAGND_400,NA,400,NA,NA,GTZ,NA
BA35,MGTZAGND_400,NA,400,NA,NA,GTZ,NA
BA36,MGTZAGND_400,NA,400,NA,NA,GTZ,NA
BA37,MGTZAGND_400,NA,400,NA,NA,GTZ,NA
BB8,MGTZAGND_400,NA,400,NA,NA,GTZ,NA
BB11,MGTZAGND_400,NA,400,NA,NA,GTZ,NA
BB14,MGTZAGND_400,NA,400,NA,NA,GTZ,NA
BB15,MGTZAGND_400,NA,400,NA,NA,GTZ,NA
BB18,MGTZAGND_400,NA,400,NA,NA,GTZ,NA
BB21,MGTZAGND_400,NA,400,NA,NA,GTZ,NA
BB22,MGTZAGND_400,NA,400,NA,NA,GTZ,NA
BB23,MGTZAGND_400,NA,400,NA,NA,GTZ,NA
BB26,MGTZAGND_400,NA,400,NA,NA,GTZ,NA
BB29,MGTZAGND_400,NA,400,NA,NA,GTZ,NA
BB30,MGTZAGND_400,NA,400,NA,NA,GTZ,NA
BB33,MGTZAGND_400,NA,400,NA,NA,GTZ,NA
BB36,MGTZAGND_400,NA,400,NA,NA,GTZ,NA
BB37,MGTZAGND_400,NA,400,NA,NA,GTZ,NA
BC9,MGTZAGND_400,NA,400,NA,NA,GTZ,NA
BC11,MGTZAGND_400,NA,400,NA,NA,GTZ,NA
BC13,MGTZAGND_400,NA,400,NA,NA,GTZ,NA
BC15,MGTZAGND_400,NA,400,NA,NA,GTZ,NA
BC17,MGTZAGND_400,NA,400,NA,NA,GTZ,NA
BC19,MGTZAGND_400,NA,400,NA,NA,GTZ,NA
BC21,MGTZAGND_400,NA,400,NA,NA,GTZ,NA
BC23,MGTZAGND_400,NA,400,NA,NA,GTZ,NA
BC25,MGTZAGND_400,NA,400,NA,NA,GTZ,NA
BC27,MGTZAGND_400,NA,400,NA,NA,GTZ,NA
BC29,MGTZAGND_400,NA,400,NA,NA,GTZ,NA
BC31,MGTZAGND_400,NA,400,NA,NA,GTZ,NA
BC33,MGTZAGND_400,NA,400,NA,NA,GTZ,NA
BC35,MGTZAGND_400,NA,400,NA,NA,GTZ,NA
BC37,MGTZAGND_400,NA,400,NA,NA,GTZ,NA
BD8,MGTZAGND_400,NA,400,NA,NA,GTZ,NA
BD9,MGTZAGND_400,NA,400,NA,NA,GTZ,NA
BD12,MGTZAGND_400,NA,400,NA,NA,GTZ,NA
BD15,MGTZAGND_400,NA,400,NA,NA,GTZ,NA
BD16,MGTZAGND_400,NA,400,NA,NA,GTZ,NA
BD19,MGTZAGND_400,NA,400,NA,NA,GTZ,NA
BD22,MGTZAGND_400,NA,400,NA,NA,GTZ,NA
BD23,MGTZAGND_400,NA,400,NA,NA,GTZ,NA
BD24,MGTZAGND_400,NA,400,NA,NA,GTZ,NA
BD27,MGTZAGND_400,NA,400,NA,NA,GTZ,NA
BD30,MGTZAGND_400,NA,400,NA,NA,GTZ,NA
BD31,MGTZAGND_400,NA,400,NA,NA,GTZ,NA
BD34,MGTZAGND_400,NA,400,NA,NA,GTZ,NA
BD37,MGTZAGND_400,NA,400,NA,NA,GTZ,NA
B9,MGTZAVCC_300,NA,300,NA,NA,GTZ,NA
B11,MGTZAVCC_300,NA,300,NA,NA,GTZ,NA
B13,MGTZAVCC_300,NA,300,NA,NA,GTZ,NA
B15,MGTZAVCC_300,NA,300,NA,NA,GTZ,NA
B17,MGTZAVCC_300,NA,300,NA,NA,GTZ,NA
B19,MGTZAVCC_300,NA,300,NA,NA,GTZ,NA
B21,MGTZAVCC_300,NA,300,NA,NA,GTZ,NA
B23,MGTZAVCC_300,NA,300,NA,NA,GTZ,NA
B25,MGTZAVCC_300,NA,300,NA,NA,GTZ,NA
B27,MGTZAVCC_300,NA,300,NA,NA,GTZ,NA
B29,MGTZAVCC_300,NA,300,NA,NA,GTZ,NA
B31,MGTZAVCC_300,NA,300,NA,NA,GTZ,NA
B33,MGTZAVCC_300,NA,300,NA,NA,GTZ,NA
B35,MGTZAVCC_300,NA,300,NA,NA,GTZ,NA
B37,MGTZAVCC_300,NA,300,NA,NA,GTZ,NA
BC8,MGTZAVCC_400,NA,400,NA,NA,GTZ,NA
BC10,MGTZAVCC_400,NA,400,NA,NA,GTZ,NA
BC12,MGTZAVCC_400,NA,400,NA,NA,GTZ,NA
BC14,MGTZAVCC_400,NA,400,NA,NA,GTZ,NA
BC16,MGTZAVCC_400,NA,400,NA,NA,GTZ,NA
BC18,MGTZAVCC_400,NA,400,NA,NA,GTZ,NA
BC20,MGTZAVCC_400,NA,400,NA,NA,GTZ,NA
BC22,MGTZAVCC_400,NA,400,NA,NA,GTZ,NA
BC24,MGTZAVCC_400,NA,400,NA,NA,GTZ,NA
BC26,MGTZAVCC_400,NA,400,NA,NA,GTZ,NA
BC28,MGTZAVCC_400,NA,400,NA,NA,GTZ,NA
BC30,MGTZAVCC_400,NA,400,NA,NA,GTZ,NA
BC32,MGTZAVCC_400,NA,400,NA,NA,GTZ,NA
BC34,MGTZAVCC_400,NA,400,NA,NA,GTZ,NA
BC36,MGTZAVCC_400,NA,400,NA,NA,GTZ,NA
AJ8,MGTAVCC_G10,NA,NA,NA,NA,NA,NA
AK6,MGTAVCC_G10,NA,NA,NA,NA,NA,NA
AN7,MGTAVCC_G10,NA,NA,NA,NA,NA,NA
AR8,MGTAVCC_G10,NA,NA,NA,NA,NA,NA
AT5,MGTAVCC_G10,NA,NA,NA,NA,NA,NA
AV5,MGTAVCC_G10,NA,NA,NA,NA,NA,NA
AY5,MGTAVCC_G10,NA,NA,NA,NA,NA,NA
BB6,MGTAVCC_G10,NA,NA,NA,NA,NA,NA
U8,MGTAVCC_G11,NA,NA,NA,NA,NA,NA
V6,MGTAVCC_G11,NA,NA,NA,NA,NA,NA
AA8,MGTAVCC_G11,NA,NA,NA,NA,NA,NA
AB6,MGTAVCC_G11,NA,NA,NA,NA,NA,NA
AE8,MGTAVCC_G11,NA,NA,NA,NA,NA,NA
AF6,MGTAVCC_G11,NA,NA,NA,NA,NA,NA
AG8,MGTAVCC_G11,NA,NA,NA,NA,NA,NA
AH6,MGTAVCC_G11,NA,NA,NA,NA,NA,NA
B6,MGTAVCC_G12,NA,NA,NA,NA,NA,NA
D5,MGTAVCC_G12,NA,NA,NA,NA,NA,NA
F5,MGTAVCC_G12,NA,NA,NA,NA,NA,NA
H5,MGTAVCC_G12,NA,NA,NA,NA,NA,NA
J8,MGTAVCC_G12,NA,NA,NA,NA,NA,NA
K6,MGTAVCC_G12,NA,NA,NA,NA,NA,NA
N8,MGTAVCC_G12,NA,NA,NA,NA,NA,NA
P6,MGTAVCC_G12,NA,NA,NA,NA,NA,NA
AJ37,MGTAVCC_G20,NA,NA,NA,NA,NA,NA
AK39,MGTAVCC_G20,NA,NA,NA,NA,NA,NA
AN38,MGTAVCC_G20,NA,NA,NA,NA,NA,NA
AR37,MGTAVCC_G20,NA,NA,NA,NA,NA,NA
AT40,MGTAVCC_G20,NA,NA,NA,NA,NA,NA
AV40,MGTAVCC_G20,NA,NA,NA,NA,NA,NA
AY40,MGTAVCC_G20,NA,NA,NA,NA,NA,NA
BB39,MGTAVCC_G20,NA,NA,NA,NA,NA,NA
U37,MGTAVCC_G21,NA,NA,NA,NA,NA,NA
V39,MGTAVCC_G21,NA,NA,NA,NA,NA,NA
AA37,MGTAVCC_G21,NA,NA,NA,NA,NA,NA
AB39,MGTAVCC_G21,NA,NA,NA,NA,NA,NA
AE37,MGTAVCC_G21,NA,NA,NA,NA,NA,NA
AF39,MGTAVCC_G21,NA,NA,NA,NA,NA,NA
AG37,MGTAVCC_G21,NA,NA,NA,NA,NA,NA
AH39,MGTAVCC_G21,NA,NA,NA,NA,NA,NA
B39,MGTAVCC_G22,NA,NA,NA,NA,NA,NA
D40,MGTAVCC_G22,NA,NA,NA,NA,NA,NA
F40,MGTAVCC_G22,NA,NA,NA,NA,NA,NA
H40,MGTAVCC_G22,NA,NA,NA,NA,NA,NA
J37,MGTAVCC_G22,NA,NA,NA,NA,NA,NA
K39,MGTAVCC_G22,NA,NA,NA,NA,NA,NA
N37,MGTAVCC_G22,NA,NA,NA,NA,NA,NA
P39,MGTAVCC_G22,NA,NA,NA,NA,NA,NA
AK10,MGTVCCAUX_G10,NA,NA,NA,NA,NA,NA
AD10,MGTVCCAUX_G11,NA,NA,NA,NA,NA,NA
T10,MGTVCCAUX_G12,NA,NA,NA,NA,NA,NA
AK35,MGTVCCAUX_G20,NA,NA,NA,NA,NA,NA
AD35,MGTVCCAUX_G21,NA,NA,NA,NA,NA,NA
T35,MGTVCCAUX_G22,NA,NA,NA,NA,NA,NA
AK2,MGTAVTT_G10,NA,NA,NA,NA,NA,NA
AL4,MGTAVTT_G10,NA,NA,NA,NA,NA,NA
AM2,MGTAVTT_G10,NA,NA,NA,NA,NA,NA
AR3,MGTAVTT_G10,NA,NA,NA,NA,NA,NA
AT2,MGTAVTT_G10,NA,NA,NA,NA,NA,NA
AW3,MGTAVTT_G10,NA,NA,NA,NA,NA,NA
AY2,MGTAVTT_G10,NA,NA,NA,NA,NA,NA
BC3,MGTAVTT_G10,NA,NA,NA,NA,NA,NA
U4,MGTAVTT_G11,NA,NA,NA,NA,NA,NA
V2,MGTAVTT_G11,NA,NA,NA,NA,NA,NA
W4,MGTAVTT_G11,NA,NA,NA,NA,NA,NA
Y2,MGTAVTT_G11,NA,NA,NA,NA,NA,NA
AC4,MGTAVTT_G11,NA,NA,NA,NA,NA,NA
AD2,MGTAVTT_G11,NA,NA,NA,NA,NA,NA
AG4,MGTAVTT_G11,NA,NA,NA,NA,NA,NA
AH2,MGTAVTT_G11,NA,NA,NA,NA,NA,NA
C3,MGTAVTT_G12,NA,NA,NA,NA,NA,NA
D2,MGTAVTT_G12,NA,NA,NA,NA,NA,NA
G3,MGTAVTT_G12,NA,NA,NA,NA,NA,NA
H2,MGTAVTT_G12,NA,NA,NA,NA,NA,NA
L4,MGTAVTT_G12,NA,NA,NA,NA,NA,NA
M2,MGTAVTT_G12,NA,NA,NA,NA,NA,NA
R4,MGTAVTT_G12,NA,NA,NA,NA,NA,NA
T2,MGTAVTT_G12,NA,NA,NA,NA,NA,NA
AK43,MGTAVTT_G20,NA,NA,NA,NA,NA,NA
AL41,MGTAVTT_G20,NA,NA,NA,NA,NA,NA
AM43,MGTAVTT_G20,NA,NA,NA,NA,NA,NA
AR42,MGTAVTT_G20,NA,NA,NA,NA,NA,NA
AT43,MGTAVTT_G20,NA,NA,NA,NA,NA,NA
AW42,MGTAVTT_G20,NA,NA,NA,NA,NA,NA
AY43,MGTAVTT_G20,NA,NA,NA,NA,NA,NA
BC42,MGTAVTT_G20,NA,NA,NA,NA,NA,NA
U41,MGTAVTT_G21,NA,NA,NA,NA,NA,NA
V43,MGTAVTT_G21,NA,NA,NA,NA,NA,NA
W41,MGTAVTT_G21,NA,NA,NA,NA,NA,NA
Y43,MGTAVTT_G21,NA,NA,NA,NA,NA,NA
AC41,MGTAVTT_G21,NA,NA,NA,NA,NA,NA
AD43,MGTAVTT_G21,NA,NA,NA,NA,NA,NA
AG41,MGTAVTT_G21,NA,NA,NA,NA,NA,NA
AH43,MGTAVTT_G21,NA,NA,NA,NA,NA,NA
C42,MGTAVTT_G22,NA,NA,NA,NA,NA,NA
D43,MGTAVTT_G22,NA,NA,NA,NA,NA,NA
G42,MGTAVTT_G22,NA,NA,NA,NA,NA,NA
H43,MGTAVTT_G22,NA,NA,NA,NA,NA,NA
L41,MGTAVTT_G22,NA,NA,NA,NA,NA,NA
M43,MGTAVTT_G22,NA,NA,NA,NA,NA,NA
R41,MGTAVTT_G22,NA,NA,NA,NA,NA,NA
T43,MGTAVTT_G22,NA,NA,NA,NA,NA,NA
F20,MGTZVCCH_300,NA,300,NA,NA,GTZ,NA
F22,MGTZVCCH_300,NA,300,NA,NA,GTZ,NA
F24,MGTZVCCH_300,NA,300,NA,NA,GTZ,NA
F26,MGTZVCCH_300,NA,300,NA,NA,GTZ,NA
G18,MGTZVCCH_300,NA,300,NA,NA,GTZ,NA
J19,MGTZVCCH_300,NA,300,NA,NA,GTZ,NA
J21,MGTZVCCH_300,NA,300,NA,NA,GTZ,NA
J23,MGTZVCCH_300,NA,300,NA,NA,GTZ,NA
J25,MGTZVCCH_300,NA,300,NA,NA,GTZ,NA
J27,MGTZVCCH_300,NA,300,NA,NA,GTZ,NA
AT18,MGTZVCCH_400,NA,400,NA,NA,GTZ,NA
AT20,MGTZVCCH_400,NA,400,NA,NA,GTZ,NA
AT22,MGTZVCCH_400,NA,400,NA,NA,GTZ,NA
AT24,MGTZVCCH_400,NA,400,NA,NA,GTZ,NA
AT26,MGTZVCCH_400,NA,400,NA,NA,GTZ,NA
AV27,MGTZVCCH_400,NA,400,NA,NA,GTZ,NA
AW19,MGTZVCCH_400,NA,400,NA,NA,GTZ,NA
AW21,MGTZVCCH_400,NA,400,NA,NA,GTZ,NA
AW23,MGTZVCCH_400,NA,400,NA,NA,GTZ,NA
AW25,MGTZVCCH_400,NA,400,NA,NA,GTZ,NA
L20,MGTZVCCL_300,NA,300,NA,NA,GTZ,NA
L22,MGTZVCCL_300,NA,300,NA,NA,GTZ,NA
L24,MGTZVCCL_300,NA,300,NA,NA,GTZ,NA
L26,MGTZVCCL_300,NA,300,NA,NA,GTZ,NA
AP19,MGTZVCCL_400,NA,400,NA,NA,GTZ,NA
AP21,MGTZVCCL_400,NA,400,NA,NA,GTZ,NA
AP23,MGTZVCCL_400,NA,400,NA,NA,GTZ,NA
AP25,MGTZVCCL_400,NA,400,NA,NA,GTZ,NA
A3,GND,NA,NA,NA,NA,NA,NA
A4,GND,NA,NA,NA,NA,NA,NA
A7,GND,NA,NA,NA,NA,NA,NA
A38,GND,NA,NA,NA,NA,NA,NA
A41,GND,NA,NA,NA,NA,NA,NA
A42,GND,NA,NA,NA,NA,NA,NA
B2,GND,NA,NA,NA,NA,NA,NA
B5,GND,NA,NA,NA,NA,NA,NA
B7,GND,NA,NA,NA,NA,NA,NA
B38,GND,NA,NA,NA,NA,NA,NA
B40,GND,NA,NA,NA,NA,NA,NA
B43,GND,NA,NA,NA,NA,NA,NA
C4,GND,NA,NA,NA,NA,NA,NA
C7,GND,NA,NA,NA,NA,NA,NA
C38,GND,NA,NA,NA,NA,NA,NA
C41,GND,NA,NA,NA,NA,NA,NA
D1,GND,NA,NA,NA,NA,NA,NA
D6,GND,NA,NA,NA,NA,NA,NA
D7,GND,NA,NA,NA,NA,NA,NA
D38,GND,NA,NA,NA,NA,NA,NA
D39,GND,NA,NA,NA,NA,NA,NA
D44,GND,NA,NA,NA,NA,NA,NA
E3,GND,NA,NA,NA,NA,NA,NA
E4,GND,NA,NA,NA,NA,NA,NA
E7,GND,NA,NA,NA,NA,NA,NA
E8,GND,NA,NA,NA,NA,NA,NA
E9,GND,NA,NA,NA,NA,NA,NA
E10,GND,NA,NA,NA,NA,NA,NA
E11,GND,NA,NA,NA,NA,NA,NA
E12,GND,NA,NA,NA,NA,NA,NA
E13,GND,NA,NA,NA,NA,NA,NA
E14,GND,NA,NA,NA,NA,NA,NA
E15,GND,NA,NA,NA,NA,NA,NA
E16,GND,NA,NA,NA,NA,NA,NA
E17,GND,NA,NA,NA,NA,NA,NA
E19,GND,NA,NA,NA,NA,NA,NA
E22,GND,NA,NA,NA,NA,NA,NA
E23,GND,NA,NA,NA,NA,NA,NA
E26,GND,NA,NA,NA,NA,NA,NA
E27,GND,NA,NA,NA,NA,NA,NA
E28,GND,NA,NA,NA,NA,NA,NA
E29,GND,NA,NA,NA,NA,NA,NA
E30,GND,NA,NA,NA,NA,NA,NA
E31,GND,NA,NA,NA,NA,NA,NA
E32,GND,NA,NA,NA,NA,NA,NA
E33,GND,NA,NA,NA,NA,NA,NA
E34,GND,NA,NA,NA,NA,NA,NA
E35,GND,NA,NA,NA,NA,NA,NA
E36,GND,NA,NA,NA,NA,NA,NA
E37,GND,NA,NA,NA,NA,NA,NA
E38,GND,NA,NA,NA,NA,NA,NA
E41,GND,NA,NA,NA,NA,NA,NA
E42,GND,NA,NA,NA,NA,NA,NA
F1,GND,NA,NA,NA,NA,NA,NA
F2,GND,NA,NA,NA,NA,NA,NA
F6,GND,NA,NA,NA,NA,NA,NA
F9,GND,NA,NA,NA,NA,NA,NA
F17,GND,NA,NA,NA,NA,NA,NA
F19,GND,NA,NA,NA,NA,NA,NA
F21,GND,NA,NA,NA,NA,NA,NA
F23,GND,NA,NA,NA,NA,NA,NA
F25,GND,NA,NA,NA,NA,NA,NA
F27,GND,NA,NA,NA,NA,NA,NA
F28,GND,NA,NA,NA,NA,NA,NA
F36,GND,NA,NA,NA,NA,NA,NA
F39,GND,NA,NA,NA,NA,NA,NA
F43,GND,NA,NA,NA,NA,NA,NA
F44,GND,NA,NA,NA,NA,NA,NA
G4,GND,NA,NA,NA,NA,NA,NA
G7,GND,NA,NA,NA,NA,NA,NA
G8,GND,NA,NA,NA,NA,NA,NA
G9,GND,NA,NA,NA,NA,NA,NA
G14,GND,NA,NA,NA,NA,NA,NA
G17,GND,NA,NA,NA,NA,NA,NA
G19,GND,NA,NA,NA,NA,NA,NA
G22,GND,NA,NA,NA,NA,NA,NA
G23,GND,NA,NA,NA,NA,NA,NA
G24,GND,NA,NA,NA,NA,NA,NA
G25,GND,NA,NA,NA,NA,NA,NA
G28,GND,NA,NA,NA,NA,NA,NA
G34,GND,NA,NA,NA,NA,NA,NA
G36,GND,NA,NA,NA,NA,NA,NA
G37,GND,NA,NA,NA,NA,NA,NA
G38,GND,NA,NA,NA,NA,NA,NA
G41,GND,NA,NA,NA,NA,NA,NA
H1,GND,NA,NA,NA,NA,NA,NA
H6,GND,NA,NA,NA,NA,NA,NA
H9,GND,NA,NA,NA,NA,NA,NA
H11,GND,NA,NA,NA,NA,NA,NA
H17,GND,NA,NA,NA,NA,NA,NA
H18,GND,NA,NA,NA,NA,NA,NA
H19,GND,NA,NA,NA,NA,NA,NA
H20,GND,NA,NA,NA,NA,NA,NA
H21,GND,NA,NA,NA,NA,NA,NA
H23,GND,NA,NA,NA,NA,NA,NA
H24,GND,NA,NA,NA,NA,NA,NA
H25,GND,NA,NA,NA,NA,NA,NA
H27,GND,NA,NA,NA,NA,NA,NA
H28,GND,NA,NA,NA,NA,NA,NA
H31,GND,NA,NA,NA,NA,NA,NA
H36,GND,NA,NA,NA,NA,NA,NA
H39,GND,NA,NA,NA,NA,NA,NA
H44,GND,NA,NA,NA,NA,NA,NA
J3,GND,NA,NA,NA,NA,NA,NA
J4,GND,NA,NA,NA,NA,NA,NA
J7,GND,NA,NA,NA,NA,NA,NA
J9,GND,NA,NA,NA,NA,NA,NA
J17,GND,NA,NA,NA,NA,NA,NA
J18,GND,NA,NA,NA,NA,NA,NA
J20,GND,NA,NA,NA,NA,NA,NA
J24,GND,NA,NA,NA,NA,NA,NA
J26,GND,NA,NA,NA,NA,NA,NA
J28,GND,NA,NA,NA,NA,NA,NA
J36,GND,NA,NA,NA,NA,NA,NA
J38,GND,NA,NA,NA,NA,NA,NA
J41,GND,NA,NA,NA,NA,NA,NA
J42,GND,NA,NA,NA,NA,NA,NA
K1,GND,NA,NA,NA,NA,NA,NA
K2,GND,NA,NA,NA,NA,NA,NA
K5,GND,NA,NA,NA,NA,NA,NA
K9,GND,NA,NA,NA,NA,NA,NA
K10,GND,NA,NA,NA,NA,NA,NA
K11,GND,NA,NA,NA,NA,NA,NA
K15,GND,NA,NA,NA,NA,NA,NA
K17,GND,NA,NA,NA,NA,NA,NA
K18,GND,NA,NA,NA,NA,NA,NA
K21,GND,NA,NA,NA,NA,NA,NA
K22,GND,NA,NA,NA,NA,NA,NA
K23,GND,NA,NA,NA,NA,NA,NA
K24,GND,NA,NA,NA,NA,NA,NA
K25,GND,NA,NA,NA,NA,NA,NA
K27,GND,NA,NA,NA,NA,NA,NA
K28,GND,NA,NA,NA,NA,NA,NA
K34,GND,NA,NA,NA,NA,NA,NA
K35,GND,NA,NA,NA,NA,NA,NA
K36,GND,NA,NA,NA,NA,NA,NA
K40,GND,NA,NA,NA,NA,NA,NA
K43,GND,NA,NA,NA,NA,NA,NA
K44,GND,NA,NA,NA,NA,NA,NA
L3,GND,NA,NA,NA,NA,NA,NA
L7,GND,NA,NA,NA,NA,NA,NA
L8,GND,NA,NA,NA,NA,NA,NA
L11,GND,NA,NA,NA,NA,NA,NA
L12,GND,NA,NA,NA,NA,NA,NA
L18,GND,NA,NA,NA,NA,NA,NA
L19,GND,NA,NA,NA,NA,NA,NA
L21,GND,NA,NA,NA,NA,NA,NA
L23,GND,NA,NA,NA,NA,NA,NA
L25,GND,NA,NA,NA,NA,NA,NA
L27,GND,NA,NA,NA,NA,NA,NA
L32,GND,NA,NA,NA,NA,NA,NA
L34,GND,NA,NA,NA,NA,NA,NA
L37,GND,NA,NA,NA,NA,NA,NA
L38,GND,NA,NA,NA,NA,NA,NA
L42,GND,NA,NA,NA,NA,NA,NA
M1,GND,NA,NA,NA,NA,NA,NA
M5,GND,NA,NA,NA,NA,NA,NA
M6,GND,NA,NA,NA,NA,NA,NA
M9,GND,NA,NA,NA,NA,NA,NA
M10,GND,NA,NA,NA,NA,NA,NA
M11,GND,NA,NA,NA,NA,NA,NA
M19,GND,NA,NA,NA,NA,NA,NA
M20,GND,NA,NA,NA,NA,NA,NA
M21,GND,NA,NA,NA,NA,NA,NA
M22,GND,NA,NA,NA,NA,NA,NA
M23,GND,NA,NA,NA,NA,NA,NA
M24,GND,NA,NA,NA,NA,NA,NA
M25,GND,NA,NA,NA,NA,NA,NA
M26,GND,NA,NA,NA,NA,NA,NA
M27,GND,NA,NA,NA,NA,NA,NA
M29,GND,NA,NA,NA,NA,NA,NA
M34,GND,NA,NA,NA,NA,NA,NA
M35,GND,NA,NA,NA,NA,NA,NA
M36,GND,NA,NA,NA,NA,NA,NA
M39,GND,NA,NA,NA,NA,NA,NA
M40,GND,NA,NA,NA,NA,NA,NA
M44,GND,NA,NA,NA,NA,NA,NA
N3,GND,NA,NA,NA,NA,NA,NA
N4,GND,NA,NA,NA,NA,NA,NA
N7,GND,NA,NA,NA,NA,NA,NA
N11,GND,NA,NA,NA,NA,NA,NA
N16,GND,NA,NA,NA,NA,NA,NA
N24,GND,NA,NA,NA,NA,NA,NA
N34,GND,NA,NA,NA,NA,NA,NA
N38,GND,NA,NA,NA,NA,NA,NA
N41,GND,NA,NA,NA,NA,NA,NA
N42,GND,NA,NA,NA,NA,NA,NA
P1,GND,NA,NA,NA,NA,NA,NA
P2,GND,NA,NA,NA,NA,NA,NA
P5,GND,NA,NA,NA,NA,NA,NA
P9,GND,NA,NA,NA,NA,NA,NA
P10,GND,NA,NA,NA,NA,NA,NA
P11,GND,NA,NA,NA,NA,NA,NA
P13,GND,NA,NA,NA,NA,NA,NA
P19,GND,NA,NA,NA,NA,NA,NA
P21,GND,NA,NA,NA,NA,NA,NA
P23,GND,NA,NA,NA,NA,NA,NA
P25,GND,NA,NA,NA,NA,NA,NA
P27,GND,NA,NA,NA,NA,NA,NA
P33,GND,NA,NA,NA,NA,NA,NA
P34,GND,NA,NA,NA,NA,NA,NA
P35,GND,NA,NA,NA,NA,NA,NA
P36,GND,NA,NA,NA,NA,NA,NA
P40,GND,NA,NA,NA,NA,NA,NA
P43,GND,NA,NA,NA,NA,NA,NA
P44,GND,NA,NA,NA,NA,NA,NA
R3,GND,NA,NA,NA,NA,NA,NA
R7,GND,NA,NA,NA,NA,NA,NA
R8,GND,NA,NA,NA,NA,NA,NA
R11,GND,NA,NA,NA,NA,NA,NA
R18,GND,NA,NA,NA,NA,NA,NA
R24,GND,NA,NA,NA,NA,NA,NA
R30,GND,NA,NA,NA,NA,NA,NA
R34,GND,NA,NA,NA,NA,NA,NA
R37,GND,NA,NA,NA,NA,NA,NA
R38,GND,NA,NA,NA,NA,NA,NA
R42,GND,NA,NA,NA,NA,NA,NA
T1,GND,NA,NA,NA,NA,NA,NA
T5,GND,NA,NA,NA,NA,NA,NA
T6,GND,NA,NA,NA,NA,NA,NA
T9,GND,NA,NA,NA,NA,NA,NA
T11,GND,NA,NA,NA,NA,NA,NA
T17,GND,NA,NA,NA,NA,NA,NA
T19,GND,NA,NA,NA,NA,NA,NA
T21,GND,NA,NA,NA,NA,NA,NA
T23,GND,NA,NA,NA,NA,NA,NA
T25,GND,NA,NA,NA,NA,NA,NA
T27,GND,NA,NA,NA,NA,NA,NA
T34,GND,NA,NA,NA,NA,NA,NA
T36,GND,NA,NA,NA,NA,NA,NA
T39,GND,NA,NA,NA,NA,NA,NA
T40,GND,NA,NA,NA,NA,NA,NA
T44,GND,NA,NA,NA,NA,NA,NA
U3,GND,NA,NA,NA,NA,NA,NA
U7,GND,NA,NA,NA,NA,NA,NA
U11,GND,NA,NA,NA,NA,NA,NA
U14,GND,NA,NA,NA,NA,NA,NA
U16,GND,NA,NA,NA,NA,NA,NA
U18,GND,NA,NA,NA,NA,NA,NA
U20,GND,NA,NA,NA,NA,NA,NA
U22,GND,NA,NA,NA,NA,NA,NA
U24,GND,NA,NA,NA,NA,NA,NA
U26,GND,NA,NA,NA,NA,NA,NA
U28,GND,NA,NA,NA,NA,NA,NA
U34,GND,NA,NA,NA,NA,NA,NA
U38,GND,NA,NA,NA,NA,NA,NA
U42,GND,NA,NA,NA,NA,NA,NA
V1,GND,NA,NA,NA,NA,NA,NA
V5,GND,NA,NA,NA,NA,NA,NA
V9,GND,NA,NA,NA,NA,NA,NA
V10,GND,NA,NA,NA,NA,NA,NA
V11,GND,NA,NA,NA,NA,NA,NA
V19,GND,NA,NA,NA,NA,NA,NA
V21,GND,NA,NA,NA,NA,NA,NA
V23,GND,NA,NA,NA,NA,NA,NA
V25,GND,NA,NA,NA,NA,NA,NA
V27,GND,NA,NA,NA,NA,NA,NA
V29,GND,NA,NA,NA,NA,NA,NA
V31,GND,NA,NA,NA,NA,NA,NA
V34,GND,NA,NA,NA,NA,NA,NA
V35,GND,NA,NA,NA,NA,NA,NA
V36,GND,NA,NA,NA,NA,NA,NA
V40,GND,NA,NA,NA,NA,NA,NA
V44,GND,NA,NA,NA,NA,NA,NA
W3,GND,NA,NA,NA,NA,NA,NA
W7,GND,NA,NA,NA,NA,NA,NA
W8,GND,NA,NA,NA,NA,NA,NA
W11,GND,NA,NA,NA,NA,NA,NA
W18,GND,NA,NA,NA,NA,NA,NA
W20,GND,NA,NA,NA,NA,NA,NA
W22,GND,NA,NA,NA,NA,NA,NA
W24,GND,NA,NA,NA,NA,NA,NA
W26,GND,NA,NA,NA,NA,NA,NA
W28,GND,NA,NA,NA,NA,NA,NA
W34,GND,NA,NA,NA,NA,NA,NA
W37,GND,NA,NA,NA,NA,NA,NA
W38,GND,NA,NA,NA,NA,NA,NA
W42,GND,NA,NA,NA,NA,NA,NA
Y1,GND,NA,NA,NA,NA,NA,NA
Y5,GND,NA,NA,NA,NA,NA,NA
Y6,GND,NA,NA,NA,NA,NA,NA
Y9,GND,NA,NA,NA,NA,NA,NA
Y10,GND,NA,NA,NA,NA,NA,NA
Y11,GND,NA,NA,NA,NA,NA,NA
Y15,GND,NA,NA,NA,NA,NA,NA
Y17,GND,NA,NA,NA,NA,NA,NA
Y19,GND,NA,NA,NA,NA,NA,NA
Y21,GND,NA,NA,NA,NA,NA,NA
Y23,GND,NA,NA,NA,NA,NA,NA
Y25,GND,NA,NA,NA,NA,NA,NA
Y27,GND,NA,NA,NA,NA,NA,NA
Y29,GND,NA,NA,NA,NA,NA,NA
Y34,GND,NA,NA,NA,NA,NA,NA
Y35,GND,NA,NA,NA,NA,NA,NA
Y36,GND,NA,NA,NA,NA,NA,NA
Y39,GND,NA,NA,NA,NA,NA,NA
Y40,GND,NA,NA,NA,NA,NA,NA
Y44,GND,NA,NA,NA,NA,NA,NA
AA3,GND,NA,NA,NA,NA,NA,NA
AA4,GND,NA,NA,NA,NA,NA,NA
AA7,GND,NA,NA,NA,NA,NA,NA
AA11,GND,NA,NA,NA,NA,NA,NA
AA12,GND,NA,NA,NA,NA,NA,NA
AA16,GND,NA,NA,NA,NA,NA,NA
AA18,GND,NA,NA,NA,NA,NA,NA
AA20,GND,NA,NA,NA,NA,NA,NA
AA24,GND,NA,NA,NA,NA,NA,NA
AA26,GND,NA,NA,NA,NA,NA,NA
AA28,GND,NA,NA,NA,NA,NA,NA
AA32,GND,NA,NA,NA,NA,NA,NA
AA34,GND,NA,NA,NA,NA,NA,NA
AA38,GND,NA,NA,NA,NA,NA,NA
AA41,GND,NA,NA,NA,NA,NA,NA
AA42,GND,NA,NA,NA,NA,NA,NA
AB1,GND,NA,NA,NA,NA,NA,NA
AB2,GND,NA,NA,NA,NA,NA,NA
AB5,GND,NA,NA,NA,NA,NA,NA
AB9,GND,NA,NA,NA,NA,NA,NA
AB10,GND,NA,NA,NA,NA,NA,NA
AB11,GND,NA,NA,NA,NA,NA,NA
AB17,GND,NA,NA,NA,NA,NA,NA
AB19,GND,NA,NA,NA,NA,NA,NA
AB21,GND,NA,NA,NA,NA,NA,NA
AB25,GND,NA,NA,NA,NA,NA,NA
AB27,GND,NA,NA,NA,NA,NA,NA
AB29,GND,NA,NA,NA,NA,NA,NA
AB34,GND,NA,NA,NA,NA,NA,NA
AB35,GND,NA,NA,NA,NA,NA,NA
AB36,GND,NA,NA,NA,NA,NA,NA
AB40,GND,NA,NA,NA,NA,NA,NA
AB43,GND,NA,NA,NA,NA,NA,NA
AB44,GND,NA,NA,NA,NA,NA,NA
AC3,GND,NA,NA,NA,NA,NA,NA
AC7,GND,NA,NA,NA,NA,NA,NA
AC8,GND,NA,NA,NA,NA,NA,NA
AC11,GND,NA,NA,NA,NA,NA,NA
AC16,GND,NA,NA,NA,NA,NA,NA
AC18,GND,NA,NA,NA,NA,NA,NA
AC20,GND,NA,NA,NA,NA,NA,NA
AC24,GND,NA,NA,NA,NA,NA,NA
AC26,GND,NA,NA,NA,NA,NA,NA
AC28,GND,NA,NA,NA,NA,NA,NA
AC34,GND,NA,NA,NA,NA,NA,NA
AC37,GND,NA,NA,NA,NA,NA,NA
AC38,GND,NA,NA,NA,NA,NA,NA
AC42,GND,NA,NA,NA,NA,NA,NA
AD1,GND,NA,NA,NA,NA,NA,NA
AD5,GND,NA,NA,NA,NA,NA,NA
AD6,GND,NA,NA,NA,NA,NA,NA
AD9,GND,NA,NA,NA,NA,NA,NA
AD11,GND,NA,NA,NA,NA,NA,NA
AD13,GND,NA,NA,NA,NA,NA,NA
AD17,GND,NA,NA,NA,NA,NA,NA
AD19,GND,NA,NA,NA,NA,NA,NA
AD21,GND,NA,NA,NA,NA,NA,NA
AD25,GND,NA,NA,NA,NA,NA,NA
AD27,GND,NA,NA,NA,NA,NA,NA
AD29,GND,NA,NA,NA,NA,NA,NA
AD33,GND,NA,NA,NA,NA,NA,NA
AD34,GND,NA,NA,NA,NA,NA,NA
AD36,GND,NA,NA,NA,NA,NA,NA
AD39,GND,NA,NA,NA,NA,NA,NA
AD40,GND,NA,NA,NA,NA,NA,NA
AD44,GND,NA,NA,NA,NA,NA,NA
AE3,GND,NA,NA,NA,NA,NA,NA
AE4,GND,NA,NA,NA,NA,NA,NA
AE7,GND,NA,NA,NA,NA,NA,NA
AE11,GND,NA,NA,NA,NA,NA,NA
AE16,GND,NA,NA,NA,NA,NA,NA
AE18,GND,NA,NA,NA,NA,NA,NA
AE20,GND,NA,NA,NA,NA,NA,NA
AE22,GND,NA,NA,NA,NA,NA,NA
AE24,GND,NA,NA,NA,NA,NA,NA
AE26,GND,NA,NA,NA,NA,NA,NA
AE28,GND,NA,NA,NA,NA,NA,NA
AE30,GND,NA,NA,NA,NA,NA,NA
AE34,GND,NA,NA,NA,NA,NA,NA
AE38,GND,NA,NA,NA,NA,NA,NA
AE41,GND,NA,NA,NA,NA,NA,NA
AE42,GND,NA,NA,NA,NA,NA,NA
AF1,GND,NA,NA,NA,NA,NA,NA
AF2,GND,NA,NA,NA,NA,NA,NA
AF5,GND,NA,NA,NA,NA,NA,NA
AF9,GND,NA,NA,NA,NA,NA,NA
AF10,GND,NA,NA,NA,NA,NA,NA
AF11,GND,NA,NA,NA,NA,NA,NA
AF17,GND,NA,NA,NA,NA,NA,NA
AF19,GND,NA,NA,NA,NA,NA,NA
AF21,GND,NA,NA,NA,NA,NA,NA
AF23,GND,NA,NA,NA,NA,NA,NA
AF25,GND,NA,NA,NA,NA,NA,NA
AF27,GND,NA,NA,NA,NA,NA,NA
AF29,GND,NA,NA,NA,NA,NA,NA
AF34,GND,NA,NA,NA,NA,NA,NA
AF35,GND,NA,NA,NA,NA,NA,NA
AF36,GND,NA,NA,NA,NA,NA,NA
AF40,GND,NA,NA,NA,NA,NA,NA
AF43,GND,NA,NA,NA,NA,NA,NA
AF44,GND,NA,NA,NA,NA,NA,NA
AG3,GND,NA,NA,NA,NA,NA,NA
AG7,GND,NA,NA,NA,NA,NA,NA
AG11,GND,NA,NA,NA,NA,NA,NA
AG14,GND,NA,NA,NA,NA,NA,NA
AG16,GND,NA,NA,NA,NA,NA,NA
AG18,GND,NA,NA,NA,NA,NA,NA
AG20,GND,NA,NA,NA,NA,NA,NA
AG22,GND,NA,NA,NA,NA,NA,NA
AG24,GND,NA,NA,NA,NA,NA,NA
AG26,GND,NA,NA,NA,NA,NA,NA
AG28,GND,NA,NA,NA,NA,NA,NA
AG34,GND,NA,NA,NA,NA,NA,NA
AG38,GND,NA,NA,NA,NA,NA,NA
AG42,GND,NA,NA,NA,NA,NA,NA
AH1,GND,NA,NA,NA,NA,NA,NA
AH5,GND,NA,NA,NA,NA,NA,NA
AH9,GND,NA,NA,NA,NA,NA,NA
AH10,GND,NA,NA,NA,NA,NA,NA
AH11,GND,NA,NA,NA,NA,NA,NA
AH17,GND,NA,NA,NA,NA,NA,NA
AH19,GND,NA,NA,NA,NA,NA,NA
AH21,GND,NA,NA,NA,NA,NA,NA
AH23,GND,NA,NA,NA,NA,NA,NA
AH25,GND,NA,NA,NA,NA,NA,NA
AH27,GND,NA,NA,NA,NA,NA,NA
AH29,GND,NA,NA,NA,NA,NA,NA
AH31,GND,NA,NA,NA,NA,NA,NA
AH34,GND,NA,NA,NA,NA,NA,NA
AH35,GND,NA,NA,NA,NA,NA,NA
AH36,GND,NA,NA,NA,NA,NA,NA
AH40,GND,NA,NA,NA,NA,NA,NA
AH44,GND,NA,NA,NA,NA,NA,NA
AJ3,GND,NA,NA,NA,NA,NA,NA
AJ4,GND,NA,NA,NA,NA,NA,NA
AJ7,GND,NA,NA,NA,NA,NA,NA
AJ11,GND,NA,NA,NA,NA,NA,NA
AJ16,GND,NA,NA,NA,NA,NA,NA
AJ18,GND,NA,NA,NA,NA,NA,NA
AJ20,GND,NA,NA,NA,NA,NA,NA
AJ22,GND,NA,NA,NA,NA,NA,NA
AJ24,GND,NA,NA,NA,NA,NA,NA
AJ28,GND,NA,NA,NA,NA,NA,NA
AJ34,GND,NA,NA,NA,NA,NA,NA
AJ38,GND,NA,NA,NA,NA,NA,NA
AJ41,GND,NA,NA,NA,NA,NA,NA
AJ42,GND,NA,NA,NA,NA,NA,NA
AK1,GND,NA,NA,NA,NA,NA,NA
AK5,GND,NA,NA,NA,NA,NA,NA
AK9,GND,NA,NA,NA,NA,NA,NA
AK11,GND,NA,NA,NA,NA,NA,NA
AK15,GND,NA,NA,NA,NA,NA,NA
AK17,GND,NA,NA,NA,NA,NA,NA
AK21,GND,NA,NA,NA,NA,NA,NA
AK23,GND,NA,NA,NA,NA,NA,NA
AK25,GND,NA,NA,NA,NA,NA,NA
AK27,GND,NA,NA,NA,NA,NA,NA
AK34,GND,NA,NA,NA,NA,NA,NA
AK36,GND,NA,NA,NA,NA,NA,NA
AK40,GND,NA,NA,NA,NA,NA,NA
AK44,GND,NA,NA,NA,NA,NA,NA
AL3,GND,NA,NA,NA,NA,NA,NA
AL7,GND,NA,NA,NA,NA,NA,NA
AL8,GND,NA,NA,NA,NA,NA,NA
AL11,GND,NA,NA,NA,NA,NA,NA
AL12,GND,NA,NA,NA,NA,NA,NA
AL18,GND,NA,NA,NA,NA,NA,NA
AL20,GND,NA,NA,NA,NA,NA,NA
AL22,GND,NA,NA,NA,NA,NA,NA
AL24,GND,NA,NA,NA,NA,NA,NA
AL32,GND,NA,NA,NA,NA,NA,NA
AL34,GND,NA,NA,NA,NA,NA,NA
AL37,GND,NA,NA,NA,NA,NA,NA
AL38,GND,NA,NA,NA,NA,NA,NA
AL42,GND,NA,NA,NA,NA,NA,NA
AM1,GND,NA,NA,NA,NA,NA,NA
AM5,GND,NA,NA,NA,NA,NA,NA
AM6,GND,NA,NA,NA,NA,NA,NA
AM9,GND,NA,NA,NA,NA,NA,NA
AM10,GND,NA,NA,NA,NA,NA,NA
AM11,GND,NA,NA,NA,NA,NA,NA
AM25,GND,NA,NA,NA,NA,NA,NA
AM27,GND,NA,NA,NA,NA,NA,NA
AM29,GND,NA,NA,NA,NA,NA,NA
AM34,GND,NA,NA,NA,NA,NA,NA
AM35,GND,NA,NA,NA,NA,NA,NA
AM36,GND,NA,NA,NA,NA,NA,NA
AM39,GND,NA,NA,NA,NA,NA,NA
AM40,GND,NA,NA,NA,NA,NA,NA
AM44,GND,NA,NA,NA,NA,NA,NA
AN3,GND,NA,NA,NA,NA,NA,NA
AN4,GND,NA,NA,NA,NA,NA,NA
AN8,GND,NA,NA,NA,NA,NA,NA
AN11,GND,NA,NA,NA,NA,NA,NA
AN16,GND,NA,NA,NA,NA,NA,NA
AN18,GND,NA,NA,NA,NA,NA,NA
AN19,GND,NA,NA,NA,NA,NA,NA
AN20,GND,NA,NA,NA,NA,NA,NA
AN21,GND,NA,NA,NA,NA,NA,NA
AN22,GND,NA,NA,NA,NA,NA,NA
AN23,GND,NA,NA,NA,NA,NA,NA
AN24,GND,NA,NA,NA,NA,NA,NA
AN25,GND,NA,NA,NA,NA,NA,NA
AN26,GND,NA,NA,NA,NA,NA,NA
AN27,GND,NA,NA,NA,NA,NA,NA
AN34,GND,NA,NA,NA,NA,NA,NA
AN37,GND,NA,NA,NA,NA,NA,NA
AN41,GND,NA,NA,NA,NA,NA,NA
AN42,GND,NA,NA,NA,NA,NA,NA
AP1,GND,NA,NA,NA,NA,NA,NA
AP2,GND,NA,NA,NA,NA,NA,NA
AP5,GND,NA,NA,NA,NA,NA,NA
AP6,GND,NA,NA,NA,NA,NA,NA
AP9,GND,NA,NA,NA,NA,NA,NA
AP10,GND,NA,NA,NA,NA,NA,NA
AP11,GND,NA,NA,NA,NA,NA,NA
AP13,GND,NA,NA,NA,NA,NA,NA
AP18,GND,NA,NA,NA,NA,NA,NA
AP20,GND,NA,NA,NA,NA,NA,NA
AP22,GND,NA,NA,NA,NA,NA,NA
AP24,GND,NA,NA,NA,NA,NA,NA
AP26,GND,NA,NA,NA,NA,NA,NA
AP27,GND,NA,NA,NA,NA,NA,NA
AP33,GND,NA,NA,NA,NA,NA,NA
AP34,GND,NA,NA,NA,NA,NA,NA
AP35,GND,NA,NA,NA,NA,NA,NA
AP36,GND,NA,NA,NA,NA,NA,NA
AP39,GND,NA,NA,NA,NA,NA,NA
AP40,GND,NA,NA,NA,NA,NA,NA
AP43,GND,NA,NA,NA,NA,NA,NA
AP44,GND,NA,NA,NA,NA,NA,NA
AR4,GND,NA,NA,NA,NA,NA,NA
AR7,GND,NA,NA,NA,NA,NA,NA
AR9,GND,NA,NA,NA,NA,NA,NA
AR10,GND,NA,NA,NA,NA,NA,NA
AR17,GND,NA,NA,NA,NA,NA,NA
AR18,GND,NA,NA,NA,NA,NA,NA
AR20,GND,NA,NA,NA,NA,NA,NA
AR21,GND,NA,NA,NA,NA,NA,NA
AR22,GND,NA,NA,NA,NA,NA,NA
AR23,GND,NA,NA,NA,NA,NA,NA
AR24,GND,NA,NA,NA,NA,NA,NA
AR27,GND,NA,NA,NA,NA,NA,NA
AR28,GND,NA,NA,NA,NA,NA,NA
AR30,GND,NA,NA,NA,NA,NA,NA
AR36,GND,NA,NA,NA,NA,NA,NA
AR38,GND,NA,NA,NA,NA,NA,NA
AR41,GND,NA,NA,NA,NA,NA,NA
AT1,GND,NA,NA,NA,NA,NA,NA
AT6,GND,NA,NA,NA,NA,NA,NA
AT9,GND,NA,NA,NA,NA,NA,NA
AT17,GND,NA,NA,NA,NA,NA,NA
AT19,GND,NA,NA,NA,NA,NA,NA
AT21,GND,NA,NA,NA,NA,NA,NA
AT25,GND,NA,NA,NA,NA,NA,NA
AT27,GND,NA,NA,NA,NA,NA,NA
AT28,GND,NA,NA,NA,NA,NA,NA
AT36,GND,NA,NA,NA,NA,NA,NA
AT39,GND,NA,NA,NA,NA,NA,NA
AT44,GND,NA,NA,NA,NA,NA,NA
AU3,GND,NA,NA,NA,NA,NA,NA
AU4,GND,NA,NA,NA,NA,NA,NA
AU7,GND,NA,NA,NA,NA,NA,NA
AU8,GND,NA,NA,NA,NA,NA,NA
AU9,GND,NA,NA,NA,NA,NA,NA
AU14,GND,NA,NA,NA,NA,NA,NA
AU17,GND,NA,NA,NA,NA,NA,NA
AU18,GND,NA,NA,NA,NA,NA,NA
AU20,GND,NA,NA,NA,NA,NA,NA
AU21,GND,NA,NA,NA,NA,NA,NA
AU22,GND,NA,NA,NA,NA,NA,NA
AU24,GND,NA,NA,NA,NA,NA,NA
AU25,GND,NA,NA,NA,NA,NA,NA
AU26,GND,NA,NA,NA,NA,NA,NA
AU27,GND,NA,NA,NA,NA,NA,NA
AU28,GND,NA,NA,NA,NA,NA,NA
AU34,GND,NA,NA,NA,NA,NA,NA
AU36,GND,NA,NA,NA,NA,NA,NA
AU37,GND,NA,NA,NA,NA,NA,NA
AU38,GND,NA,NA,NA,NA,NA,NA
AU41,GND,NA,NA,NA,NA,NA,NA
AU42,GND,NA,NA,NA,NA,NA,NA
AV1,GND,NA,NA,NA,NA,NA,NA
AV2,GND,NA,NA,NA,NA,NA,NA
AV6,GND,NA,NA,NA,NA,NA,NA
AV9,GND,NA,NA,NA,NA,NA,NA
AV11,GND,NA,NA,NA,NA,NA,NA
AV17,GND,NA,NA,NA,NA,NA,NA
AV20,GND,NA,NA,NA,NA,NA,NA
AV21,GND,NA,NA,NA,NA,NA,NA
AV22,GND,NA,NA,NA,NA,NA,NA
AV23,GND,NA,NA,NA,NA,NA,NA
AV26,GND,NA,NA,NA,NA,NA,NA
AV28,GND,NA,NA,NA,NA,NA,NA
AV31,GND,NA,NA,NA,NA,NA,NA
AV36,GND,NA,NA,NA,NA,NA,NA
AV39,GND,NA,NA,NA,NA,NA,NA
AV43,GND,NA,NA,NA,NA,NA,NA
AV44,GND,NA,NA,NA,NA,NA,NA
AW4,GND,NA,NA,NA,NA,NA,NA
AW7,GND,NA,NA,NA,NA,NA,NA
AW8,GND,NA,NA,NA,NA,NA,NA
AW9,GND,NA,NA,NA,NA,NA,NA
AW17,GND,NA,NA,NA,NA,NA,NA
AW18,GND,NA,NA,NA,NA,NA,NA
AW20,GND,NA,NA,NA,NA,NA,NA
AW22,GND,NA,NA,NA,NA,NA,NA
AW24,GND,NA,NA,NA,NA,NA,NA
AW26,GND,NA,NA,NA,NA,NA,NA
AW28,GND,NA,NA,NA,NA,NA,NA
AW36,GND,NA,NA,NA,NA,NA,NA
AW37,GND,NA,NA,NA,NA,NA,NA
AW38,GND,NA,NA,NA,NA,NA,NA
AW41,GND,NA,NA,NA,NA,NA,NA
AY1,GND,NA,NA,NA,NA,NA,NA
AY6,GND,NA,NA,NA,NA,NA,NA
AY7,GND,NA,NA,NA,NA,NA,NA
AY8,GND,NA,NA,NA,NA,NA,NA
AY9,GND,NA,NA,NA,NA,NA,NA
AY10,GND,NA,NA,NA,NA,NA,NA
AY11,GND,NA,NA,NA,NA,NA,NA
AY12,GND,NA,NA,NA,NA,NA,NA
AY13,GND,NA,NA,NA,NA,NA,NA
AY14,GND,NA,NA,NA,NA,NA,NA
AY15,GND,NA,NA,NA,NA,NA,NA
AY16,GND,NA,NA,NA,NA,NA,NA
AY17,GND,NA,NA,NA,NA,NA,NA
AY18,GND,NA,NA,NA,NA,NA,NA
AY19,GND,NA,NA,NA,NA,NA,NA
AY22,GND,NA,NA,NA,NA,NA,NA
AY23,GND,NA,NA,NA,NA,NA,NA
AY26,GND,NA,NA,NA,NA,NA,NA
AY28,GND,NA,NA,NA,NA,NA,NA
AY29,GND,NA,NA,NA,NA,NA,NA
AY30,GND,NA,NA,NA,NA,NA,NA
AY31,GND,NA,NA,NA,NA,NA,NA
AY32,GND,NA,NA,NA,NA,NA,NA
AY33,GND,NA,NA,NA,NA,NA,NA
AY34,GND,NA,NA,NA,NA,NA,NA
AY35,GND,NA,NA,NA,NA,NA,NA
AY36,GND,NA,NA,NA,NA,NA,NA
AY37,GND,NA,NA,NA,NA,NA,NA
AY38,GND,NA,NA,NA,NA,NA,NA
AY39,GND,NA,NA,NA,NA,NA,NA
AY44,GND,NA,NA,NA,NA,NA,NA
BA3,GND,NA,NA,NA,NA,NA,NA
BA4,GND,NA,NA,NA,NA,NA,NA
BA7,GND,NA,NA,NA,NA,NA,NA
BA38,GND,NA,NA,NA,NA,NA,NA
BA41,GND,NA,NA,NA,NA,NA,NA
BA42,GND,NA,NA,NA,NA,NA,NA
BB1,GND,NA,NA,NA,NA,NA,NA
BB2,GND,NA,NA,NA,NA,NA,NA
BB5,GND,NA,NA,NA,NA,NA,NA
BB7,GND,NA,NA,NA,NA,NA,NA
BB38,GND,NA,NA,NA,NA,NA,NA
BB40,GND,NA,NA,NA,NA,NA,NA
BB43,GND,NA,NA,NA,NA,NA,NA
BB44,GND,NA,NA,NA,NA,NA,NA
BC2,GND,NA,NA,NA,NA,NA,NA
BC4,GND,NA,NA,NA,NA,NA,NA
BC7,GND,NA,NA,NA,NA,NA,NA
BC38,GND,NA,NA,NA,NA,NA,NA
BC41,GND,NA,NA,NA,NA,NA,NA
BC43,GND,NA,NA,NA,NA,NA,NA
BD5,GND,NA,NA,NA,NA,NA,NA
BD6,GND,NA,NA,NA,NA,NA,NA
BD7,GND,NA,NA,NA,NA,NA,NA
BD38,GND,NA,NA,NA,NA,NA,NA
BD39,GND,NA,NA,NA,NA,NA,NA
BD40,GND,NA,NA,NA,NA,NA,NA
AR19,GND,NA,NA,NA,NA,NA,NA
K26,GND,NA,NA,NA,NA,NA,NA
AA22,GNDADC,NA,NA,NA,NA,NA,NA
N19,VCCINT,NA,NA,NA,NA,NA,NA
N21,VCCINT,NA,NA,NA,NA,NA,NA
N23,VCCINT,NA,NA,NA,NA,NA,NA
N25,VCCINT,NA,NA,NA,NA,NA,NA
N27,VCCINT,NA,NA,NA,NA,NA,NA
P20,VCCINT,NA,NA,NA,NA,NA,NA
P22,VCCINT,NA,NA,NA,NA,NA,NA
P26,VCCINT,NA,NA,NA,NA,NA,NA
R19,VCCINT,NA,NA,NA,NA,NA,NA
R21,VCCINT,NA,NA,NA,NA,NA,NA
R23,VCCINT,NA,NA,NA,NA,NA,NA
R25,VCCINT,NA,NA,NA,NA,NA,NA
R27,VCCINT,NA,NA,NA,NA,NA,NA
T18,VCCINT,NA,NA,NA,NA,NA,NA
T20,VCCINT,NA,NA,NA,NA,NA,NA
T22,VCCINT,NA,NA,NA,NA,NA,NA
T26,VCCINT,NA,NA,NA,NA,NA,NA
T28,VCCINT,NA,NA,NA,NA,NA,NA
U17,VCCINT,NA,NA,NA,NA,NA,NA
U19,VCCINT,NA,NA,NA,NA,NA,NA
U21,VCCINT,NA,NA,NA,NA,NA,NA
U23,VCCINT,NA,NA,NA,NA,NA,NA
U25,VCCINT,NA,NA,NA,NA,NA,NA
U27,VCCINT,NA,NA,NA,NA,NA,NA
U29,VCCINT,NA,NA,NA,NA,NA,NA
V16,VCCINT,NA,NA,NA,NA,NA,NA
V20,VCCINT,NA,NA,NA,NA,NA,NA
V22,VCCINT,NA,NA,NA,NA,NA,NA
V28,VCCINT,NA,NA,NA,NA,NA,NA
W17,VCCINT,NA,NA,NA,NA,NA,NA
W21,VCCINT,NA,NA,NA,NA,NA,NA
W23,VCCINT,NA,NA,NA,NA,NA,NA
W27,VCCINT,NA,NA,NA,NA,NA,NA
W29,VCCINT,NA,NA,NA,NA,NA,NA
Y16,VCCINT,NA,NA,NA,NA,NA,NA
Y20,VCCINT,NA,NA,NA,NA,NA,NA
Y22,VCCINT,NA,NA,NA,NA,NA,NA
Y28,VCCINT,NA,NA,NA,NA,NA,NA
AA17,VCCINT,NA,NA,NA,NA,NA,NA
AA21,VCCINT,NA,NA,NA,NA,NA,NA
AA27,VCCINT,NA,NA,NA,NA,NA,NA
AA29,VCCINT,NA,NA,NA,NA,NA,NA
AB16,VCCINT,NA,NA,NA,NA,NA,NA
AB20,VCCINT,NA,NA,NA,NA,NA,NA
AB28,VCCINT,NA,NA,NA,NA,NA,NA
AC17,VCCINT,NA,NA,NA,NA,NA,NA
AC21,VCCINT,NA,NA,NA,NA,NA,NA
AC27,VCCINT,NA,NA,NA,NA,NA,NA
AC29,VCCINT,NA,NA,NA,NA,NA,NA
AD16,VCCINT,NA,NA,NA,NA,NA,NA
AD20,VCCINT,NA,NA,NA,NA,NA,NA
AD28,VCCINT,NA,NA,NA,NA,NA,NA
AE17,VCCINT,NA,NA,NA,NA,NA,NA
AE19,VCCINT,NA,NA,NA,NA,NA,NA
AE21,VCCINT,NA,NA,NA,NA,NA,NA
AE23,VCCINT,NA,NA,NA,NA,NA,NA
AE25,VCCINT,NA,NA,NA,NA,NA,NA
AE27,VCCINT,NA,NA,NA,NA,NA,NA
AE29,VCCINT,NA,NA,NA,NA,NA,NA
AF16,VCCINT,NA,NA,NA,NA,NA,NA
AF20,VCCINT,NA,NA,NA,NA,NA,NA
AF22,VCCINT,NA,NA,NA,NA,NA,NA
AF28,VCCINT,NA,NA,NA,NA,NA,NA
AG17,VCCINT,NA,NA,NA,NA,NA,NA
AG19,VCCINT,NA,NA,NA,NA,NA,NA
AG21,VCCINT,NA,NA,NA,NA,NA,NA
AG23,VCCINT,NA,NA,NA,NA,NA,NA
AG25,VCCINT,NA,NA,NA,NA,NA,NA
AG27,VCCINT,NA,NA,NA,NA,NA,NA
AG29,VCCINT,NA,NA,NA,NA,NA,NA
AH16,VCCINT,NA,NA,NA,NA,NA,NA
AH20,VCCINT,NA,NA,NA,NA,NA,NA
AH22,VCCINT,NA,NA,NA,NA,NA,NA
AH28,VCCINT,NA,NA,NA,NA,NA,NA
AJ17,VCCINT,NA,NA,NA,NA,NA,NA
AJ19,VCCINT,NA,NA,NA,NA,NA,NA
AJ21,VCCINT,NA,NA,NA,NA,NA,NA
AJ23,VCCINT,NA,NA,NA,NA,NA,NA
AJ25,VCCINT,NA,NA,NA,NA,NA,NA
AJ27,VCCINT,NA,NA,NA,NA,NA,NA
AK18,VCCINT,NA,NA,NA,NA,NA,NA
AK20,VCCINT,NA,NA,NA,NA,NA,NA
AK22,VCCINT,NA,NA,NA,NA,NA,NA
AK26,VCCINT,NA,NA,NA,NA,NA,NA
AL19,VCCINT,NA,NA,NA,NA,NA,NA
AL21,VCCINT,NA,NA,NA,NA,NA,NA
AL23,VCCINT,NA,NA,NA,NA,NA,NA
AL25,VCCINT,NA,NA,NA,NA,NA,NA
AL27,VCCINT,NA,NA,NA,NA,NA,NA
AM18,VCCINT,NA,NA,NA,NA,NA,NA
AM20,VCCINT,NA,NA,NA,NA,NA,NA
AM22,VCCINT,NA,NA,NA,NA,NA,NA
AM26,VCCINT,NA,NA,NA,NA,NA,NA
V18,VCCAUX,NA,NA,NA,NA,NA,NA
V26,VCCAUX,NA,NA,NA,NA,NA,NA
Y18,VCCAUX,NA,NA,NA,NA,NA,NA
Y26,VCCAUX,NA,NA,NA,NA,NA,NA
AB18,VCCAUX,NA,NA,NA,NA,NA,NA
AB26,VCCAUX,NA,NA,NA,NA,NA,NA
AD18,VCCAUX,NA,NA,NA,NA,NA,NA
AD26,VCCAUX,NA,NA,NA,NA,NA,NA
AF18,VCCAUX,NA,NA,NA,NA,NA,NA
AF26,VCCAUX,NA,NA,NA,NA,NA,NA
AH18,VCCAUX,NA,NA,NA,NA,NA,NA
AH26,VCCAUX,NA,NA,NA,NA,NA,NA
W25,VCCAUX_IO_G0,NA,NA,NA,NA,NA,NA
AA25,VCCAUX_IO_G0,NA,NA,NA,NA,NA,NA
AC25,VCCAUX_IO_G0,NA,NA,NA,NA,NA,NA
W19,VCCAUX_IO_G2,NA,NA,NA,NA,NA,NA
AA19,VCCAUX_IO_G2,NA,NA,NA,NA,NA,NA
AC19,VCCAUX_IO_G2,NA,NA,NA,NA,NA,NA
V17,VCCO_0,NA,0,NA,NA,NA,NA
W16,VCCO_0,NA,0,NA,NA,NA,NA
AK30,VCCO_13,NA,13,NA,NA,NA,NA
AN31,VCCO_13,NA,13,NA,NA,NA,NA
AP28,VCCO_13,NA,13,NA,NA,NA,NA
AR35,VCCO_13,NA,13,NA,NA,NA,NA
AT32,VCCO_13,NA,13,NA,NA,NA,NA
AU29,VCCO_13,NA,13,NA,NA,NA,NA
AW33,VCCO_13,NA,13,NA,NA,NA,NA
T32,VCCO_14,NA,14,NA,NA,NA,NA
W33,VCCO_14,NA,14,NA,NA,NA,NA
Y30,VCCO_14,NA,14,NA,NA,NA,NA
AC31,VCCO_14,NA,14,NA,NA,NA,NA
AF32,VCCO_14,NA,14,NA,NA,NA,NA
AJ33,VCCO_14,NA,14,NA,NA,NA,NA
F32,VCCO_15,NA,15,NA,NA,NA,NA
G29,VCCO_15,NA,15,NA,NA,NA,NA
J33,VCCO_15,NA,15,NA,NA,NA,NA
K30,VCCO_15,NA,15,NA,NA,NA,NA
N31,VCCO_15,NA,15,NA,NA,NA,NA
P28,VCCO_15,NA,15,NA,NA,NA,NA
AL17,VCCO_33,NA,33,NA,NA,NA,NA
AM14,VCCO_33,NA,33,NA,NA,NA,NA
AR15,VCCO_33,NA,33,NA,NA,NA,NA
AT12,VCCO_33,NA,33,NA,NA,NA,NA
AV16,VCCO_33,NA,33,NA,NA,NA,NA
AW13,VCCO_33,NA,33,NA,NA,NA,NA
T12,VCCO_34,NA,34,NA,NA,NA,NA
W13,VCCO_34,NA,34,NA,NA,NA,NA
AB14,VCCO_34,NA,34,NA,NA,NA,NA
AE15,VCCO_34,NA,34,NA,NA,NA,NA
AF12,VCCO_34,NA,34,NA,NA,NA,NA
AJ13,VCCO_34,NA,34,NA,NA,NA,NA
F12,VCCO_35,NA,35,NA,NA,NA,NA
H16,VCCO_35,NA,35,NA,NA,NA,NA
J13,VCCO_35,NA,35,NA,NA,NA,NA
L17,VCCO_35,NA,35,NA,NA,NA,NA
M14,VCCO_35,NA,35,NA,NA,NA,NA
P18,VCCO_35,NA,35,NA,NA,NA,NA
R15,VCCO_35,NA,35,NA,NA,NA,NA
AA23,VCCADC,NA,NA,NA,NA,NA,NA
P24,VCCBRAM,NA,NA,NA,NA,NA,NA
T24,VCCBRAM,NA,NA,NA,NA,NA,NA
V24,VCCBRAM,NA,NA,NA,NA,NA,NA
Y24,VCCBRAM,NA,NA,NA,NA,NA,NA
AB24,VCCBRAM,NA,NA,NA,NA,NA,NA
AD24,VCCBRAM,NA,NA,NA,NA,NA,NA
AF24,VCCBRAM,NA,NA,NA,NA,NA,NA
AH24,VCCBRAM,NA,NA,NA,NA,NA,NA
AK24,VCCBRAM,NA,NA,NA,NA,NA,NA
AM24,VCCBRAM,NA,NA,NA,NA,NA,NA
,,,,,,,
Total Number of Pins,1924,,,,,,
