Device/Package xcku085flvb1760 3/31/2015 11:01:28,,,,,,
,,,,,,
Pin,Pin Name,Memory Byte Group,Bank,I/O Type,Super Logic Region,No-Connect
AC16,DXN,NA,NA,NA,NA,NA
Y17,VCCADC,NA,NA,NA,NA,NA
Y16,GNDADC,NA,NA,NA,NA,NA
AC17,DXP,NA,NA,NA,NA,NA
AB17,VREFP,NA,NA,NA,NA,NA
AA16,VREFN,NA,NA,NA,NA,NA
AA17,VP,NA,NA,NA,NA,NA
AB16,VN,NA,NA,NA,NA,NA
W9,M0_0,NA,0,CONFIG,0,NA
Y9,M1_0,NA,0,CONFIG,0,NA
V9,INIT_B_0,NA,0,CONFIG,0,NA
AA9,M2_0,NA,0,CONFIG,0,NA
U9,CFGBVS_0,NA,0,CONFIG,0,NA
T9,PUDC_B_0,NA,0,CONFIG,0,NA
AB9,POR_OVERRIDE,NA,NA,NA,NA,NA
R9,DONE_0,NA,0,CONFIG,0,NA
AC9,PROGRAM_B_0,NA,0,CONFIG,0,NA
W11,TDI_0,NA,0,CONFIG,0,NA
AD9,RDWR_FCS_B_0,NA,0,CONFIG,0,NA
AE9,D02_0,NA,0,CONFIG,0,NA
AH9,D00_MOSI_0,NA,0,CONFIG,0,NA
AF9,D03_0,NA,0,CONFIG,0,NA
AG9,D01_DIN_0,NA,0,CONFIG,0,NA
AA11,TMS_0,NA,0,CONFIG,0,NA
AC11,CCLK_0,NA,0,CONFIG,0,NA
AE11,TCK_0,NA,0,CONFIG,0,NA
AJ9,VBATT,NA,NA,NA,NA,NA
U11,TDO_0,NA,0,CONFIG,0,NA
BB36,IO_L24P_T3U_N10_44,3U,44,HP,0,NA
BB37,IO_L24N_T3U_N11_44,3U,44,HP,0,NA
BB39,IO_T3U_N12_44,3U,44,HP,0,NA
AW38,IO_L23P_T3U_N8_44,3U,44,HP,0,NA
AY38,IO_L23N_T3U_N9_44,3U,44,HP,0,NA
AY35,IO_L22P_T3U_N6_DBC_AD0P_44,3U,44,HP,0,NA
BA35,IO_L22N_T3U_N7_DBC_AD0N_44,3U,44,HP,0,NA
BA37,IO_L21P_T3L_N4_AD8P_44,3L,44,HP,0,NA
BA38,IO_L21N_T3L_N5_AD8N_44,3L,44,HP,0,NA
BB34,IO_L20P_T3L_N2_AD1P_44,3L,44,HP,0,NA
BB35,IO_L20N_T3L_N3_AD1N_44,3L,44,HP,0,NA
AY36,IO_L19P_T3L_N0_DBC_AD9P_44,3L,44,HP,0,NA
AY37,IO_L19N_T3L_N1_DBC_AD9N_44,3L,44,HP,0,NA
AU36,IO_L18P_T2U_N10_AD2P_44,2U,44,HP,0,NA
AV37,IO_L18N_T2U_N11_AD2N_44,2U,44,HP,0,NA
AT35,IO_L17P_T2U_N8_AD10P_44,2U,44,HP,0,NA
AU35,IO_L17N_T2U_N9_AD10N_44,2U,44,HP,0,NA
AV36,IO_L16P_T2U_N6_QBC_AD3P_44,2U,44,HP,0,NA
AW36,IO_L16N_T2U_N7_QBC_AD3N_44,2U,44,HP,0,NA
AT34,IO_L15P_T2L_N4_AD11P_44,2L,44,HP,0,NA
AU34,IO_L15N_T2L_N5_AD11N_44,2L,44,HP,0,NA
AW33,IO_L14P_T2L_N2_GC_44,2L,44,HP,0,NA
AW34,IO_L14N_T2L_N3_GC_44,2L,44,HP,0,NA
AW35,IO_T2U_N12_44,2U,44,HP,0,NA
AV33,IO_L13P_T2L_N0_GC_QBC_44,2L,44,HP,0,NA
AV34,IO_L13N_T2L_N1_GC_QBC_44,2L,44,HP,0,NA
AY30,IO_L12P_T1U_N10_GC_44,1U,44,HP,0,NA
AY31,IO_L12N_T1U_N11_GC_44,1U,44,HP,0,NA
BA34,IO_T1U_N12_44,1U,44,HP,0,NA
AY32,IO_L11P_T1U_N8_GC_44,1U,44,HP,0,NA
AY33,IO_L11N_T1U_N9_GC_44,1U,44,HP,0,NA
BA30,IO_L10P_T1U_N6_QBC_AD4P_44,1U,44,HP,0,NA
BB30,IO_L10N_T1U_N7_QBC_AD4N_44,1U,44,HP,0,NA
BA32,IO_L9P_T1L_N4_AD12P_44,1L,44,HP,0,NA
BA33,IO_L9N_T1L_N5_AD12N_44,1L,44,HP,0,NA
BA29,IO_L8P_T1L_N2_AD5P_44,1L,44,HP,0,NA
BB29,IO_L8N_T1L_N3_AD5N_44,1L,44,HP,0,NA
BB31,IO_L7P_T1L_N0_QBC_AD13P_44,1L,44,HP,0,NA
BB32,IO_L7N_T1L_N1_QBC_AD13N_44,1L,44,HP,0,NA
AW30,IO_L6P_T0U_N10_AD6P_44,0U,44,HP,0,NA
AW31,IO_L6N_T0U_N11_AD6N_44,0U,44,HP,0,NA
AR32,IO_L5P_T0U_N8_AD14P_44,0U,44,HP,0,NA
AT33,IO_L5N_T0U_N9_AD14N_44,0U,44,HP,0,NA
AU30,IO_L4P_T0U_N6_DBC_AD7P_44,0U,44,HP,0,NA
AU31,IO_L4N_T0U_N7_DBC_AD7N_44,0U,44,HP,0,NA
AT32,IO_L3P_T0L_N4_AD15P_44,0L,44,HP,0,NA
AU32,IO_L3N_T0L_N5_AD15N_44,0L,44,HP,0,NA
AT29,IO_L2P_T0L_N2_44,0L,44,HP,0,NA
AT30,IO_L2N_T0L_N3_44,0L,44,HP,0,NA
AR30,IO_T0U_N12_VRP_44,0U,44,HP,0,NA
AV31,IO_L1P_T0L_N0_DBC_44,0L,44,HP,0,NA
AV32,IO_L1N_T0L_N1_DBC_44,0L,44,HP,0,NA
AR31,VREF_44,NA,44,HP,0,NA
AN38,IO_L24P_T3U_N10_45,3U,45,HP,0,NA
AP38,IO_L24N_T3U_N11_45,3U,45,HP,0,NA
AN36,IO_T3U_N12_45,3U,45,HP,0,NA
AK37,IO_L23P_T3U_N8_45,3U,45,HP,0,NA
AK38,IO_L23N_T3U_N9_45,3U,45,HP,0,NA
AM37,IO_L22P_T3U_N6_DBC_AD0P_45,3U,45,HP,0,NA
AN37,IO_L22N_T3U_N7_DBC_AD0N_45,3U,45,HP,0,NA
AL39,IO_L21P_T3L_N4_AD8P_45,3L,45,HP,0,NA
AM39,IO_L21N_T3L_N5_AD8N_45,3L,45,HP,0,NA
AR36,IO_L20P_T3L_N2_AD1P_45,3L,45,HP,0,NA
AR37,IO_L20N_T3L_N3_AD1N_45,3L,45,HP,0,NA
AL37,IO_L19P_T3L_N0_DBC_AD9P_45,3L,45,HP,0,NA
AL38,IO_L19N_T3L_N1_DBC_AD9N_45,3L,45,HP,0,NA
AN41,IO_L18P_T2U_N10_AD2P_45,2U,45,HP,0,NA
AN42,IO_L18N_T2U_N11_AD2N_45,2U,45,HP,0,NA
AL40,IO_L17P_T2U_N8_AD10P_45,2U,45,HP,0,NA
AM40,IO_L17N_T2U_N9_AD10N_45,2U,45,HP,0,NA
AP41,IO_L16P_T2U_N6_QBC_AD3P_45,2U,45,HP,0,NA
AR41,IO_L16N_T2U_N7_QBC_AD3N_45,2U,45,HP,0,NA
AM41,IO_L15P_T2L_N4_AD11P_45,2L,45,HP,0,NA
AM42,IO_L15N_T2L_N5_AD11N_45,2L,45,HP,0,NA
AP40,IO_L14P_T2L_N2_GC_45,2L,45,HP,0,NA
AR40,IO_L14N_T2L_N3_GC_45,2L,45,HP,0,NA
AL42,IO_T2U_N12_45,2U,45,HP,0,NA
AN39,IO_L13P_T2L_N0_GC_QBC_45,2L,45,HP,0,NA
AP39,IO_L13N_T2L_N1_GC_QBC_45,2L,45,HP,0,NA
AU39,IO_L12P_T1U_N10_GC_45,1U,45,HP,0,NA
AU40,IO_L12N_T1U_N11_GC_45,1U,45,HP,0,NA
AV38,IO_T1U_N12_45,1U,45,HP,0,NA
AT39,IO_L11P_T1U_N8_GC_45,1U,45,HP,0,NA
AT40,IO_L11N_T1U_N9_GC_45,1U,45,HP,0,NA
AU41,IO_L10P_T1U_N6_QBC_AD4P_45,1U,45,HP,0,NA
AU42,IO_L10N_T1U_N7_QBC_AD4N_45,1U,45,HP,0,NA
AR42,IO_L9P_T1L_N4_AD12P_45,1L,45,HP,0,NA
AT42,IO_L9N_T1L_N5_AD12N_45,1L,45,HP,0,NA
AR38,IO_L8P_T1L_N2_AD5P_45,1L,45,HP,0,NA
AT38,IO_L8N_T1L_N3_AD5N_45,1L,45,HP,0,NA
AT37,IO_L7P_T1L_N0_QBC_AD13P_45,1L,45,HP,0,NA
AU37,IO_L7N_T1L_N1_QBC_AD13N_45,1L,45,HP,0,NA
AY41,IO_L6P_T0U_N10_AD6P_45,0U,45,HP,0,NA
AY42,IO_L6N_T0U_N11_AD6N_45,0U,45,HP,0,NA
AV41,IO_L5P_T0U_N8_AD14P_45,0U,45,HP,0,NA
AV42,IO_L5N_T0U_N9_AD14N_45,0U,45,HP,0,NA
BA39,IO_L4P_T0U_N6_DBC_AD7P_45,0U,45,HP,0,NA
BB40,IO_L4N_T0U_N7_DBC_AD7N_45,0U,45,HP,0,NA
AW40,IO_L3P_T0L_N4_AD15P_45,0L,45,HP,0,NA
AW41,IO_L3N_T0L_N5_AD15N_45,0L,45,HP,0,NA
BA40,IO_L2P_T0L_N2_45,0L,45,HP,0,NA
BA41,IO_L2N_T0L_N3_45,0L,45,HP,0,NA
AV39,IO_T0U_N12_VRP_45,0U,45,HP,0,NA
AW39,IO_L1P_T0L_N0_DBC_45,0L,45,HP,0,NA
AY40,IO_L1N_T0L_N1_DBC_45,0L,45,HP,0,NA
AP36,VREF_45,NA,45,HP,0,NA
AH33,IO_L24P_T3U_N10_46,3U,46,HP,0,NA
AJ33,IO_L24N_T3U_N11_46,3U,46,HP,0,NA
AH32,IO_T3U_N12_46,3U,46,HP,0,NA
AL34,IO_L23P_T3U_N8_46,3U,46,HP,0,NA
AL35,IO_L23N_T3U_N9_46,3U,46,HP,0,NA
AH34,IO_L22P_T3U_N6_DBC_AD0P_46,3U,46,HP,0,NA
AJ34,IO_L22N_T3U_N7_DBC_AD0N_46,3U,46,HP,0,NA
AK32,IO_L21P_T3L_N4_AD8P_46,3L,46,HP,0,NA
AL32,IO_L21N_T3L_N5_AD8N_46,3L,46,HP,0,NA
AK35,IO_L20P_T3L_N2_AD1P_46,3L,46,HP,0,NA
AK36,IO_L20N_T3L_N3_AD1N_46,3L,46,HP,0,NA
AK33,IO_L19P_T3L_N0_DBC_AD9P_46,3L,46,HP,0,NA
AL33,IO_L19N_T3L_N1_DBC_AD9N_46,3L,46,HP,0,NA
AG31,IO_L18P_T2U_N10_AD2P_46,2U,46,HP,0,NA
AH31,IO_L18N_T2U_N11_AD2N_46,2U,46,HP,0,NA
AH28,IO_L17P_T2U_N8_AD10P_46,2U,46,HP,0,NA
AH29,IO_L17N_T2U_N9_AD10N_46,2U,46,HP,0,NA
AG29,IO_L16P_T2U_N6_QBC_AD3P_46,2U,46,HP,0,NA
AG30,IO_L16N_T2U_N7_QBC_AD3N_46,2U,46,HP,0,NA
AJ28,IO_L15P_T2L_N4_AD11P_46,2L,46,HP,0,NA
AJ29,IO_L15N_T2L_N5_AD11N_46,2L,46,HP,0,NA
AJ30,IO_L14P_T2L_N2_GC_46,2L,46,HP,0,NA
AJ31,IO_L14N_T2L_N3_GC_46,2L,46,HP,0,NA
AK28,IO_T2U_N12_46,2U,46,HP,0,NA
AK30,IO_L13P_T2L_N0_GC_QBC_46,2L,46,HP,0,NA
AK31,IO_L13N_T2L_N1_GC_QBC_46,2L,46,HP,0,NA
AL29,IO_L12P_T1U_N10_GC_46,1U,46,HP,0,NA
AL30,IO_L12N_T1U_N11_GC_46,1U,46,HP,0,NA
AL28,IO_T1U_N12_46,1U,46,HP,0,NA
AM29,IO_L11P_T1U_N8_GC_46,1U,46,HP,0,NA
AM30,IO_L11N_T1U_N9_GC_46,1U,46,HP,0,NA
AM27,IO_L10P_T1U_N6_QBC_AD4P_46,1U,46,HP,0,NA
AN27,IO_L10N_T1U_N7_QBC_AD4N_46,1U,46,HP,0,NA
AN28,IO_L9P_T1L_N4_AD12P_46,1L,46,HP,0,NA
AN29,IO_L9N_T1L_N5_AD12N_46,1L,46,HP,0,NA
AP29,IO_L8P_T1L_N2_AD5P_46,1L,46,HP,0,NA
AP30,IO_L8N_T1L_N3_AD5N_46,1L,46,HP,0,NA
AN31,IO_L7P_T1L_N0_QBC_AD13P_46,1L,46,HP,0,NA
AP31,IO_L7N_T1L_N1_QBC_AD13N_46,1L,46,HP,0,NA
AM35,IO_L6P_T0U_N10_AD6P_46,0U,46,HP,0,NA
AM36,IO_L6N_T0U_N11_AD6N_46,0U,46,HP,0,NA
AP35,IO_L5P_T0U_N8_AD14P_46,0U,46,HP,0,NA
AR35,IO_L5N_T0U_N9_AD14N_46,0U,46,HP,0,NA
AM34,IO_L4P_T0U_N6_DBC_AD7P_46,0U,46,HP,0,NA
AN34,IO_L4N_T0U_N7_DBC_AD7N_46,0U,46,HP,0,NA
AN33,IO_L3P_T0L_N4_AD15P_46,0L,46,HP,0,NA
AP34,IO_L3N_T0L_N5_AD15N_46,0L,46,HP,0,NA
AP33,IO_L2P_T0L_N2_46,0L,46,HP,0,NA
AR33,IO_L2N_T0L_N3_46,0L,46,HP,0,NA
AM31,IO_T0U_N12_VRP_46,0U,46,HP,0,NA
AM32,IO_L1P_T0L_N0_DBC_46,0L,46,HP,0,NA
AN32,IO_L1N_T0L_N1_DBC_46,0L,46,HP,0,NA
AL27,VREF_46,NA,46,HP,0,NA
W28,IO_L24P_T3U_N10_47,3U,47,HP,0,NA
Y28,IO_L24N_T3U_N11_47,3U,47,HP,0,NA
AB27,IO_T3U_N12_47,3U,47,HP,0,NA
AA28,IO_L23P_T3U_N8_47,3U,47,HP,0,NA
AA29,IO_L23N_T3U_N9_47,3U,47,HP,0,NA
Y27,IO_L22P_T3U_N6_DBC_AD0P_47,3U,47,HP,0,NA
AA27,IO_L22N_T3U_N7_DBC_AD0N_47,3U,47,HP,0,NA
Y30,IO_L21P_T3L_N4_AD8P_47,3L,47,HP,0,NA
AA30,IO_L21N_T3L_N5_AD8N_47,3L,47,HP,0,NA
AB29,IO_L20P_T3L_N2_AD1P_47,3L,47,HP,0,NA
AB30,IO_L20N_T3L_N3_AD1N_47,3L,47,HP,0,NA
W29,IO_L19P_T3L_N0_DBC_AD9P_47,3L,47,HP,0,NA
W30,IO_L19N_T3L_N1_DBC_AD9N_47,3L,47,HP,0,NA
W31,IO_L18P_T2U_N10_AD2P_47,2U,47,HP,0,NA
Y31,IO_L18N_T2U_N11_AD2N_47,2U,47,HP,0,NA
AA34,IO_L17P_T2U_N8_AD10P_47,2U,47,HP,0,NA
AB34,IO_L17N_T2U_N9_AD10N_47,2U,47,HP,0,NA
W33,IO_L16P_T2U_N6_QBC_AD3P_47,2U,47,HP,0,NA
W34,IO_L16N_T2U_N7_QBC_AD3N_47,2U,47,HP,0,NA
Y32,IO_L15P_T2L_N4_AD11P_47,2L,47,HP,0,NA
Y33,IO_L15N_T2L_N5_AD11N_47,2L,47,HP,0,NA
AA32,IO_L14P_T2L_N2_GC_47,2L,47,HP,0,NA
AA33,IO_L14N_T2L_N3_GC_47,2L,47,HP,0,NA
AC34,IO_T2U_N12_47,2U,47,HP,0,NA
AB31,IO_L13P_T2L_N0_GC_QBC_47,2L,47,HP,0,NA
AB32,IO_L13N_T2L_N1_GC_QBC_47,2L,47,HP,0,NA
AC32,IO_L12P_T1U_N10_GC_47,1U,47,HP,0,NA
AC33,IO_L12N_T1U_N11_GC_47,1U,47,HP,0,NA
AE32,IO_T1U_N12_47,1U,47,HP,0,NA
AC31,IO_L11P_T1U_N8_GC_47,1U,47,HP,0,NA
AD31,IO_L11N_T1U_N9_GC_47,1U,47,HP,0,NA
AD33,IO_L10P_T1U_N6_QBC_AD4P_47,1U,47,HP,0,NA
AD34,IO_L10N_T1U_N7_QBC_AD4N_47,1U,47,HP,0,NA
AF32,IO_L9P_T1L_N4_AD12P_47,1L,47,HP,0,NA
AG32,IO_L9N_T1L_N5_AD12N_47,1L,47,HP,0,NA
AE33,IO_L8P_T1L_N2_AD5P_47,1L,47,HP,0,NA
AF33,IO_L8N_T1L_N3_AD5N_47,1L,47,HP,0,NA
AF34,IO_L7P_T1L_N0_QBC_AD13P_47,1L,47,HP,0,NA
AG34,IO_L7N_T1L_N1_QBC_AD13N_47,1L,47,HP,0,NA
AC28,IO_L6P_T0U_N10_AD6P_47,0U,47,HP,0,NA
AC29,IO_L6N_T0U_N11_AD6N_47,0U,47,HP,0,NA
AF29,IO_L5P_T0U_N8_AD14P_47,0U,47,HP,0,NA
AF30,IO_L5N_T0U_N9_AD14N_47,0U,47,HP,0,NA
AD29,IO_L4P_T0U_N6_DBC_AD7P_47,0U,47,HP,0,NA
AD30,IO_L4N_T0U_N7_DBC_AD7N_47,0U,47,HP,0,NA
AD28,IO_L3P_T0L_N4_AD15P_47,0L,47,HP,0,NA
AE28,IO_L3N_T0L_N5_AD15N_47,0L,47,HP,0,NA
AE30,IO_L2P_T0L_N2_47,0L,47,HP,0,NA
AE31,IO_L2N_T0L_N3_47,0L,47,HP,0,NA
AE27,IO_T0U_N12_VRP_47,0U,47,HP,0,NA
AF27,IO_L1P_T0L_N0_DBC_47,0L,47,HP,0,NA
AF28,IO_L1N_T0L_N1_DBC_47,0L,47,HP,0,NA
AC27,VREF_47,NA,47,HP,0,NA
U29,IO_L24P_T3U_N10_48,3U,48,HP,0,NA
T29,IO_L24N_T3U_N11_48,3U,48,HP,0,NA
R27,IO_T3U_N12_48,3U,48,HP,0,NA
P28,IO_L23P_T3U_N8_48,3U,48,HP,0,NA
P29,IO_L23N_T3U_N9_48,3U,48,HP,0,NA
V28,IO_L22P_T3U_N6_DBC_AD0P_48,3U,48,HP,0,NA
V29,IO_L22N_T3U_N7_DBC_AD0N_48,3U,48,HP,0,NA
T28,IO_L21P_T3L_N4_AD8P_48,3L,48,HP,0,NA
R28,IO_L21N_T3L_N5_AD8N_48,3L,48,HP,0,NA
U30,IO_L20P_T3L_N2_AD1P_48,3L,48,HP,0,NA
T30,IO_L20N_T3L_N3_AD1N_48,3L,48,HP,0,NA
R30,IO_L19P_T3L_N0_DBC_AD9P_48,3L,48,HP,0,NA
P30,IO_L19N_T3L_N1_DBC_AD9N_48,3L,48,HP,0,NA
N26,IO_L18P_T2U_N10_AD2P_48,2U,48,HP,0,NA
N27,IO_L18N_T2U_N11_AD2N_48,2U,48,HP,0,NA
K30,IO_L17P_T2U_N8_AD10P_48,2U,48,HP,0,NA
K31,IO_L17N_T2U_N9_AD10N_48,2U,48,HP,0,NA
M29,IO_L16P_T2U_N6_QBC_AD3P_48,2U,48,HP,0,NA
L29,IO_L16N_T2U_N7_QBC_AD3N_48,2U,48,HP,0,NA
L28,IO_L15P_T2L_N4_AD11P_48,2L,48,HP,0,NA
K28,IO_L15N_T2L_N5_AD11N_48,2L,48,HP,0,NA
N28,IO_L14P_T2L_N2_GC_48,2L,48,HP,0,NA
N29,IO_L14N_T2L_N3_GC_48,2L,48,HP,0,NA
P26,IO_T2U_N12_48,2U,48,HP,0,NA
M30,IO_L13P_T2L_N0_GC_QBC_48,2L,48,HP,0,NA
L30,IO_L13N_T2L_N1_GC_QBC_48,2L,48,HP,0,NA
N32,IO_L12P_T1U_N10_GC_48,1U,48,HP,0,NA
M32,IO_L12N_T1U_N11_GC_48,1U,48,HP,0,NA
P31,IO_T1U_N12_48,1U,48,HP,0,NA
N31,IO_L11P_T1U_N8_GC_48,1U,48,HP,0,NA
M31,IO_L11N_T1U_N9_GC_48,1U,48,HP,0,NA
L32,IO_L10P_T1U_N6_QBC_AD4P_48,1U,48,HP,0,NA
L33,IO_L10N_T1U_N7_QBC_AD4N_48,1U,48,HP,0,NA
M34,IO_L9P_T1L_N4_AD12P_48,1L,48,HP,0,NA
L34,IO_L9N_T1L_N5_AD12N_48,1L,48,HP,0,NA
P33,IO_L8P_T1L_N2_AD5P_48,1L,48,HP,0,NA
N33,IO_L8N_T1L_N3_AD5N_48,1L,48,HP,0,NA
P34,IO_L7P_T1L_N0_QBC_AD13P_48,1L,48,HP,0,NA
N34,IO_L7N_T1L_N1_QBC_AD13N_48,1L,48,HP,0,NA
R31,IO_L6P_T0U_N10_AD6P_48,0U,48,HP,0,NA
R32,IO_L6N_T0U_N11_AD6N_48,0U,48,HP,0,NA
T33,IO_L5P_T0U_N8_AD14P_48,0U,48,HP,0,NA
T34,IO_L5N_T0U_N9_AD14N_48,0U,48,HP,0,NA
V32,IO_L4P_T0U_N6_DBC_AD7P_48,0U,48,HP,0,NA
V33,IO_L4N_T0U_N7_DBC_AD7N_48,0U,48,HP,0,NA
U32,IO_L3P_T0L_N4_AD15P_48,0L,48,HP,0,NA
T32,IO_L3N_T0L_N5_AD15N_48,0L,48,HP,0,NA
V31,IO_L2P_T0L_N2_48,0L,48,HP,0,NA
U31,IO_L2N_T0L_N3_48,0L,48,HP,0,NA
R33,IO_T0U_N12_VRP_48,0U,48,HP,0,NA
V34,IO_L1P_T0L_N0_DBC_48,0L,48,HP,0,NA
U34,IO_L1N_T0L_N1_DBC_48,0L,48,HP,0,NA
V27,VREF_48,NA,48,HP,0,NA
A13,IO_L24P_T3U_N10_49,3U,49,HP,1,NA
A12,IO_L24N_T3U_N11_49,3U,49,HP,1,NA
D15,IO_T3U_N12_49,3U,49,HP,1,NA
B15,IO_L23P_T3U_N8_49,3U,49,HP,1,NA
A15,IO_L23N_T3U_N9_49,3U,49,HP,1,NA
C12,IO_L22P_T3U_N6_DBC_AD0P_49,3U,49,HP,1,NA
B12,IO_L22N_T3U_N7_DBC_AD0N_49,3U,49,HP,1,NA
B14,IO_L21P_T3L_N4_AD8P_49,3L,49,HP,1,NA
A14,IO_L21N_T3L_N5_AD8N_49,3L,49,HP,1,NA
D13,IO_L20P_T3L_N2_AD1P_49,3L,49,HP,1,NA
C13,IO_L20N_T3L_N3_AD1N_49,3L,49,HP,1,NA
D14,IO_L19P_T3L_N0_DBC_AD9P_49,3L,49,HP,1,NA
C14,IO_L19N_T3L_N1_DBC_AD9N_49,3L,49,HP,1,NA
F15,IO_L18P_T2U_N10_AD2P_49,2U,49,HP,1,NA
E15,IO_L18N_T2U_N11_AD2N_49,2U,49,HP,1,NA
F12,IO_L17P_T2U_N8_AD10P_49,2U,49,HP,1,NA
E12,IO_L17N_T2U_N9_AD10N_49,2U,49,HP,1,NA
F14,IO_L16P_T2U_N6_QBC_AD3P_49,2U,49,HP,1,NA
F13,IO_L16N_T2U_N7_QBC_AD3N_49,2U,49,HP,1,NA
H12,IO_L15P_T2L_N4_AD11P_49,2L,49,HP,1,NA
G12,IO_L15N_T2L_N5_AD11N_49,2L,49,HP,1,NA
G15,IO_L14P_T2L_N2_GC_49,2L,49,HP,1,NA
G14,IO_L14N_T2L_N3_GC_49,2L,49,HP,1,NA
E13,IO_T2U_N12_49,2U,49,HP,1,NA
H14,IO_L13P_T2L_N0_GC_QBC_49,2L,49,HP,1,NA
H13,IO_L13N_T2L_N1_GC_QBC_49,2L,49,HP,1,NA
J14,IO_L12P_T1U_N10_GC_49,1U,49,HP,1,NA
J13,IO_L12N_T1U_N11_GC_49,1U,49,HP,1,NA
L15,IO_T1U_N12_49,1U,49,HP,1,NA
K15,IO_L11P_T1U_N8_GC_49,1U,49,HP,1,NA
J15,IO_L11N_T1U_N9_GC_49,1U,49,HP,1,NA
J11,IO_L10P_T1U_N6_QBC_AD4P_49,1U,49,HP,1,NA
J10,IO_L10N_T1U_N7_QBC_AD4N_49,1U,49,HP,1,NA
K13,IO_L9P_T1L_N4_AD12P_49,1L,49,HP,1,NA
K12,IO_L9N_T1L_N5_AD12N_49,1L,49,HP,1,NA
K11,IO_L8P_T1L_N2_AD5P_49,1L,49,HP,1,NA
K10,IO_L8N_T1L_N3_AD5N_49,1L,49,HP,1,NA
L14,IO_L7P_T1L_N0_QBC_AD13P_49,1L,49,HP,1,NA
L13,IO_L7N_T1L_N1_QBC_AD13N_49,1L,49,HP,1,NA
M10,IO_L6P_T0U_N10_AD6P_49,0U,49,HP,1,NA
L10,IO_L6N_T0U_N11_AD6N_49,0U,49,HP,1,NA
M12,IO_L5P_T0U_N8_AD14P_49,0U,49,HP,1,NA
L12,IO_L5N_T0U_N9_AD14N_49,0U,49,HP,1,NA
N11,IO_L4P_T0U_N6_DBC_AD7P_49,0U,49,HP,1,NA
M11,IO_L4N_T0U_N7_DBC_AD7N_49,0U,49,HP,1,NA
N13,IO_L3P_T0L_N4_AD15P_49,0L,49,HP,1,NA
N12,IO_L3N_T0L_N5_AD15N_49,0L,49,HP,1,NA
P11,IO_L2P_T0L_N2_49,0L,49,HP,1,NA
P10,IO_L2N_T0L_N3_49,0L,49,HP,1,NA
P13,IO_T0U_N12_VRP_49,0U,49,HP,1,NA
N14,IO_L1P_T0L_N0_DBC_49,0L,49,HP,1,NA
M14,IO_L1N_T0L_N1_DBC_49,0L,49,HP,1,NA
P14,VREF_49,NA,49,HP,1,NA
A18,IO_L24P_T3U_N10_50,3U,50,HP,1,NA
A17,IO_L24N_T3U_N11_50,3U,50,HP,1,NA
B20,IO_T3U_N12_50,3U,50,HP,1,NA
A20,IO_L23P_T3U_N8_50,3U,50,HP,1,NA
A19,IO_L23N_T3U_N9_50,3U,50,HP,1,NA
B17,IO_L22P_T3U_N6_DBC_AD0P_50,3U,50,HP,1,NA
B16,IO_L22N_T3U_N7_DBC_AD0N_50,3U,50,HP,1,NA
C19,IO_L21P_T3L_N4_AD8P_50,3L,50,HP,1,NA
B19,IO_L21N_T3L_N5_AD8N_50,3L,50,HP,1,NA
D16,IO_L20P_T3L_N2_AD1P_50,3L,50,HP,1,NA
C16,IO_L20N_T3L_N3_AD1N_50,3L,50,HP,1,NA
C18,IO_L19P_T3L_N0_DBC_AD9P_50,3L,50,HP,1,NA
C17,IO_L19N_T3L_N1_DBC_AD9N_50,3L,50,HP,1,NA
E18,IO_L18P_T2U_N10_AD2P_50,2U,50,HP,1,NA
D18,IO_L18N_T2U_N11_AD2N_50,2U,50,HP,1,NA
D20,IO_L17P_T2U_N8_AD10P_50,2U,50,HP,1,NA
D19,IO_L17N_T2U_N9_AD10N_50,2U,50,HP,1,NA
E17,IO_L16P_T2U_N6_QBC_AD3P_50,2U,50,HP,1,NA
E16,IO_L16N_T2U_N7_QBC_AD3N_50,2U,50,HP,1,NA
F20,IO_L15P_T2L_N4_AD11P_50,2L,50,HP,1,NA
E20,IO_L15N_T2L_N5_AD11N_50,2L,50,HP,1,NA
F18,IO_L14P_T2L_N2_GC_50,2L,50,HP,1,NA
F17,IO_L14N_T2L_N3_GC_50,2L,50,HP,1,NA
G20,IO_T2U_N12_50,2U,50,HP,1,NA
G19,IO_L13P_T2L_N0_GC_QBC_50,2L,50,HP,1,NA
F19,IO_L13N_T2L_N1_GC_QBC_50,2L,50,HP,1,NA
H17,IO_L12P_T1U_N10_GC_50,1U,50,HP,1,NA
G17,IO_L12N_T1U_N11_GC_50,1U,50,HP,1,NA
J19,IO_T1U_N12_50,1U,50,HP,1,NA
H19,IO_L11P_T1U_N8_GC_50,1U,50,HP,1,NA
H18,IO_L11N_T1U_N9_GC_50,1U,50,HP,1,NA
H16,IO_L10P_T1U_N6_QBC_AD4P_50,1U,50,HP,1,NA
G16,IO_L10N_T1U_N7_QBC_AD4N_50,1U,50,HP,1,NA
K18,IO_L9P_T1L_N4_AD12P_50,1L,50,HP,1,NA
J18,IO_L9N_T1L_N5_AD12N_50,1L,50,HP,1,NA
K16,IO_L8P_T1L_N2_AD5P_50,1L,50,HP,1,NA
J16,IO_L8N_T1L_N3_AD5N_50,1L,50,HP,1,NA
L17,IO_L7P_T1L_N0_QBC_AD13P_50,1L,50,HP,1,NA
K17,IO_L7N_T1L_N1_QBC_AD13N_50,1L,50,HP,1,NA
L19,IO_L6P_T0U_N10_AD6P_50,0U,50,HP,1,NA
L18,IO_L6N_T0U_N11_AD6N_50,0U,50,HP,1,NA
N17,IO_L5P_T0U_N8_AD14P_50,0U,50,HP,1,NA
M17,IO_L5N_T0U_N9_AD14N_50,0U,50,HP,1,NA
N19,IO_L4P_T0U_N6_DBC_AD7P_50,0U,50,HP,1,NA
M19,IO_L4N_T0U_N7_DBC_AD7N_50,0U,50,HP,1,NA
M16,IO_L3P_T0L_N4_AD15P_50,0L,50,HP,1,NA
M15,IO_L3N_T0L_N5_AD15N_50,0L,50,HP,1,NA
P18,IO_L2P_T0L_N2_50,0L,50,HP,1,NA
N18,IO_L2N_T0L_N3_50,0L,50,HP,1,NA
P15,IO_T0U_N12_VRP_50,0U,50,HP,1,NA
P16,IO_L1P_T0L_N0_DBC_50,0L,50,HP,1,NA
N16,IO_L1N_T0L_N1_DBC_50,0L,50,HP,1,NA
P19,VREF_50,NA,50,HP,1,NA
C23,IO_L24P_T3U_N10_51,3U,51,HP,1,NA
C22,IO_L24N_T3U_N11_51,3U,51,HP,1,NA
B25,IO_T3U_N12_51,3U,51,HP,1,NA
A25,IO_L23P_T3U_N8_51,3U,51,HP,1,NA
A24,IO_L23N_T3U_N9_51,3U,51,HP,1,NA
B22,IO_L22P_T3U_N6_DBC_AD0P_51,3U,51,HP,1,NA
B21,IO_L22N_T3U_N7_DBC_AD0N_51,3U,51,HP,1,NA
A23,IO_L21P_T3L_N4_AD8P_51,3L,51,HP,1,NA
A22,IO_L21N_T3L_N5_AD8N_51,3L,51,HP,1,NA
D21,IO_L20P_T3L_N2_AD1P_51,3L,51,HP,1,NA
C21,IO_L20N_T3L_N3_AD1N_51,3L,51,HP,1,NA
C24,IO_L19P_T3L_N0_DBC_AD9P_51,3L,51,HP,1,NA
B24,IO_L19N_T3L_N1_DBC_AD9N_51,3L,51,HP,1,NA
F24,IO_L18P_T2U_N10_AD2P_51,2U,51,HP,1,NA
F23,IO_L18N_T2U_N11_AD2N_51,2U,51,HP,1,NA
D25,IO_L17P_T2U_N8_AD10P_51,2U,51,HP,1,NA
D24,IO_L17N_T2U_N9_AD10N_51,2U,51,HP,1,NA
E22,IO_L16P_T2U_N6_QBC_AD3P_51,2U,51,HP,1,NA
E21,IO_L16N_T2U_N7_QBC_AD3N_51,2U,51,HP,1,NA
E23,IO_L15P_T2L_N4_AD11P_51,2L,51,HP,1,NA
D23,IO_L15N_T2L_N5_AD11N_51,2L,51,HP,1,NA
G22,IO_L14P_T2L_N2_GC_51,2L,51,HP,1,NA
G21,IO_L14N_T2L_N3_GC_51,2L,51,HP,1,NA
F22,IO_T2U_N12_51,2U,51,HP,1,NA
H24,IO_L13P_T2L_N0_GC_QBC_51,2L,51,HP,1,NA
G24,IO_L13N_T2L_N1_GC_QBC_51,2L,51,HP,1,NA
J21,IO_L12P_T1U_N10_GC_51,1U,51,HP,1,NA
H21,IO_L12N_T1U_N11_GC_51,1U,51,HP,1,NA
J24,IO_T1U_N12_51,1U,51,HP,1,NA
H23,IO_L11P_T1U_N8_GC_51,1U,51,HP,1,NA
H22,IO_L11N_T1U_N9_GC_51,1U,51,HP,1,NA
K21,IO_L10P_T1U_N6_QBC_AD4P_51,1U,51,HP,1,NA
J20,IO_L10N_T1U_N7_QBC_AD4N_51,1U,51,HP,1,NA
K23,IO_L9P_T1L_N4_AD12P_51,1L,51,HP,1,NA
J23,IO_L9N_T1L_N5_AD12N_51,1L,51,HP,1,NA
L20,IO_L8P_T1L_N2_AD5P_51,1L,51,HP,1,NA
K20,IO_L8N_T1L_N3_AD5N_51,1L,51,HP,1,NA
L22,IO_L7P_T1L_N0_QBC_AD13P_51,1L,51,HP,1,NA
K22,IO_L7N_T1L_N1_QBC_AD13N_51,1L,51,HP,1,NA
L24,IO_L6P_T0U_N10_AD6P_51,0U,51,HP,1,NA
L23,IO_L6N_T0U_N11_AD6N_51,0U,51,HP,1,NA
M21,IO_L5P_T0U_N8_AD14P_51,0U,51,HP,1,NA
M20,IO_L5N_T0U_N9_AD14N_51,0U,51,HP,1,NA
N24,IO_L4P_T0U_N6_DBC_AD7P_51,0U,51,HP,1,NA
M24,IO_L4N_T0U_N7_DBC_AD7N_51,0U,51,HP,1,NA
N22,IO_L3P_T0L_N4_AD15P_51,0L,51,HP,1,NA
M22,IO_L3N_T0L_N5_AD15N_51,0L,51,HP,1,NA
P23,IO_L2P_T0L_N2_51,0L,51,HP,1,NA
N23,IO_L2N_T0L_N3_51,0L,51,HP,1,NA
P20,IO_T0U_N12_VRP_51,0U,51,HP,1,NA
P21,IO_L1P_T0L_N0_DBC_51,0L,51,HP,1,NA
N21,IO_L1N_T0L_N1_DBC_51,0L,51,HP,1,NA
P24,VREF_51,NA,51,HP,1,NA
B30,IO_L24P_T3U_N10_52,3U,52,HP,1,NA
A30,IO_L24N_T3U_N11_52,3U,52,HP,1,NA
E28,IO_T3U_N12_52,3U,52,HP,1,NA
A28,IO_L23P_T3U_N8_52,3U,52,HP,1,NA
A29,IO_L23N_T3U_N9_52,3U,52,HP,1,NA
C31,IO_L22P_T3U_N6_DBC_AD0P_52,3U,52,HP,1,NA
B31,IO_L22N_T3U_N7_DBC_AD0N_52,3U,52,HP,1,NA
C29,IO_L21P_T3L_N4_AD8P_52,3L,52,HP,1,NA
B29,IO_L21N_T3L_N5_AD8N_52,3L,52,HP,1,NA
D29,IO_L20P_T3L_N2_AD1P_52,3L,52,HP,1,NA
D30,IO_L20N_T3L_N3_AD1N_52,3L,52,HP,1,NA
D28,IO_L19P_T3L_N0_DBC_AD9P_52,3L,52,HP,1,NA
C28,IO_L19N_T3L_N1_DBC_AD9N_52,3L,52,HP,1,NA
D34,IO_L18P_T2U_N10_AD2P_52,2U,52,HP,1,NA
C34,IO_L18N_T2U_N11_AD2N_52,2U,52,HP,1,NA
A32,IO_L17P_T2U_N8_AD10P_52,2U,52,HP,1,NA
A33,IO_L17N_T2U_N9_AD10N_52,2U,52,HP,1,NA
B34,IO_L16P_T2U_N6_QBC_AD3P_52,2U,52,HP,1,NA
A34,IO_L16N_T2U_N7_QBC_AD3N_52,2U,52,HP,1,NA
C32,IO_L15P_T2L_N4_AD11P_52,2L,52,HP,1,NA
B32,IO_L15N_T2L_N5_AD11N_52,2L,52,HP,1,NA
E32,IO_L14P_T2L_N2_GC_52,2L,52,HP,1,NA
D33,IO_L14N_T2L_N3_GC_52,2L,52,HP,1,NA
C33,IO_T2U_N12_52,2U,52,HP,1,NA
E31,IO_L13P_T2L_N0_GC_QBC_52,2L,52,HP,1,NA
D31,IO_L13N_T2L_N1_GC_QBC_52,2L,52,HP,1,NA
G31,IO_L12P_T1U_N10_GC_52,1U,52,HP,1,NA
F32,IO_L12N_T1U_N11_GC_52,1U,52,HP,1,NA
H28,IO_T1U_N12_52,1U,52,HP,1,NA
F30,IO_L11P_T1U_N8_GC_52,1U,52,HP,1,NA
E30,IO_L11N_T1U_N9_GC_52,1U,52,HP,1,NA
G29,IO_L10P_T1U_N6_QBC_AD4P_52,1U,52,HP,1,NA
G30,IO_L10N_T1U_N7_QBC_AD4N_52,1U,52,HP,1,NA
F28,IO_L9P_T1L_N4_AD12P_52,1L,52,HP,1,NA
F29,IO_L9N_T1L_N5_AD12N_52,1L,52,HP,1,NA
J30,IO_L8P_T1L_N2_AD5P_52,1L,52,HP,1,NA
H31,IO_L8N_T1L_N3_AD5N_52,1L,52,HP,1,NA
J29,IO_L7P_T1L_N0_QBC_AD13P_52,1L,52,HP,1,NA
H29,IO_L7N_T1L_N1_QBC_AD13N_52,1L,52,HP,1,NA
J34,IO_L6P_T0U_N10_AD6P_52,0U,52,HP,1,NA
H34,IO_L6N_T0U_N11_AD6N_52,0U,52,HP,1,NA
J33,IO_L5P_T0U_N8_AD14P_52,0U,52,HP,1,NA
H33,IO_L5N_T0U_N9_AD14N_52,0U,52,HP,1,NA
K32,IO_L4P_T0U_N6_DBC_AD7P_52,0U,52,HP,1,NA
K33,IO_L4N_T0U_N7_DBC_AD7N_52,0U,52,HP,1,NA
F33,IO_L3P_T0L_N4_AD15P_52,0L,52,HP,1,NA
E33,IO_L3N_T0L_N5_AD15N_52,0L,52,HP,1,NA
H32,IO_L2P_T0L_N2_52,0L,52,HP,1,NA
G32,IO_L2N_T0L_N3_52,0L,52,HP,1,NA
J31,IO_T0U_N12_VRP_52,0U,52,HP,1,NA
G34,IO_L1P_T0L_N0_DBC_52,0L,52,HP,1,NA
F34,IO_L1N_T0L_N1_DBC_52,0L,52,HP,1,NA
J28,VREF_52,NA,52,HP,1,NA
AR27,IO_L24P_T3U_N10_EMCCLK_65,3U,65,HR,0,NA
AT27,IO_L24N_T3U_N11_DOUT_CSO_B_65,3U,65,HR,0,NA
AP28,IO_T3U_N12_PERSTN0_65,3U,65,HR,0,NA
AR28,IO_L23P_T3U_N8_I2C_SCLK_65,3U,65,HR,0,NA
AT28,IO_L23N_T3U_N9_I2C_SDA_65,3U,65,HR,0,NA
AV26,IO_L22P_T3U_N6_DBC_AD0P_D04_65,3U,65,HR,0,NA
AV27,IO_L22N_T3U_N7_DBC_AD0N_D05_65,3U,65,HR,0,NA
AU29,IO_L21P_T3L_N4_AD8P_D06_65,3L,65,HR,0,NA
AV29,IO_L21N_T3L_N5_AD8N_D07_65,3L,65,HR,0,NA
AU25,IO_L20P_T3L_N2_AD1P_D08_65,3L,65,HR,0,NA
AU26,IO_L20N_T3L_N3_AD1N_D09_65,3L,65,HR,0,NA
AU27,IO_L19P_T3L_N0_DBC_AD9P_D10_65,3L,65,HR,0,NA
AV28,IO_L19N_T3L_N1_DBC_AD9N_D11_65,3L,65,HR,0,NA
BB26,IO_L18P_T2U_N10_AD2P_D12_65,2U,65,HR,0,NA
BB27,IO_L18N_T2U_N11_AD2N_D13_65,2U,65,HR,0,NA
AW28,IO_L17P_T2U_N8_AD10P_D14_65,2U,65,HR,0,NA
AW29,IO_L17N_T2U_N9_AD10N_D15_65,2U,65,HR,0,NA
BA25,IO_L16P_T2U_N6_QBC_AD3P_A00_D16_65,2U,65,HR,0,NA
BB25,IO_L16N_T2U_N7_QBC_AD3N_A01_D17_65,2U,65,HR,0,NA
AY28,IO_L15P_T2L_N4_AD11P_A02_D18_65,2L,65,HR,0,NA
BA28,IO_L15N_T2L_N5_AD11N_A03_D19_65,2L,65,HR,0,NA
AY25,IO_L14P_T2L_N2_GC_A04_D20_65,2L,65,HR,0,NA
AY26,IO_L14N_T2L_N3_GC_A05_D21_65,2L,65,HR,0,NA
BA27,IO_T2U_N12_CSI_ADV_B_65,2U,65,HR,0,NA
AW26,IO_L13P_T2L_N0_GC_QBC_A06_D22_65,2L,65,HR,0,NA
AY27,IO_L13N_T2L_N1_GC_QBC_A07_D23_65,2L,65,HR,0,NA
AR23,VREF_65,NA,65,HR,0,NA
AW23,IO_L12P_T1U_N10_GC_A08_D24_65,1U,65,HR,0,NA
AY23,IO_L12N_T1U_N11_GC_A09_D25_65,1U,65,HR,0,NA
BB24,IO_T1U_N12_PERSTN1_65,1U,65,HR,0,NA
AW24,IO_L11P_T1U_N8_GC_A10_D26_65,1U,65,HR,0,NA
AW25,IO_L11N_T1U_N9_GC_A11_D27_65,1U,65,HR,0,NA
BB21,IO_L10P_T1U_N6_QBC_AD4P_A12_D28_65,1U,65,HR,0,NA
BB22,IO_L10N_T1U_N7_QBC_AD4N_A13_D29_65,1U,65,HR,0,NA
BA23,IO_L9P_T1L_N4_AD12P_A14_D30_65,1L,65,HR,0,NA
BA24,IO_L9N_T1L_N5_AD12N_A15_D31_65,1L,65,HR,0,NA
AW21,IO_L8P_T1L_N2_AD5P_A16_65,1L,65,HR,0,NA
AY21,IO_L8N_T1L_N3_AD5N_A17_65,1L,65,HR,0,NA
AY22,IO_L7P_T1L_N0_QBC_AD13P_A18_65,1L,65,HR,0,NA
BA22,IO_L7N_T1L_N1_QBC_AD13N_A19_65,1L,65,HR,0,NA
AT22,IO_L6P_T0U_N10_AD6P_A20_65,0U,65,HR,0,NA
AT23,IO_L6N_T0U_N11_AD6N_A21_65,0U,65,HR,0,NA
AR25,IO_L5P_T0U_N8_AD14P_A22_65,0U,65,HR,0,NA
AR26,IO_L5N_T0U_N9_AD14N_A23_65,0U,65,HR,0,NA
AU22,IO_L4P_T0U_N6_DBC_AD7P_A24_65,0U,65,HR,0,NA
AV23,IO_L4N_T0U_N7_DBC_AD7N_A25_65,0U,65,HR,0,NA
AT24,IO_L3P_T0L_N4_AD15P_A26_65,0L,65,HR,0,NA
AT25,IO_L3N_T0L_N5_AD15N_A27_65,0L,65,HR,0,NA
AV21,IO_L2P_T0L_N2_FOE_B_65,0L,65,HR,0,NA
AV22,IO_L2N_T0L_N3_FWE_FCS2_B_65,0L,65,HR,0,NA
AU21,IO_T0U_N12_A28_65,0U,65,HR,0,NA
AU24,IO_L1P_T0L_N0_DBC_RS0_65,0L,65,HR,0,NA
AV24,IO_L1N_T0L_N1_DBC_RS1_65,0L,65,HR,0,NA
AG12,IO_L24P_T3U_N10_66,3U,66,HP,0,NA
AG11,IO_L24N_T3U_N11_66,3U,66,HP,0,NA
AH14,IO_T3U_N12_66,3U,66,HP,0,NA
AH12,IO_L23P_T3U_N8_66,3U,66,HP,0,NA
AH11,IO_L23N_T3U_N9_66,3U,66,HP,0,NA
AJ11,IO_L22P_T3U_N6_DBC_AD0P_66,3U,66,HP,0,NA
AJ10,IO_L22N_T3U_N7_DBC_AD0N_66,3U,66,HP,0,NA
AH13,IO_L21P_T3L_N4_AD8P_66,3L,66,HP,0,NA
AJ13,IO_L21N_T3L_N5_AD8N_66,3L,66,HP,0,NA
AK11,IO_L20P_T3L_N2_AD1P_66,3L,66,HP,0,NA
AK10,IO_L20N_T3L_N3_AD1N_66,3L,66,HP,0,NA
AK13,IO_L19P_T3L_N0_DBC_AD9P_66,3L,66,HP,0,NA
AK12,IO_L19N_T3L_N1_DBC_AD9N_66,3L,66,HP,0,NA
AM12,IO_L18P_T2U_N10_AD2P_66,2U,66,HP,0,NA
AN12,IO_L18N_T2U_N11_AD2N_66,2U,66,HP,0,NA
AL10,IO_L17P_T2U_N8_AD10P_66,2U,66,HP,0,NA
AM10,IO_L17N_T2U_N9_AD10N_66,2U,66,HP,0,NA
AR13,IO_L16P_T2U_N6_QBC_AD3P_66,2U,66,HP,0,NA
AR12,IO_L16N_T2U_N7_QBC_AD3N_66,2U,66,HP,0,NA
AM11,IO_L15P_T2L_N4_AD11P_66,2L,66,HP,0,NA
AN11,IO_L15N_T2L_N5_AD11N_66,2L,66,HP,0,NA
AM14,IO_L14P_T2L_N2_GC_66,2L,66,HP,0,NA
AN13,IO_L14N_T2L_N3_GC_66,2L,66,HP,0,NA
AP13,IO_T2U_N12_66,2U,66,HP,0,NA
AL13,IO_L13P_T2L_N0_GC_QBC_66,2L,66,HP,0,NA
AL12,IO_L13N_T2L_N1_GC_QBC_66,2L,66,HP,0,NA
AK16,IO_L12P_T1U_N10_GC_66,1U,66,HP,0,NA
AK15,IO_L12N_T1U_N11_GC_66,1U,66,HP,0,NA
AK17,IO_T1U_N12_66,1U,66,HP,0,NA
AL15,IO_L11P_T1U_N8_GC_66,1U,66,HP,0,NA
AL14,IO_L11N_T1U_N9_GC_66,1U,66,HP,0,NA
AL17,IO_L10P_T1U_N6_QBC_AD4P_66,1U,66,HP,0,NA
AM17,IO_L10N_T1U_N7_QBC_AD4N_66,1U,66,HP,0,NA
AJ15,IO_L9P_T1L_N4_AD12P_66,1L,66,HP,0,NA
AJ14,IO_L9N_T1L_N5_AD12N_66,1L,66,HP,0,NA
AK18,IO_L8P_T1L_N2_AD5P_66,1L,66,HP,0,NA
AL18,IO_L8N_T1L_N3_AD5N_66,1L,66,HP,0,NA
AH16,IO_L7P_T1L_N0_QBC_AD13P_66,1L,66,HP,0,NA
AJ16,IO_L7N_T1L_N1_QBC_AD13N_66,1L,66,HP,0,NA
AP15,IO_L6P_T0U_N10_AD6P_66,0U,66,HP,0,NA
AP14,IO_L6N_T0U_N11_AD6N_66,0U,66,HP,0,NA
AM15,IO_L5P_T0U_N8_AD14P_66,0U,66,HP,0,NA
AN14,IO_L5N_T0U_N9_AD14N_66,0U,66,HP,0,NA
AR17,IO_L4P_T0U_N6_DBC_AD7P_66,0U,66,HP,0,NA
AR16,IO_L4N_T0U_N7_DBC_AD7N_66,0U,66,HP,0,NA
AM16,IO_L3P_T0L_N4_AD15P_66,0L,66,HP,0,NA
AN16,IO_L3N_T0L_N5_AD15N_66,0L,66,HP,0,NA
AP18,IO_L2P_T0L_N2_66,0L,66,HP,0,NA
AR18,IO_L2N_T0L_N3_66,0L,66,HP,0,NA
AN18,IO_T0U_N12_VRP_66,0U,66,HP,0,NA
AN17,IO_L1P_T0L_N0_DBC_66,0L,66,HP,0,NA
AP16,IO_L1N_T0L_N1_DBC_66,0L,66,HP,0,NA
AH17,VREF_66,NA,66,HP,0,NA
AH26,IO_L24P_T3U_N10_67,3U,67,HP,0,NA
AJ26,IO_L24N_T3U_N11_67,3U,67,HP,0,NA
AH24,IO_T3U_N12_67,3U,67,HP,0,NA
AG25,IO_L23P_T3U_N8_67,3U,67,HP,0,NA
AG26,IO_L23N_T3U_N9_67,3U,67,HP,0,NA
AJ25,IO_L22P_T3U_N6_DBC_AD0P_67,3U,67,HP,0,NA
AK25,IO_L22N_T3U_N7_DBC_AD0N_67,3U,67,HP,0,NA
AG27,IO_L21P_T3L_N4_AD8P_67,3L,67,HP,0,NA
AH27,IO_L21N_T3L_N5_AD8N_67,3L,67,HP,0,NA
AH23,IO_L20P_T3L_N2_AD1P_67,3L,67,HP,0,NA
AJ24,IO_L20N_T3L_N3_AD1N_67,3L,67,HP,0,NA
AK26,IO_L19P_T3L_N0_DBC_AD9P_67,3L,67,HP,0,NA
AK27,IO_L19N_T3L_N1_DBC_AD9N_67,3L,67,HP,0,NA
AP25,IO_L18P_T2U_N10_AD2P_67,2U,67,HP,0,NA
AP26,IO_L18N_T2U_N11_AD2N_67,2U,67,HP,0,NA
AL25,IO_L17P_T2U_N8_AD10P_67,2U,67,HP,0,NA
AM25,IO_L17N_T2U_N9_AD10N_67,2U,67,HP,0,NA
AN24,IO_L16P_T2U_N6_QBC_AD3P_67,2U,67,HP,0,NA
AP24,IO_L16N_T2U_N7_QBC_AD3N_67,2U,67,HP,0,NA
AM26,IO_L15P_T2L_N4_AD11P_67,2L,67,HP,0,NA
AN26,IO_L15N_T2L_N5_AD11N_67,2L,67,HP,0,NA
AJ23,IO_L14P_T2L_N2_GC_67,2L,67,HP,0,NA
AK23,IO_L14N_T2L_N3_GC_67,2L,67,HP,0,NA
AM24,IO_T2U_N12_67,2U,67,HP,0,NA
AL23,IO_L13P_T2L_N0_GC_QBC_67,2L,67,HP,0,NA
AL24,IO_L13N_T2L_N1_GC_QBC_67,2L,67,HP,0,NA
AN22,IO_L12P_T1U_N10_GC_67,1U,67,HP,0,NA
AN23,IO_L12N_T1U_N11_GC_67,1U,67,HP,0,NA
AP23,IO_T1U_N12_67,1U,67,HP,0,NA
AM21,IO_L11P_T1U_N8_GC_67,1U,67,HP,0,NA
AM22,IO_L11N_T1U_N9_GC_67,1U,67,HP,0,NA
AP21,IO_L10P_T1U_N6_QBC_AD4P_67,1U,67,HP,0,NA
AR22,IO_L10N_T1U_N7_QBC_AD4N_67,1U,67,HP,0,NA
AM20,IO_L9P_T1L_N4_AD12P_67,1L,67,HP,0,NA
AN21,IO_L9N_T1L_N5_AD12N_67,1L,67,HP,0,NA
AP19,IO_L8P_T1L_N2_AD5P_67,1L,67,HP,0,NA
AP20,IO_L8N_T1L_N3_AD5N_67,1L,67,HP,0,NA
AM19,IO_L7P_T1L_N0_QBC_AD13P_67,1L,67,HP,0,NA
AN19,IO_L7N_T1L_N1_QBC_AD13N_67,1L,67,HP,0,NA
AL19,IO_L6P_T0U_N10_AD6P_67,0U,67,HP,0,NA
AL20,IO_L6N_T0U_N11_AD6N_67,0U,67,HP,0,NA
AK22,IO_L5P_T0U_N8_AD14P_67,0U,67,HP,0,NA
AL22,IO_L5N_T0U_N9_AD14N_67,0U,67,HP,0,NA
AH19,IO_L4P_T0U_N6_DBC_AD7P_67,0U,67,HP,0,NA
AJ20,IO_L4N_T0U_N7_DBC_AD7N_67,0U,67,HP,0,NA
AH21,IO_L3P_T0L_N4_AD15P_67,0L,67,HP,0,NA
AJ21,IO_L3N_T0L_N5_AD15N_67,0L,67,HP,0,NA
AJ18,IO_L2P_T0L_N2_67,0L,67,HP,0,NA
AJ19,IO_L2N_T0L_N3_67,0L,67,HP,0,NA
AH18,IO_T0U_N12_VRP_67,0U,67,HP,0,NA
AK20,IO_L1P_T0L_N0_DBC_67,0L,67,HP,0,NA
AK21,IO_L1N_T0L_N1_DBC_67,0L,67,HP,0,NA
AH22,VREF_67,NA,67,HP,0,NA
AU16,IO_L24P_T3U_N10_84,3U,84,HR,0,NA
AU15,IO_L24N_T3U_N11_84,3U,84,HR,0,NA
AT15,IO_T3U_N12_84,3U,84,HR,0,NA
AT13,IO_L23P_T3U_N8_84,3U,84,HR,0,NA
AT12,IO_L23N_T3U_N9_84,3U,84,HR,0,NA
AV14,IO_L22P_T3U_N6_DBC_AD0P_84,3U,84,HR,0,NA
AV13,IO_L22N_T3U_N7_DBC_AD0N_84,3U,84,HR,0,NA
AT14,IO_L21P_T3L_N4_AD8P_84,3L,84,HR,0,NA
AU14,IO_L21N_T3L_N5_AD8N_84,3L,84,HR,0,NA
AV17,IO_L20P_T3L_N2_AD1P_84,3L,84,HR,0,NA
AV16,IO_L20N_T3L_N3_AD1N_84,3L,84,HR,0,NA
AU12,IO_L19P_T3L_N0_DBC_AD9P_84,3L,84,HR,0,NA
AV12,IO_L19N_T3L_N1_DBC_AD9N_84,3L,84,HR,0,NA
BA14,IO_L18P_T2U_N10_AD2P_84,2U,84,HR,0,NA
BA13,IO_L18N_T2U_N11_AD2N_84,2U,84,HR,0,NA
BA12,IO_L17P_T2U_N8_AD10P_84,2U,84,HR,0,NA
BB12,IO_L17N_T2U_N9_AD10N_84,2U,84,HR,0,NA
BA15,IO_L16P_T2U_N6_QBC_AD3P_84,2U,84,HR,0,NA
BB14,IO_L16N_T2U_N7_QBC_AD3N_84,2U,84,HR,0,NA
AY13,IO_L15P_T2L_N4_AD11P_84,2L,84,HR,0,NA
AY12,IO_L15N_T2L_N5_AD11N_84,2L,84,HR,0,NA
AW15,IO_L14P_T2L_N2_GC_84,2L,84,HR,0,NA
AY15,IO_L14N_T2L_N3_GC_84,2L,84,HR,0,NA
BB15,IO_T2U_N12_84,2U,84,HR,0,NA
AW14,IO_L13P_T2L_N0_GC_QBC_84,2L,84,HR,0,NA
AW13,IO_L13N_T2L_N1_GC_QBC_84,2L,84,HR,0,NA
AR15,VREF_84,NA,84,HR,0,NA
AY18,IO_L12P_T1U_N10_GC_94,1U,94,HR,0,NA
AY17,IO_L12N_T1U_N11_GC_94,1U,94,HR,0,NA
BB16,IO_T1U_N12_94,1U,94,HR,0,NA
AW16,IO_L11P_T1U_N8_GC_94,1U,94,HR,0,NA
AY16,IO_L11N_T1U_N9_GC_94,1U,94,HR,0,NA
BB20,IO_L10P_T1U_N6_QBC_AD4P_94,1U,94,HR,0,NA
BB19,IO_L10N_T1U_N7_QBC_AD4N_94,1U,94,HR,0,NA
BA17,IO_L9P_T1L_N4_AD12P_94,1L,94,HR,0,NA
BB17,IO_L9N_T1L_N5_AD12N_94,1L,94,HR,0,NA
AY20,IO_L8P_T1L_N2_AD5P_94,1L,94,HR,0,NA
BA20,IO_L8N_T1L_N3_AD5N_94,1L,94,HR,0,NA
BA19,IO_L7P_T1L_N0_QBC_AD13P_94,1L,94,HR,0,NA
BA18,IO_L7N_T1L_N1_QBC_AD13N_94,1L,94,HR,0,NA
AV19,IO_L6P_T0U_N10_AD6P_94,0U,94,HR,0,NA
AW19,IO_L6N_T0U_N11_AD6N_94,0U,94,HR,0,NA
AT17,IO_L5P_T0U_N8_AD14P_94,0U,94,HR,0,NA
AU17,IO_L5N_T0U_N9_AD14N_94,0U,94,HR,0,NA
AU20,IO_L4P_T0U_N6_DBC_AD7P_94,0U,94,HR,0,NA
AU19,IO_L4N_T0U_N7_DBC_AD7N_94,0U,94,HR,0,NA
AT19,IO_L3P_T0L_N4_AD15P_94,0L,94,HR,0,NA
AT18,IO_L3N_T0L_N5_AD15N_94,0L,94,HR,0,NA
AR20,IO_L2P_T0L_N2_94,0L,94,HR,0,NA
AT20,IO_L2N_T0L_N3_94,0L,94,HR,0,NA
AW20,IO_T0U_N12_94,0U,94,HR,0,NA
AV18,IO_L1P_T0L_N0_DBC_94,0L,94,HR,0,NA
AW18,IO_L1N_T0L_N1_DBC_94,0L,94,HR,0,NA
AR21,VREF_94,NA,94,HR,0,NA
AB38,MGTHTXP3_128,NA,128,GTH,0,NA
AC41,MGTHRXP3_128,NA,128,GTH,0,NA
AC42,MGTHRXN3_128,NA,128,GTH,0,NA
AB39,MGTHTXN3_128,NA,128,GTH,0,NA
AC36,MGTREFCLK1P_128,NA,128,GTH,0,NA
AC37,MGTREFCLK1N_128,NA,128,GTH,0,NA
AD38,MGTHTXP2_128,NA,128,GTH,0,NA
AE41,MGTHRXP2_128,NA,128,GTH,0,NA
AE42,MGTHRXN2_128,NA,128,GTH,0,NA
AD39,MGTHTXN2_128,NA,128,GTH,0,NA
AG37,MGTRREF_LS,NA,NA,NA,NA,NA
AG36,MGTAVTTRCAL_LS,NA,NA,NA,NA,NA
AF38,MGTHTXP1_128,NA,128,GTH,0,NA
AG41,MGTHRXP1_128,NA,128,GTH,0,NA
AG42,MGTHRXN1_128,NA,128,GTH,0,NA
AF39,MGTHTXN1_128,NA,128,GTH,0,NA
AE36,MGTREFCLK0P_128,NA,128,GTH,0,NA
AE37,MGTREFCLK0N_128,NA,128,GTH,0,NA
AH38,MGTHTXP0_128,NA,128,GTH,0,NA
AJ41,MGTHRXP0_128,NA,128,GTH,0,NA
AJ42,MGTHRXN0_128,NA,128,GTH,0,NA
AH39,MGTHTXN0_128,NA,128,GTH,0,NA
P38,MGTHTXP3_131,NA,131,GTH,1,NA
R41,MGTHRXP3_131,NA,131,GTH,1,NA
R42,MGTHRXN3_131,NA,131,GTH,1,NA
P39,MGTHTXN3_131,NA,131,GTH,1,NA
W36,MGTREFCLK1P_131,NA,131,GTH,1,NA
W37,MGTREFCLK1N_131,NA,131,GTH,1,NA
T38,MGTHTXP2_131,NA,131,GTH,1,NA
U41,MGTHRXP2_131,NA,131,GTH,1,NA
U42,MGTHRXN2_131,NA,131,GTH,1,NA
T39,MGTHTXN2_131,NA,131,GTH,1,NA
V38,MGTHTXP1_131,NA,131,GTH,1,NA
W41,MGTHRXP1_131,NA,131,GTH,1,NA
W42,MGTHRXN1_131,NA,131,GTH,1,NA
V39,MGTHTXN1_131,NA,131,GTH,1,NA
AA36,MGTREFCLK0P_131,NA,131,GTH,1,NA
AA37,MGTREFCLK0N_131,NA,131,GTH,1,NA
Y38,MGTHTXP0_131,NA,131,GTH,1,NA
AA41,MGTHRXP0_131,NA,131,GTH,1,NA
AA42,MGTHRXN0_131,NA,131,GTH,1,NA
Y39,MGTHTXN0_131,NA,131,GTH,1,NA
H38,MGTHTXP3_132,NA,132,GTH,1,NA
G41,MGTHRXP3_132,NA,132,GTH,1,NA
G42,MGTHRXN3_132,NA,132,GTH,1,NA
H39,MGTHTXN3_132,NA,132,GTH,1,NA
R36,MGTREFCLK1P_132,NA,132,GTH,1,NA
R37,MGTREFCLK1N_132,NA,132,GTH,1,NA
J36,MGTHTXP2_132,NA,132,GTH,1,NA
J41,MGTHRXP2_132,NA,132,GTH,1,NA
J42,MGTHRXN2_132,NA,132,GTH,1,NA
J37,MGTHTXN2_132,NA,132,GTH,1,NA
K38,MGTHTXP1_132,NA,132,GTH,1,NA
L41,MGTHRXP1_132,NA,132,GTH,1,NA
L42,MGTHRXN1_132,NA,132,GTH,1,NA
K39,MGTHTXN1_132,NA,132,GTH,1,NA
U36,MGTREFCLK0P_132,NA,132,GTH,1,NA
U37,MGTREFCLK0N_132,NA,132,GTH,1,NA
M38,MGTHTXP0_132,NA,132,GTH,1,NA
N41,MGTHRXP0_132,NA,132,GTH,1,NA
N42,MGTHRXN0_132,NA,132,GTH,1,NA
M39,MGTHTXN0_132,NA,132,GTH,1,NA
A40,MGTRREF_LN,NA,NA,NA,NA,NA
A39,MGTAVTTRCAL_LN,NA,NA,NA,NA,NA
AW6,MGTHTXP3_224,NA,224,GTH,0,NA
AW2,MGTHRXP3_224,NA,224,GTH,0,NA
AW1,MGTHRXN3_224,NA,224,GTH,0,NA
AW5,MGTHTXN3_224,NA,224,GTH,0,NA
AU10,MGTREFCLK1P_224,NA,224,GTH,0,NA
AU9,MGTREFCLK1N_224,NA,224,GTH,0,NA
AY8,MGTHTXP2_224,NA,224,GTH,0,NA
AY4,MGTHRXP2_224,NA,224,GTH,0,NA
AY3,MGTHRXN2_224,NA,224,GTH,0,NA
AY7,MGTHTXN2_224,NA,224,GTH,0,NA
BA6,MGTHTXP1_224,NA,224,GTH,0,NA
BA2,MGTHRXP1_224,NA,224,GTH,0,NA
BA1,MGTHRXN1_224,NA,224,GTH,0,NA
BA5,MGTHTXN1_224,NA,224,GTH,0,NA
AW10,MGTREFCLK0P_224,NA,224,GTH,0,NA
AW9,MGTREFCLK0N_224,NA,224,GTH,0,NA
BB8,MGTHTXP0_224,NA,224,GTH,0,NA
BB4,MGTHRXP0_224,NA,224,GTH,0,NA
BB3,MGTHRXN0_224,NA,224,GTH,0,NA
BB7,MGTHTXN0_224,NA,224,GTH,0,NA
AR6,MGTHTXP3_225,NA,225,GTH,0,NA
AR2,MGTHRXP3_225,NA,225,GTH,0,NA
AR1,MGTHRXN3_225,NA,225,GTH,0,NA
AR5,MGTHTXN3_225,NA,225,GTH,0,NA
AM8,MGTREFCLK1P_225,NA,225,GTH,0,NA
AM7,MGTREFCLK1N_225,NA,225,GTH,0,NA
AT8,MGTHTXP2_225,NA,225,GTH,0,NA
AT4,MGTHRXP2_225,NA,225,GTH,0,NA
AT3,MGTHRXN2_225,NA,225,GTH,0,NA
AT7,MGTHTXN2_225,NA,225,GTH,0,NA
AU6,MGTHTXP1_225,NA,225,GTH,0,NA
AU2,MGTHRXP1_225,NA,225,GTH,0,NA
AU1,MGTHRXN1_225,NA,225,GTH,0,NA
AU5,MGTHTXN1_225,NA,225,GTH,0,NA
AR10,MGTREFCLK0P_225,NA,225,GTH,0,NA
AR9,MGTREFCLK0N_225,NA,225,GTH,0,NA
AV8,MGTHTXP0_225,NA,225,GTH,0,NA
AV4,MGTHRXP0_225,NA,225,GTH,0,NA
AV3,MGTHRXN0_225,NA,225,GTH,0,NA
AV7,MGTHTXN0_225,NA,225,GTH,0,NA
AL6,MGTHTXP3_226,NA,226,GTH,0,NA
AK4,MGTHRXP3_226,NA,226,GTH,0,NA
AK3,MGTHRXN3_226,NA,226,GTH,0,NA
AL5,MGTHTXN3_226,NA,226,GTH,0,NA
AH8,MGTREFCLK1P_226,NA,226,GTH,0,NA
AH7,MGTREFCLK1N_226,NA,226,GTH,0,NA
AM4,MGTHTXP2_226,NA,226,GTH,0,NA
AL2,MGTHRXP2_226,NA,226,GTH,0,NA
AL1,MGTHRXN2_226,NA,226,GTH,0,NA
AM3,MGTHTXN2_226,NA,226,GTH,0,NA
BA9,MGTRREF_RS,NA,NA,NA,NA,NA
BA10,MGTAVTTRCAL_RS,NA,NA,NA,NA,NA
AN6,MGTHTXP1_226,NA,226,GTH,0,NA
AN2,MGTHRXP1_226,NA,226,GTH,0,NA
AN1,MGTHRXN1_226,NA,226,GTH,0,NA
AN5,MGTHTXN1_226,NA,226,GTH,0,NA
AK8,MGTREFCLK0P_226,NA,226,GTH,0,NA
AK7,MGTREFCLK0N_226,NA,226,GTH,0,NA
AP8,MGTHTXP0_226,NA,226,GTH,0,NA
AP4,MGTHRXP0_226,NA,226,GTH,0,NA
AP3,MGTHRXN0_226,NA,226,GTH,0,NA
AP7,MGTHTXN0_226,NA,226,GTH,0,NA
AE6,MGTHTXP3_227,NA,227,GTH,0,NA
AE2,MGTHRXP3_227,NA,227,GTH,0,NA
AE1,MGTHRXN3_227,NA,227,GTH,0,NA
AE5,MGTHTXN3_227,NA,227,GTH,0,NA
AD8,MGTREFCLK1P_227,NA,227,GTH,0,NA
AD7,MGTREFCLK1N_227,NA,227,GTH,0,NA
AF4,MGTHTXP2_227,NA,227,GTH,0,NA
AG2,MGTHRXP2_227,NA,227,GTH,0,NA
AG1,MGTHRXN2_227,NA,227,GTH,0,NA
AF3,MGTHTXN2_227,NA,227,GTH,0,NA
AG6,MGTHTXP1_227,NA,227,GTH,0,NA
AH4,MGTHRXP1_227,NA,227,GTH,0,NA
AH3,MGTHRXN1_227,NA,227,GTH,0,NA
AG5,MGTHTXN1_227,NA,227,GTH,0,NA
AF8,MGTREFCLK0P_227,NA,227,GTH,0,NA
AF7,MGTREFCLK0N_227,NA,227,GTH,0,NA
AJ6,MGTHTXP0_227,NA,227,GTH,0,NA
AJ2,MGTHRXP0_227,NA,227,GTH,0,NA
AJ1,MGTHRXN0_227,NA,227,GTH,0,NA
AJ5,MGTHTXN0_227,NA,227,GTH,0,NA
W6,MGTHTXP3_228,NA,228,GTH,0,NA
Y4,MGTHRXP3_228,NA,228,GTH,0,NA
Y3,MGTHRXN3_228,NA,228,GTH,0,NA
W5,MGTHTXN3_228,NA,228,GTH,0,NA
Y8,MGTREFCLK1P_228,NA,228,GTH,0,NA
Y7,MGTREFCLK1N_228,NA,228,GTH,0,NA
AA6,MGTHTXP2_228,NA,228,GTH,0,NA
AA2,MGTHRXP2_228,NA,228,GTH,0,NA
AA1,MGTHRXN2_228,NA,228,GTH,0,NA
AA5,MGTHTXN2_228,NA,228,GTH,0,NA
AC6,MGTHTXP1_228,NA,228,GTH,0,NA
AB4,MGTHRXP1_228,NA,228,GTH,0,NA
AB3,MGTHRXN1_228,NA,228,GTH,0,NA
AC5,MGTHTXN1_228,NA,228,GTH,0,NA
AB8,MGTREFCLK0P_228,NA,228,GTH,0,NA
AB7,MGTREFCLK0N_228,NA,228,GTH,0,NA
AD4,MGTHTXP0_228,NA,228,GTH,0,NA
AC2,MGTHRXP0_228,NA,228,GTH,0,NA
AC1,MGTHRXN0_228,NA,228,GTH,0,NA
AD3,MGTHTXN0_228,NA,228,GTH,0,NA
R6,MGTHTXP3_230,NA,230,GTH,1,NA
P4,MGTHRXP3_230,NA,230,GTH,1,NA
P3,MGTHRXN3_230,NA,230,GTH,1,NA
R5,MGTHTXN3_230,NA,230,GTH,1,NA
T8,MGTREFCLK1P_230,NA,230,GTH,1,NA
T7,MGTREFCLK1N_230,NA,230,GTH,1,NA
T4,MGTHTXP2_230,NA,230,GTH,1,NA
R2,MGTHRXP2_230,NA,230,GTH,1,NA
R1,MGTHRXN2_230,NA,230,GTH,1,NA
T3,MGTHTXN2_230,NA,230,GTH,1,NA
U6,MGTHTXP1_230,NA,230,GTH,1,NA
U2,MGTHRXP1_230,NA,230,GTH,1,NA
U1,MGTHRXN1_230,NA,230,GTH,1,NA
U5,MGTHTXN1_230,NA,230,GTH,1,NA
V8,MGTREFCLK0P_230,NA,230,GTH,1,NA
V7,MGTREFCLK0N_230,NA,230,GTH,1,NA
V4,MGTHTXP0_230,NA,230,GTH,1,NA
W2,MGTHRXP0_230,NA,230,GTH,1,NA
W1,MGTHRXN0_230,NA,230,GTH,1,NA
V3,MGTHTXN0_230,NA,230,GTH,1,NA
J6,MGTHTXP3_231,NA,231,GTH,1,NA
J2,MGTHRXP3_231,NA,231,GTH,1,NA
J1,MGTHRXN3_231,NA,231,GTH,1,NA
J5,MGTHTXN3_231,NA,231,GTH,1,NA
M8,MGTREFCLK1P_231,NA,231,GTH,1,NA
M7,MGTREFCLK1N_231,NA,231,GTH,1,NA
L6,MGTHTXP2_231,NA,231,GTH,1,NA
K4,MGTHRXP2_231,NA,231,GTH,1,NA
K3,MGTHRXN2_231,NA,231,GTH,1,NA
L5,MGTHTXN2_231,NA,231,GTH,1,NA
A2,MGTRREF_RN,NA,NA,NA,NA,NA
A3,MGTAVTTRCAL_RN,NA,NA,NA,NA,NA
M4,MGTHTXP1_231,NA,231,GTH,1,NA
L2,MGTHRXP1_231,NA,231,GTH,1,NA
L1,MGTHRXN1_231,NA,231,GTH,1,NA
M3,MGTHTXN1_231,NA,231,GTH,1,NA
P8,MGTREFCLK0P_231,NA,231,GTH,1,NA
P7,MGTREFCLK0N_231,NA,231,GTH,1,NA
N6,MGTHTXP0_231,NA,231,GTH,1,NA
N2,MGTHRXP0_231,NA,231,GTH,1,NA
N1,MGTHRXN0_231,NA,231,GTH,1,NA
N5,MGTHTXN0_231,NA,231,GTH,1,NA
E6,MGTHTXP3_232,NA,232,GTH,1,NA
E2,MGTHRXP3_232,NA,232,GTH,1,NA
E1,MGTHRXN3_232,NA,232,GTH,1,NA
E5,MGTHTXN3_232,NA,232,GTH,1,NA
G10,MGTREFCLK1P_232,NA,232,GTH,1,NA
G9,MGTREFCLK1N_232,NA,232,GTH,1,NA
F8,MGTHTXP2_232,NA,232,GTH,1,NA
F4,MGTHRXP2_232,NA,232,GTH,1,NA
F3,MGTHRXN2_232,NA,232,GTH,1,NA
F7,MGTHTXN2_232,NA,232,GTH,1,NA
G6,MGTHTXP1_232,NA,232,GTH,1,NA
G2,MGTHRXP1_232,NA,232,GTH,1,NA
G1,MGTHRXN1_232,NA,232,GTH,1,NA
G5,MGTHTXN1_232,NA,232,GTH,1,NA
K8,MGTREFCLK0P_232,NA,232,GTH,1,NA
K7,MGTREFCLK0N_232,NA,232,GTH,1,NA
H8,MGTHTXP0_232,NA,232,GTH,1,NA
H4,MGTHRXP0_232,NA,232,GTH,1,NA
H3,MGTHRXN0_232,NA,232,GTH,1,NA
H7,MGTHTXN0_232,NA,232,GTH,1,NA
A4,GND,NA,NA,NA,NA,NA
A7,GND,NA,NA,NA,NA,NA
A8,GND,NA,NA,NA,NA,NA
A11,GND,NA,NA,NA,NA,NA
A21,GND,NA,NA,NA,NA,NA
A31,GND,NA,NA,NA,NA,NA
A35,GND,NA,NA,NA,NA,NA
A38,GND,NA,NA,NA,NA,NA
A41,GND,NA,NA,NA,NA,NA
B1,GND,NA,NA,NA,NA,NA
B2,GND,NA,NA,NA,NA,NA
B5,GND,NA,NA,NA,NA,NA
B9,GND,NA,NA,NA,NA,NA
B11,GND,NA,NA,NA,NA,NA
B18,GND,NA,NA,NA,NA,NA
B28,GND,NA,NA,NA,NA,NA
B35,GND,NA,NA,NA,NA,NA
B37,GND,NA,NA,NA,NA,NA
B38,GND,NA,NA,NA,NA,NA
B42,GND,NA,NA,NA,NA,NA
C3,GND,NA,NA,NA,NA,NA
C7,GND,NA,NA,NA,NA,NA
C11,GND,NA,NA,NA,NA,NA
C15,GND,NA,NA,NA,NA,NA
C25,GND,NA,NA,NA,NA,NA
C35,GND,NA,NA,NA,NA,NA
C38,GND,NA,NA,NA,NA,NA
C39,GND,NA,NA,NA,NA,NA
C40,GND,NA,NA,NA,NA,NA
D1,GND,NA,NA,NA,NA,NA
D5,GND,NA,NA,NA,NA,NA
D9,GND,NA,NA,NA,NA,NA
D11,GND,NA,NA,NA,NA,NA
D12,GND,NA,NA,NA,NA,NA
D22,GND,NA,NA,NA,NA,NA
D32,GND,NA,NA,NA,NA,NA
D35,GND,NA,NA,NA,NA,NA
D36,GND,NA,NA,NA,NA,NA
D38,GND,NA,NA,NA,NA,NA
D41,GND,NA,NA,NA,NA,NA
D42,GND,NA,NA,NA,NA,NA
E3,GND,NA,NA,NA,NA,NA
E7,GND,NA,NA,NA,NA,NA
E11,GND,NA,NA,NA,NA,NA
E19,GND,NA,NA,NA,NA,NA
E29,GND,NA,NA,NA,NA,NA
E35,GND,NA,NA,NA,NA,NA
E38,GND,NA,NA,NA,NA,NA
E39,GND,NA,NA,NA,NA,NA
E40,GND,NA,NA,NA,NA,NA
F1,GND,NA,NA,NA,NA,NA
F2,GND,NA,NA,NA,NA,NA
F5,GND,NA,NA,NA,NA,NA
F9,GND,NA,NA,NA,NA,NA
F11,GND,NA,NA,NA,NA,NA
F16,GND,NA,NA,NA,NA,NA
F26,GND,NA,NA,NA,NA,NA
F35,GND,NA,NA,NA,NA,NA
F37,GND,NA,NA,NA,NA,NA
F39,GND,NA,NA,NA,NA,NA
F40,GND,NA,NA,NA,NA,NA
F41,GND,NA,NA,NA,NA,NA
F42,GND,NA,NA,NA,NA,NA
G3,GND,NA,NA,NA,NA,NA
G7,GND,NA,NA,NA,NA,NA
G11,GND,NA,NA,NA,NA,NA
G13,GND,NA,NA,NA,NA,NA
G23,GND,NA,NA,NA,NA,NA
G33,GND,NA,NA,NA,NA,NA
G35,GND,NA,NA,NA,NA,NA
G38,GND,NA,NA,NA,NA,NA
G40,GND,NA,NA,NA,NA,NA
H1,GND,NA,NA,NA,NA,NA
H5,GND,NA,NA,NA,NA,NA
H9,GND,NA,NA,NA,NA,NA
H10,GND,NA,NA,NA,NA,NA
H11,GND,NA,NA,NA,NA,NA
H20,GND,NA,NA,NA,NA,NA
H30,GND,NA,NA,NA,NA,NA
H35,GND,NA,NA,NA,NA,NA
H36,GND,NA,NA,NA,NA,NA
H40,GND,NA,NA,NA,NA,NA
H41,GND,NA,NA,NA,NA,NA
H42,GND,NA,NA,NA,NA,NA
J3,GND,NA,NA,NA,NA,NA
J7,GND,NA,NA,NA,NA,NA
J9,GND,NA,NA,NA,NA,NA
J17,GND,NA,NA,NA,NA,NA
J27,GND,NA,NA,NA,NA,NA
J35,GND,NA,NA,NA,NA,NA
J39,GND,NA,NA,NA,NA,NA
J40,GND,NA,NA,NA,NA,NA
K1,GND,NA,NA,NA,NA,NA
K2,GND,NA,NA,NA,NA,NA
K5,GND,NA,NA,NA,NA,NA
K9,GND,NA,NA,NA,NA,NA
K14,GND,NA,NA,NA,NA,NA
K24,GND,NA,NA,NA,NA,NA
K34,GND,NA,NA,NA,NA,NA
K35,GND,NA,NA,NA,NA,NA
K37,GND,NA,NA,NA,NA,NA
K40,GND,NA,NA,NA,NA,NA
K41,GND,NA,NA,NA,NA,NA
K42,GND,NA,NA,NA,NA,NA
L3,GND,NA,NA,NA,NA,NA
L7,GND,NA,NA,NA,NA,NA
L9,GND,NA,NA,NA,NA,NA
L11,GND,NA,NA,NA,NA,NA
L21,GND,NA,NA,NA,NA,NA
L31,GND,NA,NA,NA,NA,NA
L35,GND,NA,NA,NA,NA,NA
L38,GND,NA,NA,NA,NA,NA
L40,GND,NA,NA,NA,NA,NA
M1,GND,NA,NA,NA,NA,NA
M5,GND,NA,NA,NA,NA,NA
M9,GND,NA,NA,NA,NA,NA
M18,GND,NA,NA,NA,NA,NA
M28,GND,NA,NA,NA,NA,NA
M35,GND,NA,NA,NA,NA,NA
M36,GND,NA,NA,NA,NA,NA
M40,GND,NA,NA,NA,NA,NA
M41,GND,NA,NA,NA,NA,NA
M42,GND,NA,NA,NA,NA,NA
N3,GND,NA,NA,NA,NA,NA
N7,GND,NA,NA,NA,NA,NA
N9,GND,NA,NA,NA,NA,NA
N15,GND,NA,NA,NA,NA,NA
N25,GND,NA,NA,NA,NA,NA
N35,GND,NA,NA,NA,NA,NA
N39,GND,NA,NA,NA,NA,NA
N40,GND,NA,NA,NA,NA,NA
P1,GND,NA,NA,NA,NA,NA
P2,GND,NA,NA,NA,NA,NA
P5,GND,NA,NA,NA,NA,NA
P9,GND,NA,NA,NA,NA,NA
P12,GND,NA,NA,NA,NA,NA
P22,GND,NA,NA,NA,NA,NA
P32,GND,NA,NA,NA,NA,NA
P35,GND,NA,NA,NA,NA,NA
P37,GND,NA,NA,NA,NA,NA
P40,GND,NA,NA,NA,NA,NA
P41,GND,NA,NA,NA,NA,NA
P42,GND,NA,NA,NA,NA,NA
R3,GND,NA,NA,NA,NA,NA
R7,GND,NA,NA,NA,NA,NA
R11,GND,NA,NA,NA,NA,NA
R13,GND,NA,NA,NA,NA,NA
R15,GND,NA,NA,NA,NA,NA
R17,GND,NA,NA,NA,NA,NA
R19,GND,NA,NA,NA,NA,NA
R21,GND,NA,NA,NA,NA,NA
R23,GND,NA,NA,NA,NA,NA
R25,GND,NA,NA,NA,NA,NA
R29,GND,NA,NA,NA,NA,NA
R35,GND,NA,NA,NA,NA,NA
R38,GND,NA,NA,NA,NA,NA
R40,GND,NA,NA,NA,NA,NA
T1,GND,NA,NA,NA,NA,NA
T5,GND,NA,NA,NA,NA,NA
T10,GND,NA,NA,NA,NA,NA
T12,GND,NA,NA,NA,NA,NA
T14,GND,NA,NA,NA,NA,NA
T16,GND,NA,NA,NA,NA,NA
T18,GND,NA,NA,NA,NA,NA
T20,GND,NA,NA,NA,NA,NA
T22,GND,NA,NA,NA,NA,NA
T24,GND,NA,NA,NA,NA,NA
T26,GND,NA,NA,NA,NA,NA
T35,GND,NA,NA,NA,NA,NA
T36,GND,NA,NA,NA,NA,NA
T40,GND,NA,NA,NA,NA,NA
T41,GND,NA,NA,NA,NA,NA
T42,GND,NA,NA,NA,NA,NA
U3,GND,NA,NA,NA,NA,NA
U7,GND,NA,NA,NA,NA,NA
U13,GND,NA,NA,NA,NA,NA
U15,GND,NA,NA,NA,NA,NA
U17,GND,NA,NA,NA,NA,NA
U19,GND,NA,NA,NA,NA,NA
U21,GND,NA,NA,NA,NA,NA
U23,GND,NA,NA,NA,NA,NA
U25,GND,NA,NA,NA,NA,NA
U27,GND,NA,NA,NA,NA,NA
U33,GND,NA,NA,NA,NA,NA
U35,GND,NA,NA,NA,NA,NA
U39,GND,NA,NA,NA,NA,NA
U40,GND,NA,NA,NA,NA,NA
V1,GND,NA,NA,NA,NA,NA
V2,GND,NA,NA,NA,NA,NA
V5,GND,NA,NA,NA,NA,NA
V10,GND,NA,NA,NA,NA,NA
V12,GND,NA,NA,NA,NA,NA
V14,GND,NA,NA,NA,NA,NA
V16,GND,NA,NA,NA,NA,NA
V18,GND,NA,NA,NA,NA,NA
V20,GND,NA,NA,NA,NA,NA
V22,GND,NA,NA,NA,NA,NA
V24,GND,NA,NA,NA,NA,NA
V26,GND,NA,NA,NA,NA,NA
V30,GND,NA,NA,NA,NA,NA
V35,GND,NA,NA,NA,NA,NA
V37,GND,NA,NA,NA,NA,NA
V40,GND,NA,NA,NA,NA,NA
V41,GND,NA,NA,NA,NA,NA
V42,GND,NA,NA,NA,NA,NA
W3,GND,NA,NA,NA,NA,NA
W7,GND,NA,NA,NA,NA,NA
W13,GND,NA,NA,NA,NA,NA
W15,GND,NA,NA,NA,NA,NA
W17,GND,NA,NA,NA,NA,NA
W19,GND,NA,NA,NA,NA,NA
W21,GND,NA,NA,NA,NA,NA
W23,GND,NA,NA,NA,NA,NA
W25,GND,NA,NA,NA,NA,NA
W27,GND,NA,NA,NA,NA,NA
W35,GND,NA,NA,NA,NA,NA
W38,GND,NA,NA,NA,NA,NA
W40,GND,NA,NA,NA,NA,NA
Y1,GND,NA,NA,NA,NA,NA
Y5,GND,NA,NA,NA,NA,NA
Y6,GND,NA,NA,NA,NA,NA
Y10,GND,NA,NA,NA,NA,NA
Y12,GND,NA,NA,NA,NA,NA
Y14,GND,NA,NA,NA,NA,NA
Y18,GND,NA,NA,NA,NA,NA
Y20,GND,NA,NA,NA,NA,NA
Y22,GND,NA,NA,NA,NA,NA
Y24,GND,NA,NA,NA,NA,NA
Y26,GND,NA,NA,NA,NA,NA
Y34,GND,NA,NA,NA,NA,NA
Y35,GND,NA,NA,NA,NA,NA
Y36,GND,NA,NA,NA,NA,NA
Y40,GND,NA,NA,NA,NA,NA
Y41,GND,NA,NA,NA,NA,NA
Y42,GND,NA,NA,NA,NA,NA
AA3,GND,NA,NA,NA,NA,NA
AA7,GND,NA,NA,NA,NA,NA
AA13,GND,NA,NA,NA,NA,NA
AA15,GND,NA,NA,NA,NA,NA
AA19,GND,NA,NA,NA,NA,NA
AA21,GND,NA,NA,NA,NA,NA
AA23,GND,NA,NA,NA,NA,NA
AA25,GND,NA,NA,NA,NA,NA
AA31,GND,NA,NA,NA,NA,NA
AA35,GND,NA,NA,NA,NA,NA
AA39,GND,NA,NA,NA,NA,NA
AA40,GND,NA,NA,NA,NA,NA
AB1,GND,NA,NA,NA,NA,NA
AB2,GND,NA,NA,NA,NA,NA
AB5,GND,NA,NA,NA,NA,NA
AB10,GND,NA,NA,NA,NA,NA
AB12,GND,NA,NA,NA,NA,NA
AB14,GND,NA,NA,NA,NA,NA
AB18,GND,NA,NA,NA,NA,NA
AB20,GND,NA,NA,NA,NA,NA
AB22,GND,NA,NA,NA,NA,NA
AB24,GND,NA,NA,NA,NA,NA
AB26,GND,NA,NA,NA,NA,NA
AB28,GND,NA,NA,NA,NA,NA
AB35,GND,NA,NA,NA,NA,NA
AB37,GND,NA,NA,NA,NA,NA
AB40,GND,NA,NA,NA,NA,NA
AB41,GND,NA,NA,NA,NA,NA
AB42,GND,NA,NA,NA,NA,NA
AC3,GND,NA,NA,NA,NA,NA
AC7,GND,NA,NA,NA,NA,NA
AC13,GND,NA,NA,NA,NA,NA
AC15,GND,NA,NA,NA,NA,NA
AC19,GND,NA,NA,NA,NA,NA
AC21,GND,NA,NA,NA,NA,NA
AC23,GND,NA,NA,NA,NA,NA
AC25,GND,NA,NA,NA,NA,NA
AC35,GND,NA,NA,NA,NA,NA
AC38,GND,NA,NA,NA,NA,NA
AC40,GND,NA,NA,NA,NA,NA
AD1,GND,NA,NA,NA,NA,NA
AD5,GND,NA,NA,NA,NA,NA
AD10,GND,NA,NA,NA,NA,NA
AD12,GND,NA,NA,NA,NA,NA
AD14,GND,NA,NA,NA,NA,NA
AD16,GND,NA,NA,NA,NA,NA
AD18,GND,NA,NA,NA,NA,NA
AD20,GND,NA,NA,NA,NA,NA
AD22,GND,NA,NA,NA,NA,NA
AD24,GND,NA,NA,NA,NA,NA
AD26,GND,NA,NA,NA,NA,NA
AD32,GND,NA,NA,NA,NA,NA
AD35,GND,NA,NA,NA,NA,NA
AD36,GND,NA,NA,NA,NA,NA
AD40,GND,NA,NA,NA,NA,NA
AD41,GND,NA,NA,NA,NA,NA
AD42,GND,NA,NA,NA,NA,NA
AE3,GND,NA,NA,NA,NA,NA
AE7,GND,NA,NA,NA,NA,NA
AE13,GND,NA,NA,NA,NA,NA
AE15,GND,NA,NA,NA,NA,NA
AE17,GND,NA,NA,NA,NA,NA
AE19,GND,NA,NA,NA,NA,NA
AE21,GND,NA,NA,NA,NA,NA
AE23,GND,NA,NA,NA,NA,NA
AE25,GND,NA,NA,NA,NA,NA
AE29,GND,NA,NA,NA,NA,NA
AE35,GND,NA,NA,NA,NA,NA
AE39,GND,NA,NA,NA,NA,NA
AE40,GND,NA,NA,NA,NA,NA
AF1,GND,NA,NA,NA,NA,NA
AF2,GND,NA,NA,NA,NA,NA
AF5,GND,NA,NA,NA,NA,NA
AF10,GND,NA,NA,NA,NA,NA
AF12,GND,NA,NA,NA,NA,NA
AF14,GND,NA,NA,NA,NA,NA
AF16,GND,NA,NA,NA,NA,NA
AF18,GND,NA,NA,NA,NA,NA
AF20,GND,NA,NA,NA,NA,NA
AF22,GND,NA,NA,NA,NA,NA
AF24,GND,NA,NA,NA,NA,NA
AF26,GND,NA,NA,NA,NA,NA
AF35,GND,NA,NA,NA,NA,NA
AF37,GND,NA,NA,NA,NA,NA
AF40,GND,NA,NA,NA,NA,NA
AF41,GND,NA,NA,NA,NA,NA
AF42,GND,NA,NA,NA,NA,NA
AG3,GND,NA,NA,NA,NA,NA
AG7,GND,NA,NA,NA,NA,NA
AG13,GND,NA,NA,NA,NA,NA
AG15,GND,NA,NA,NA,NA,NA
AG17,GND,NA,NA,NA,NA,NA
AG19,GND,NA,NA,NA,NA,NA
AG21,GND,NA,NA,NA,NA,NA
AG23,GND,NA,NA,NA,NA,NA
AG33,GND,NA,NA,NA,NA,NA
AG35,GND,NA,NA,NA,NA,NA
AG38,GND,NA,NA,NA,NA,NA
AG40,GND,NA,NA,NA,NA,NA
AH1,GND,NA,NA,NA,NA,NA
AH5,GND,NA,NA,NA,NA,NA
AH10,GND,NA,NA,NA,NA,NA
AH20,GND,NA,NA,NA,NA,NA
AH30,GND,NA,NA,NA,NA,NA
AH35,GND,NA,NA,NA,NA,NA
AH36,GND,NA,NA,NA,NA,NA
AH40,GND,NA,NA,NA,NA,NA
AH41,GND,NA,NA,NA,NA,NA
AH42,GND,NA,NA,NA,NA,NA
AJ3,GND,NA,NA,NA,NA,NA
AJ4,GND,NA,NA,NA,NA,NA
AJ7,GND,NA,NA,NA,NA,NA
AJ17,GND,NA,NA,NA,NA,NA
AJ27,GND,NA,NA,NA,NA,NA
AJ35,GND,NA,NA,NA,NA,NA
AJ36,GND,NA,NA,NA,NA,NA
AJ37,GND,NA,NA,NA,NA,NA
AJ38,GND,NA,NA,NA,NA,NA
AJ39,GND,NA,NA,NA,NA,NA
AJ40,GND,NA,NA,NA,NA,NA
AK1,GND,NA,NA,NA,NA,NA
AK2,GND,NA,NA,NA,NA,NA
AK5,GND,NA,NA,NA,NA,NA
AK9,GND,NA,NA,NA,NA,NA
AK14,GND,NA,NA,NA,NA,NA
AK24,GND,NA,NA,NA,NA,NA
AK34,GND,NA,NA,NA,NA,NA
AK40,GND,NA,NA,NA,NA,NA
AK41,GND,NA,NA,NA,NA,NA
AK42,GND,NA,NA,NA,NA,NA
AL3,GND,NA,NA,NA,NA,NA
AL7,GND,NA,NA,NA,NA,NA
AL9,GND,NA,NA,NA,NA,NA
AL11,GND,NA,NA,NA,NA,NA
AL21,GND,NA,NA,NA,NA,NA
AL31,GND,NA,NA,NA,NA,NA
AL41,GND,NA,NA,NA,NA,NA
AM1,GND,NA,NA,NA,NA,NA
AM5,GND,NA,NA,NA,NA,NA
AM9,GND,NA,NA,NA,NA,NA
AM18,GND,NA,NA,NA,NA,NA
AM28,GND,NA,NA,NA,NA,NA
AM38,GND,NA,NA,NA,NA,NA
AN3,GND,NA,NA,NA,NA,NA
AN7,GND,NA,NA,NA,NA,NA
AN9,GND,NA,NA,NA,NA,NA
AN15,GND,NA,NA,NA,NA,NA
AN25,GND,NA,NA,NA,NA,NA
AN35,GND,NA,NA,NA,NA,NA
AP1,GND,NA,NA,NA,NA,NA
AP2,GND,NA,NA,NA,NA,NA
AP5,GND,NA,NA,NA,NA,NA
AP9,GND,NA,NA,NA,NA,NA
AP10,GND,NA,NA,NA,NA,NA
AP11,GND,NA,NA,NA,NA,NA
AP12,GND,NA,NA,NA,NA,NA
AP22,GND,NA,NA,NA,NA,NA
AP32,GND,NA,NA,NA,NA,NA
AP42,GND,NA,NA,NA,NA,NA
AR3,GND,NA,NA,NA,NA,NA
AR7,GND,NA,NA,NA,NA,NA
AR11,GND,NA,NA,NA,NA,NA
AR19,GND,NA,NA,NA,NA,NA
AR29,GND,NA,NA,NA,NA,NA
AR39,GND,NA,NA,NA,NA,NA
AT1,GND,NA,NA,NA,NA,NA
AT5,GND,NA,NA,NA,NA,NA
AT9,GND,NA,NA,NA,NA,NA
AT11,GND,NA,NA,NA,NA,NA
AT16,GND,NA,NA,NA,NA,NA
AT26,GND,NA,NA,NA,NA,NA
AT36,GND,NA,NA,NA,NA,NA
AU3,GND,NA,NA,NA,NA,NA
AU4,GND,NA,NA,NA,NA,NA
AU7,GND,NA,NA,NA,NA,NA
AU11,GND,NA,NA,NA,NA,NA
AU13,GND,NA,NA,NA,NA,NA
AU23,GND,NA,NA,NA,NA,NA
AU33,GND,NA,NA,NA,NA,NA
AV1,GND,NA,NA,NA,NA,NA
AV2,GND,NA,NA,NA,NA,NA
AV5,GND,NA,NA,NA,NA,NA
AV9,GND,NA,NA,NA,NA,NA
AV11,GND,NA,NA,NA,NA,NA
AV20,GND,NA,NA,NA,NA,NA
AV30,GND,NA,NA,NA,NA,NA
AV40,GND,NA,NA,NA,NA,NA
AW3,GND,NA,NA,NA,NA,NA
AW7,GND,NA,NA,NA,NA,NA
AW11,GND,NA,NA,NA,NA,NA
AW17,GND,NA,NA,NA,NA,NA
AW27,GND,NA,NA,NA,NA,NA
AW37,GND,NA,NA,NA,NA,NA
AY1,GND,NA,NA,NA,NA,NA
AY5,GND,NA,NA,NA,NA,NA
AY9,GND,NA,NA,NA,NA,NA
AY11,GND,NA,NA,NA,NA,NA
AY14,GND,NA,NA,NA,NA,NA
AY24,GND,NA,NA,NA,NA,NA
AY34,GND,NA,NA,NA,NA,NA
BA3,GND,NA,NA,NA,NA,NA
BA7,GND,NA,NA,NA,NA,NA
BA11,GND,NA,NA,NA,NA,NA
BA21,GND,NA,NA,NA,NA,NA
BA31,GND,NA,NA,NA,NA,NA
BA42,GND,NA,NA,NA,NA,NA
BB2,GND,NA,NA,NA,NA,NA
BB5,GND,NA,NA,NA,NA,NA
BB6,GND,NA,NA,NA,NA,NA
BB9,GND,NA,NA,NA,NA,NA
BB10,GND,NA,NA,NA,NA,NA
BB11,GND,NA,NA,NA,NA,NA
BB18,GND,NA,NA,NA,NA,NA
BB28,GND,NA,NA,NA,NA,NA
BB38,GND,NA,NA,NA,NA,NA
BB41,GND,NA,NA,NA,NA,NA
H37,MGTAVCC_L,NA,NA,NA,NA,NA
K36,MGTAVCC_L,NA,NA,NA,NA,NA
M37,MGTAVCC_L,NA,NA,NA,NA,NA
T37,MGTAVCC_L,NA,NA,NA,NA,NA
Y37,MGTAVCC_L,NA,NA,NA,NA,NA
AD37,MGTAVCC_L,NA,NA,NA,NA,NA
AF36,MGTAVCC_L,NA,NA,NA,NA,NA
AH37,MGTAVCC_L,NA,NA,NA,NA,NA
B6,MGTAVCC_RN,NA,NA,NA,NA,NA
B10,MGTAVCC_RN,NA,NA,NA,NA,NA
C8,MGTAVCC_RN,NA,NA,NA,NA,NA
D10,MGTAVCC_RN,NA,NA,NA,NA,NA
E8,MGTAVCC_RN,NA,NA,NA,NA,NA
F6,MGTAVCC_RN,NA,NA,NA,NA,NA
F10,MGTAVCC_RN,NA,NA,NA,NA,NA
G8,MGTAVCC_RN,NA,NA,NA,NA,NA
H6,MGTAVCC_RN,NA,NA,NA,NA,NA
J8,MGTAVCC_RN,NA,NA,NA,NA,NA
L8,MGTAVCC_RN,NA,NA,NA,NA,NA
M6,MGTAVCC_RN,NA,NA,NA,NA,NA
N8,MGTAVCC_RN,NA,NA,NA,NA,NA
T6,MGTAVCC_RN,NA,NA,NA,NA,NA
U8,MGTAVCC_RN,NA,NA,NA,NA,NA
AA8,MGTAVCC_RN,NA,NA,NA,NA,NA
AD6,MGTAVCC_RS,NA,NA,NA,NA,NA
AE8,MGTAVCC_RS,NA,NA,NA,NA,NA
AH6,MGTAVCC_RS,NA,NA,NA,NA,NA
AJ8,MGTAVCC_RS,NA,NA,NA,NA,NA
AL8,MGTAVCC_RS,NA,NA,NA,NA,NA
AM6,MGTAVCC_RS,NA,NA,NA,NA,NA
AN8,MGTAVCC_RS,NA,NA,NA,NA,NA
AR8,MGTAVCC_RS,NA,NA,NA,NA,NA
AT6,MGTAVCC_RS,NA,NA,NA,NA,NA
AT10,MGTAVCC_RS,NA,NA,NA,NA,NA
AU8,MGTAVCC_RS,NA,NA,NA,NA,NA
AV10,MGTAVCC_RS,NA,NA,NA,NA,NA
AW8,MGTAVCC_RS,NA,NA,NA,NA,NA
AY6,MGTAVCC_RS,NA,NA,NA,NA,NA
AY10,MGTAVCC_RS,NA,NA,NA,NA,NA
BA8,MGTAVCC_RS,NA,NA,NA,NA,NA
B36,MGTAVTT_L,NA,NA,NA,NA,NA
B41,MGTAVTT_L,NA,NA,NA,NA,NA
D37,MGTAVTT_L,NA,NA,NA,NA,NA
F36,MGTAVTT_L,NA,NA,NA,NA,NA
F38,MGTAVTT_L,NA,NA,NA,NA,NA
G39,MGTAVTT_L,NA,NA,NA,NA,NA
J38,MGTAVTT_L,NA,NA,NA,NA,NA
L39,MGTAVTT_L,NA,NA,NA,NA,NA
N38,MGTAVTT_L,NA,NA,NA,NA,NA
R39,MGTAVTT_L,NA,NA,NA,NA,NA
U38,MGTAVTT_L,NA,NA,NA,NA,NA
W39,MGTAVTT_L,NA,NA,NA,NA,NA
AA38,MGTAVTT_L,NA,NA,NA,NA,NA
AC39,MGTAVTT_L,NA,NA,NA,NA,NA
AE38,MGTAVTT_L,NA,NA,NA,NA,NA
AG39,MGTAVTT_L,NA,NA,NA,NA,NA
C4,MGTAVTT_RN,NA,NA,NA,NA,NA
D2,MGTAVTT_RN,NA,NA,NA,NA,NA
D6,MGTAVTT_RN,NA,NA,NA,NA,NA
E4,MGTAVTT_RN,NA,NA,NA,NA,NA
G4,MGTAVTT_RN,NA,NA,NA,NA,NA
H2,MGTAVTT_RN,NA,NA,NA,NA,NA
J4,MGTAVTT_RN,NA,NA,NA,NA,NA
K6,MGTAVTT_RN,NA,NA,NA,NA,NA
L4,MGTAVTT_RN,NA,NA,NA,NA,NA
M2,MGTAVTT_RN,NA,NA,NA,NA,NA
N4,MGTAVTT_RN,NA,NA,NA,NA,NA
P6,MGTAVTT_RN,NA,NA,NA,NA,NA
R4,MGTAVTT_RN,NA,NA,NA,NA,NA
T2,MGTAVTT_RN,NA,NA,NA,NA,NA
U4,MGTAVTT_RN,NA,NA,NA,NA,NA
V6,MGTAVTT_RN,NA,NA,NA,NA,NA
W4,MGTAVTT_RN,NA,NA,NA,NA,NA
Y2,MGTAVTT_RN,NA,NA,NA,NA,NA
AA4,MGTAVTT_RS,NA,NA,NA,NA,NA
AB6,MGTAVTT_RS,NA,NA,NA,NA,NA
AC4,MGTAVTT_RS,NA,NA,NA,NA,NA
AD2,MGTAVTT_RS,NA,NA,NA,NA,NA
AE4,MGTAVTT_RS,NA,NA,NA,NA,NA
AF6,MGTAVTT_RS,NA,NA,NA,NA,NA
AG4,MGTAVTT_RS,NA,NA,NA,NA,NA
AH2,MGTAVTT_RS,NA,NA,NA,NA,NA
AK6,MGTAVTT_RS,NA,NA,NA,NA,NA
AL4,MGTAVTT_RS,NA,NA,NA,NA,NA
AM2,MGTAVTT_RS,NA,NA,NA,NA,NA
AN4,MGTAVTT_RS,NA,NA,NA,NA,NA
AP6,MGTAVTT_RS,NA,NA,NA,NA,NA
AR4,MGTAVTT_RS,NA,NA,NA,NA,NA
AT2,MGTAVTT_RS,NA,NA,NA,NA,NA
AV6,MGTAVTT_RS,NA,NA,NA,NA,NA
AW4,MGTAVTT_RS,NA,NA,NA,NA,NA
AY2,MGTAVTT_RS,NA,NA,NA,NA,NA
BA4,MGTAVTT_RS,NA,NA,NA,NA,NA
P36,MGTVCCAUX_L,NA,NA,NA,NA,NA
V36,MGTVCCAUX_L,NA,NA,NA,NA,NA
AB36,MGTVCCAUX_L,NA,NA,NA,NA,NA
R8,MGTVCCAUX_RN,NA,NA,NA,NA,NA
W8,MGTVCCAUX_RN,NA,NA,NA,NA,NA
AC8,MGTVCCAUX_RS,NA,NA,NA,NA,NA
AG8,MGTVCCAUX_RS,NA,NA,NA,NA,NA
R26,VCCAUX,NA,NA,NA,NA,NA
T27,VCCAUX,NA,NA,NA,NA,NA
U26,VCCAUX,NA,NA,NA,NA,NA
W26,VCCAUX,NA,NA,NA,NA,NA
AA26,VCCAUX,NA,NA,NA,NA,NA
AC26,VCCAUX,NA,NA,NA,NA,NA
AE26,VCCAUX,NA,NA,NA,NA,NA
AF25,VCCAUX,NA,NA,NA,NA,NA
R24,VCCAUX_IO,NA,NA,NA,NA,NA
T23,VCCAUX_IO,NA,NA,NA,NA,NA
T25,VCCAUX_IO,NA,NA,NA,NA,NA
U24,VCCAUX_IO,NA,NA,NA,NA,NA
V23,VCCAUX_IO,NA,NA,NA,NA,NA
V25,VCCAUX_IO,NA,NA,NA,NA,NA
W24,VCCAUX_IO,NA,NA,NA,NA,NA
Y25,VCCAUX_IO,NA,NA,NA,NA,NA
AA24,VCCAUX_IO,NA,NA,NA,NA,NA
AB25,VCCAUX_IO,NA,NA,NA,NA,NA
AC24,VCCAUX_IO,NA,NA,NA,NA,NA
AD25,VCCAUX_IO,NA,NA,NA,NA,NA
AE24,VCCAUX_IO,NA,NA,NA,NA,NA
AF23,VCCAUX_IO,NA,NA,NA,NA,NA
AG24,VCCAUX_IO,NA,NA,NA,NA,NA
R12,VCCINT,NA,NA,NA,NA,NA
R14,VCCINT,NA,NA,NA,NA,NA
R16,VCCINT,NA,NA,NA,NA,NA
R18,VCCINT,NA,NA,NA,NA,NA
R20,VCCINT,NA,NA,NA,NA,NA
T11,VCCINT,NA,NA,NA,NA,NA
T13,VCCINT,NA,NA,NA,NA,NA
T15,VCCINT,NA,NA,NA,NA,NA
T17,VCCINT,NA,NA,NA,NA,NA
T19,VCCINT,NA,NA,NA,NA,NA
T21,VCCINT,NA,NA,NA,NA,NA
U12,VCCINT,NA,NA,NA,NA,NA
U14,VCCINT,NA,NA,NA,NA,NA
U16,VCCINT,NA,NA,NA,NA,NA
U18,VCCINT,NA,NA,NA,NA,NA
U20,VCCINT,NA,NA,NA,NA,NA
V11,VCCINT,NA,NA,NA,NA,NA
V13,VCCINT,NA,NA,NA,NA,NA
V15,VCCINT,NA,NA,NA,NA,NA
V17,VCCINT,NA,NA,NA,NA,NA
V19,VCCINT,NA,NA,NA,NA,NA
V21,VCCINT,NA,NA,NA,NA,NA
W12,VCCINT,NA,NA,NA,NA,NA
W14,VCCINT,NA,NA,NA,NA,NA
W16,VCCINT,NA,NA,NA,NA,NA
W18,VCCINT,NA,NA,NA,NA,NA
W20,VCCINT,NA,NA,NA,NA,NA
W22,VCCINT,NA,NA,NA,NA,NA
Y11,VCCINT,NA,NA,NA,NA,NA
Y13,VCCINT,NA,NA,NA,NA,NA
Y15,VCCINT,NA,NA,NA,NA,NA
Y19,VCCINT,NA,NA,NA,NA,NA
Y21,VCCINT,NA,NA,NA,NA,NA
AA12,VCCINT,NA,NA,NA,NA,NA
AA14,VCCINT,NA,NA,NA,NA,NA
AA18,VCCINT,NA,NA,NA,NA,NA
AA20,VCCINT,NA,NA,NA,NA,NA
AA22,VCCINT,NA,NA,NA,NA,NA
AB11,VCCINT,NA,NA,NA,NA,NA
AB13,VCCINT,NA,NA,NA,NA,NA
AB15,VCCINT,NA,NA,NA,NA,NA
AB19,VCCINT,NA,NA,NA,NA,NA
AB21,VCCINT,NA,NA,NA,NA,NA
AC12,VCCINT,NA,NA,NA,NA,NA
AC14,VCCINT,NA,NA,NA,NA,NA
AC18,VCCINT,NA,NA,NA,NA,NA
AC20,VCCINT,NA,NA,NA,NA,NA
AC22,VCCINT,NA,NA,NA,NA,NA
AD11,VCCINT,NA,NA,NA,NA,NA
AD13,VCCINT,NA,NA,NA,NA,NA
AD15,VCCINT,NA,NA,NA,NA,NA
AD17,VCCINT,NA,NA,NA,NA,NA
AD19,VCCINT,NA,NA,NA,NA,NA
AD21,VCCINT,NA,NA,NA,NA,NA
AE12,VCCINT,NA,NA,NA,NA,NA
AE14,VCCINT,NA,NA,NA,NA,NA
AE16,VCCINT,NA,NA,NA,NA,NA
AE18,VCCINT,NA,NA,NA,NA,NA
AE20,VCCINT,NA,NA,NA,NA,NA
AF11,VCCINT,NA,NA,NA,NA,NA
AF13,VCCINT,NA,NA,NA,NA,NA
AF15,VCCINT,NA,NA,NA,NA,NA
AF17,VCCINT,NA,NA,NA,NA,NA
AF19,VCCINT,NA,NA,NA,NA,NA
AF21,VCCINT,NA,NA,NA,NA,NA
AG14,VCCINT,NA,NA,NA,NA,NA
AG16,VCCINT,NA,NA,NA,NA,NA
AG18,VCCINT,NA,NA,NA,NA,NA
AG20,VCCINT,NA,NA,NA,NA,NA
R22,VCCINT_IO,NA,NA,NA,NA,NA
U22,VCCINT_IO,NA,NA,NA,NA,NA
Y23,VCCINT_IO,NA,NA,NA,NA,NA
AB23,VCCINT_IO,NA,NA,NA,NA,NA
AD23,VCCINT_IO,NA,NA,NA,NA,NA
AE22,VCCINT_IO,NA,NA,NA,NA,NA
AG22,VCCINT_IO,NA,NA,NA,NA,NA
AE10,VCCO_0,NA,0,NA,NA,NA
AG10,VCCO_0,NA,0,NA,NA,NA
AT31,VCCO_44,NA,44,NA,NA,NA
AV35,VCCO_44,NA,44,NA,NA,NA
AW32,VCCO_44,NA,44,NA,NA,NA
AY29,VCCO_44,NA,44,NA,NA,NA
BA36,VCCO_44,NA,44,NA,NA,NA
BB33,VCCO_44,NA,44,NA,NA,NA
AK39,VCCO_45,NA,45,NA,NA,NA
AN40,VCCO_45,NA,45,NA,NA,NA
AP37,VCCO_45,NA,45,NA,NA,NA
AT41,VCCO_45,NA,45,NA,NA,NA
AU38,VCCO_45,NA,45,NA,NA,NA
AW42,VCCO_45,NA,45,NA,NA,NA
AY39,VCCO_45,NA,45,NA,NA,NA
AG28,VCCO_46,NA,46,NA,NA,NA
AJ32,VCCO_46,NA,46,NA,NA,NA
AK29,VCCO_46,NA,46,NA,NA,NA
AL36,VCCO_46,NA,46,NA,NA,NA
AM33,VCCO_46,NA,46,NA,NA,NA
AN30,VCCO_46,NA,46,NA,NA,NA
AR34,VCCO_46,NA,46,NA,NA,NA
W32,VCCO_47,NA,47,NA,NA,NA
Y29,VCCO_47,NA,47,NA,NA,NA
AB33,VCCO_47,NA,47,NA,NA,NA
AC30,VCCO_47,NA,47,NA,NA,NA
AD27,VCCO_47,NA,47,NA,NA,NA
AE34,VCCO_47,NA,47,NA,NA,NA
AF31,VCCO_47,NA,47,NA,NA,NA
K29,VCCO_48,NA,48,NA,NA,NA
M33,VCCO_48,NA,48,NA,NA,NA
N30,VCCO_48,NA,48,NA,NA,NA
P27,VCCO_48,NA,48,NA,NA,NA
R34,VCCO_48,NA,48,NA,NA,NA
T31,VCCO_48,NA,48,NA,NA,NA
U28,VCCO_48,NA,48,NA,NA,NA
B13,VCCO_49,NA,49,NA,NA,NA
E14,VCCO_49,NA,49,NA,NA,NA
H15,VCCO_49,NA,49,NA,NA,NA
J12,VCCO_49,NA,49,NA,NA,NA
M13,VCCO_49,NA,49,NA,NA,NA
N10,VCCO_49,NA,49,NA,NA,NA
A16,VCCO_50,NA,50,NA,NA,NA
C20,VCCO_50,NA,50,NA,NA,NA
D17,VCCO_50,NA,50,NA,NA,NA
G18,VCCO_50,NA,50,NA,NA,NA
K19,VCCO_50,NA,50,NA,NA,NA
L16,VCCO_50,NA,50,NA,NA,NA
P17,VCCO_50,NA,50,NA,NA,NA
B23,VCCO_51,NA,51,NA,NA,NA
E24,VCCO_51,NA,51,NA,NA,NA
F21,VCCO_51,NA,51,NA,NA,NA
J22,VCCO_51,NA,51,NA,NA,NA
M23,VCCO_51,NA,51,NA,NA,NA
N20,VCCO_51,NA,51,NA,NA,NA
B33,VCCO_52,NA,52,NA,NA,NA
C30,VCCO_52,NA,52,NA,NA,NA
E34,VCCO_52,NA,52,NA,NA,NA
F31,VCCO_52,NA,52,NA,NA,NA
G28,VCCO_52,NA,52,NA,NA,NA
J32,VCCO_52,NA,52,NA,NA,NA
A26,VCCO_53,NA,53,NA,NA,NA
D27,VCCO_53,NA,53,NA,NA,NA
H25,VCCO_53,NA,53,NA,NA,NA
L26,VCCO_53,NA,53,NA,NA,NA
AP27,VCCO_65,NA,65,NA,NA,NA
AR24,VCCO_65,NA,65,NA,NA,NA
AU28,VCCO_65,NA,65,NA,NA,NA
AV25,VCCO_65,NA,65,NA,NA,NA
AW22,VCCO_65,NA,65,NA,NA,NA
BA26,VCCO_65,NA,65,NA,NA,NA
BB23,VCCO_65,NA,65,NA,NA,NA
AH15,VCCO_66,NA,66,NA,NA,NA
AJ12,VCCO_66,NA,66,NA,NA,NA
AL16,VCCO_66,NA,66,NA,NA,NA
AM13,VCCO_66,NA,66,NA,NA,NA
AN10,VCCO_66,NA,66,NA,NA,NA
AP17,VCCO_66,NA,66,NA,NA,NA
AH25,VCCO_67,NA,67,NA,NA,NA
AJ22,VCCO_67,NA,67,NA,NA,NA
AK19,VCCO_67,NA,67,NA,NA,NA
AL26,VCCO_67,NA,67,NA,NA,NA
AM23,VCCO_67,NA,67,NA,NA,NA
AN20,VCCO_67,NA,67,NA,NA,NA
AR14,VCCO_84,NA,84,NA,NA,NA
AV15,VCCO_84,NA,84,NA,NA,NA
AW12,VCCO_84,NA,84,NA,NA,NA
BB13,VCCO_84,NA,84,NA,NA,NA
AT21,VCCO_94,NA,94,NA,NA,NA
AU18,VCCO_94,NA,94,NA,NA,NA
AY19,VCCO_94,NA,94,NA,NA,NA
BA16,VCCO_94,NA,94,NA,NA,NA
R10,VCCBRAM,NA,NA,NA,NA,NA
U10,VCCBRAM,NA,NA,NA,NA,NA
W10,VCCBRAM,NA,NA,NA,NA,NA
AA10,VCCBRAM,NA,NA,NA,NA,NA
AC10,VCCBRAM,NA,NA,NA,NA,NA
A36,NC,NA,NA,NA,NA,NA
B39,NC,NA,NA,NA,NA,NA
B40,NC,NA,NA,NA,NA,NA
A37,NC,NA,NA,NA,NA,NA
L36,NC,NA,NA,NA,NA,NA
L37,NC,NA,NA,NA,NA,NA
C36,NC,NA,NA,NA,NA,NA
C41,NC,NA,NA,NA,NA,NA
C42,NC,NA,NA,NA,NA,NA
C37,NC,NA,NA,NA,NA,NA
E36,NC,NA,NA,NA,NA,NA
D39,NC,NA,NA,NA,NA,NA
D40,NC,NA,NA,NA,NA,NA
E37,NC,NA,NA,NA,NA,NA
N36,NC,NA,NA,NA,NA,NA
N37,NC,NA,NA,NA,NA,NA
G36,NC,NA,NA,NA,NA,NA
E41,NC,NA,NA,NA,NA,NA
E42,NC,NA,NA,NA,NA,NA
G37,NC,NA,NA,NA,NA,NA
A10,NC,NA,NA,NA,NA,NA
A6,NC,NA,NA,NA,NA,NA
A5,NC,NA,NA,NA,NA,NA
A9,NC,NA,NA,NA,NA,NA
C10,NC,NA,NA,NA,NA,NA
C9,NC,NA,NA,NA,NA,NA
B8,NC,NA,NA,NA,NA,NA
B4,NC,NA,NA,NA,NA,NA
B3,NC,NA,NA,NA,NA,NA
B7,NC,NA,NA,NA,NA,NA
C6,NC,NA,NA,NA,NA,NA
C2,NC,NA,NA,NA,NA,NA
C1,NC,NA,NA,NA,NA,NA
C5,NC,NA,NA,NA,NA,NA
E10,NC,NA,NA,NA,NA,NA
E9,NC,NA,NA,NA,NA,NA
D8,NC,NA,NA,NA,NA,NA
D4,NC,NA,NA,NA,NA,NA
D3,NC,NA,NA,NA,NA,NA
D7,NC,NA,NA,NA,NA,NA
F25,NC,NA,NA,NA,NA,NA
E25,NC,NA,NA,NA,NA,NA
A27,NC,NA,NA,NA,NA,NA
E26,NC,NA,NA,NA,NA,NA
D26,NC,NA,NA,NA,NA,NA
C27,NC,NA,NA,NA,NA,NA
B27,NC,NA,NA,NA,NA,NA
F27,NC,NA,NA,NA,NA,NA
E27,NC,NA,NA,NA,NA,NA
C26,NC,NA,NA,NA,NA,NA
B26,NC,NA,NA,NA,NA,NA
H27,NC,NA,NA,NA,NA,NA
G27,NC,NA,NA,NA,NA,NA
G25,NC,NA,NA,NA,NA,NA
G26,NC,NA,NA,NA,NA,NA
J26,NC,NA,NA,NA,NA,NA
H26,NC,NA,NA,NA,NA,NA
K25,NC,NA,NA,NA,NA,NA
J25,NC,NA,NA,NA,NA,NA
K26,NC,NA,NA,NA,NA,NA
K27,NC,NA,NA,NA,NA,NA
M25,NC,NA,NA,NA,NA,NA
L25,NC,NA,NA,NA,NA,NA
M26,NC,NA,NA,NA,NA,NA
M27,NC,NA,NA,NA,NA,NA
L27,NC,NA,NA,NA,NA,NA
P25,NC,NA,NA,NA,NA,NA
,,,,,,
Total Number of Pins, 1760,,,,,,
