Device/Package xcku115flvd1924 7/25/2014 09:49:31,,,,,,
,,,,,,
Pin,Pin Name,Memory Byte Group,Bank,I/O Type,Super Logic Region,No-Connect
AE16,DXN,NA,NA,NA,NA,NA
AE17,DXP,NA,NA,NA,NA,NA
AD17,VREFP,NA,NA,NA,NA,NA
AC16,VREFN,NA,NA,NA,NA,NA
AC17,VP,NA,NA,NA,NA,NA
AD16,VN,NA,NA,NA,NA,NA
R8,M0_0,NA,0,CONFIG,0,NA
U9,M1_0,NA,0,CONFIG,0,NA
W9,INIT_B_0,NA,0,CONFIG,0,NA
T9,M2_0,NA,0,CONFIG,0,NA
V9,CFGBVS_0,NA,0,CONFIG,0,NA
Y9,PUDC_B_0,NA,0,CONFIG,0,NA
AC9,POR_OVERRIDE,NA,NA,NA,NA,NA
AB9,DONE_0,NA,0,CONFIG,0,NA
AD9,PROGRAM_B_0,NA,0,CONFIG,0,NA
AB12,TDI_0,NA,0,CONFIG,0,NA
AF9,RDWR_FCS_B_0,NA,0,CONFIG,0,NA
AH9,D02_0,NA,0,CONFIG,0,NA
AK9,D00_MOSI_0,NA,0,CONFIG,0,NA
AG9,D03_0,NA,0,CONFIG,0,NA
AJ9,D01_DIN_0,NA,0,CONFIG,0,NA
AD12,TMS_0,NA,0,CONFIG,0,NA
AD10,CCLK_0,NA,0,CONFIG,0,NA
AC10,TCK_0,NA,0,CONFIG,0,NA
AL8,VBATT,NA,NA,NA,NA,NA
AB10,TDO_0,NA,0,CONFIG,0,NA
AL29,IO_L24P_T3U_N10_44,3U,44,HP,0,NA
AL30,IO_L24N_T3U_N11_44,3U,44,HP,0,NA
AN28,IO_T3U_N12_44,3U,44,HP,0,NA
AM29,IO_L23P_T3U_N8_44,3U,44,HP,0,NA
AN29,IO_L23N_T3U_N9_44,3U,44,HP,0,NA
AM30,IO_L22P_T3U_N6_DBC_AD0P_44,3U,44,HP,0,NA
AM31,IO_L22N_T3U_N7_DBC_AD0N_44,3U,44,HP,0,NA
AP28,IO_L21P_T3L_N4_AD8P_44,3L,44,HP,0,NA
AP29,IO_L21N_T3L_N5_AD8N_44,3L,44,HP,0,NA
AN32,IO_L20P_T3L_N2_AD1P_44,3L,44,HP,0,NA
AP33,IO_L20N_T3L_N3_AD1N_44,3L,44,HP,0,NA
AN31,IO_L19P_T3L_N0_DBC_AD9P_44,3L,44,HP,0,NA
AP31,IO_L19N_T3L_N1_DBC_AD9N_44,3L,44,HP,0,NA
AR30,IO_L18P_T2U_N10_AD2P_44,2U,44,HP,0,NA
AT30,IO_L18N_T2U_N11_AD2N_44,2U,44,HP,0,NA
AP30,IO_L17P_T2U_N8_AD10P_44,2U,44,HP,0,NA
AR31,IO_L17N_T2U_N9_AD10N_44,2U,44,HP,0,NA
AR28,IO_L16P_T2U_N6_QBC_AD3P_44,2U,44,HP,0,NA
AT28,IO_L16N_T2U_N7_QBC_AD3N_44,2U,44,HP,0,NA
AR32,IO_L15P_T2L_N4_AD11P_44,2L,44,HP,0,NA
AR33,IO_L15N_T2L_N5_AD11N_44,2L,44,HP,0,NA
AT29,IO_L14P_T2L_N2_GC_44,2L,44,HP,0,NA
AU29,IO_L14N_T2L_N3_GC_44,2L,44,HP,0,NA
AT33,IO_T2U_N12_44,2U,44,HP,0,NA
AT32,IO_L13P_T2L_N0_GC_QBC_44,2L,44,HP,0,NA
AU32,IO_L13N_T2L_N1_GC_QBC_44,2L,44,HP,0,NA
AV31,IO_L12P_T1U_N10_GC_44,1U,44,HP,0,NA
AV32,IO_L12N_T1U_N11_GC_44,1U,44,HP,0,NA
AV29,IO_T1U_N12_44,1U,44,HP,0,NA
AU30,IO_L11P_T1U_N8_GC_44,1U,44,HP,0,NA
AU31,IO_L11N_T1U_N9_GC_44,1U,44,HP,0,NA
AV33,IO_L10P_T1U_N6_QBC_AD4P_44,1U,44,HP,0,NA
AW33,IO_L10N_T1U_N7_QBC_AD4N_44,1U,44,HP,0,NA
AW29,IO_L9P_T1L_N4_AD12P_44,1L,44,HP,0,NA
AW30,IO_L9N_T1L_N5_AD12N_44,1L,44,HP,0,NA
AW31,IO_L8P_T1L_N2_AD5P_44,1L,44,HP,0,NA
AY32,IO_L8N_T1L_N3_AD5N_44,1L,44,HP,0,NA
AY30,IO_L7P_T1L_N0_QBC_AD13P_44,1L,44,HP,0,NA
AY31,IO_L7N_T1L_N1_QBC_AD13N_44,1L,44,HP,0,NA
BA30,IO_L6P_T0U_N10_AD6P_44,0U,44,HP,0,NA
BB30,IO_L6N_T0U_N11_AD6N_44,0U,44,HP,0,NA
BA32,IO_L5P_T0U_N8_AD14P_44,0U,44,HP,0,NA
BB32,IO_L5N_T0U_N9_AD14N_44,0U,44,HP,0,NA
BD29,IO_L4P_T0U_N6_DBC_AD7P_44,0U,44,HP,0,NA
BD30,IO_L4N_T0U_N7_DBC_AD7N_44,0U,44,HP,0,NA
BB31,IO_L3P_T0L_N4_AD15P_44,0L,44,HP,0,NA
BC32,IO_L3N_T0L_N5_AD15N_44,0L,44,HP,0,NA
BB29,IO_L2P_T0L_N2_44,0L,44,HP,0,NA
BC29,IO_L2N_T0L_N3_44,0L,44,HP,0,NA
BA29,IO_T0U_N12_VRP_44,0U,44,HP,0,NA
BC31,IO_L1P_T0L_N0_DBC_44,0L,44,HP,0,NA
BD31,IO_L1N_T0L_N1_DBC_44,0L,44,HP,0,NA
AL28,VREF_44,NA,44,HP,0,NA
AJ26,IO_L24P_T3U_N10_45,3U,45,HP,0,NA
AK26,IO_L24N_T3U_N11_45,3U,45,HP,0,NA
AL24,IO_T3U_N12_45,3U,45,HP,0,NA
AM24,IO_L23P_T3U_N8_45,3U,45,HP,0,NA
AM25,IO_L23N_T3U_N9_45,3U,45,HP,0,NA
AK27,IO_L22P_T3U_N6_DBC_AD0P_45,3U,45,HP,0,NA
AL27,IO_L22N_T3U_N7_DBC_AD0N_45,3U,45,HP,0,NA
AM26,IO_L21P_T3L_N4_AD8P_45,3L,45,HP,0,NA
AM27,IO_L21N_T3L_N5_AD8N_45,3L,45,HP,0,NA
AK25,IO_L20P_T3L_N2_AD1P_45,3L,45,HP,0,NA
AL25,IO_L20N_T3L_N3_AD1N_45,3L,45,HP,0,NA
AN26,IO_L19P_T3L_N0_DBC_AD9P_45,3L,45,HP,0,NA
AN27,IO_L19N_T3L_N1_DBC_AD9N_45,3L,45,HP,0,NA
AN24,IO_L18P_T2U_N10_AD2P_45,2U,45,HP,0,NA
AP24,IO_L18N_T2U_N11_AD2N_45,2U,45,HP,0,NA
AR26,IO_L17P_T2U_N8_AD10P_45,2U,45,HP,0,NA
AR27,IO_L17N_T2U_N9_AD10N_45,2U,45,HP,0,NA
AP25,IO_L16P_T2U_N6_QBC_AD3P_45,2U,45,HP,0,NA
AP26,IO_L16N_T2U_N7_QBC_AD3N_45,2U,45,HP,0,NA
AT27,IO_L15P_T2L_N4_AD11P_45,2L,45,HP,0,NA
AU27,IO_L15N_T2L_N5_AD11N_45,2L,45,HP,0,NA
AR25,IO_L14P_T2L_N2_GC_45,2L,45,HP,0,NA
AT25,IO_L14N_T2L_N3_GC_45,2L,45,HP,0,NA
AT24,IO_T2U_N12_45,2U,45,HP,0,NA
AU25,IO_L13P_T2L_N0_GC_QBC_45,2L,45,HP,0,NA
AU26,IO_L13N_T2L_N1_GC_QBC_45,2L,45,HP,0,NA
AW26,IO_L12P_T1U_N10_GC_45,1U,45,HP,0,NA
AY26,IO_L12N_T1U_N11_GC_45,1U,45,HP,0,NA
AV28,IO_T1U_N12_45,1U,45,HP,0,NA
AV26,IO_L11P_T1U_N8_GC_45,1U,45,HP,0,NA
AV27,IO_L11N_T1U_N9_GC_45,1U,45,HP,0,NA
AW25,IO_L10P_T1U_N6_QBC_AD4P_45,1U,45,HP,0,NA
AY25,IO_L10N_T1U_N7_QBC_AD4N_45,1U,45,HP,0,NA
AY27,IO_L9P_T1L_N4_AD12P_45,1L,45,HP,0,NA
BA27,IO_L9N_T1L_N5_AD12N_45,1L,45,HP,0,NA
BA24,IO_L8P_T1L_N2_AD5P_45,1L,45,HP,0,NA
BA25,IO_L8N_T1L_N3_AD5N_45,1L,45,HP,0,NA
AW28,IO_L7P_T1L_N0_QBC_AD13P_45,1L,45,HP,0,NA
AY28,IO_L7N_T1L_N1_QBC_AD13N_45,1L,45,HP,0,NA
BB24,IO_L6P_T0U_N10_AD6P_45,0U,45,HP,0,NA
BB25,IO_L6N_T0U_N11_AD6N_45,0U,45,HP,0,NA
BB26,IO_L5P_T0U_N8_AD14P_45,0U,45,HP,0,NA
BC26,IO_L5N_T0U_N9_AD14N_45,0U,45,HP,0,NA
BC24,IO_L4P_T0U_N6_DBC_AD7P_45,0U,45,HP,0,NA
BD24,IO_L4N_T0U_N7_DBC_AD7N_45,0U,45,HP,0,NA
BB27,IO_L3P_T0L_N4_AD15P_45,0L,45,HP,0,NA
BC27,IO_L3N_T0L_N5_AD15N_45,0L,45,HP,0,NA
BD25,IO_L2P_T0L_N2_45,0L,45,HP,0,NA
BD26,IO_L2N_T0L_N3_45,0L,45,HP,0,NA
BA28,IO_T0U_N12_VRP_45,0U,45,HP,0,NA
BC28,IO_L1P_T0L_N0_DBC_45,0L,45,HP,0,NA
BD28,IO_L1N_T0L_N1_DBC_45,0L,45,HP,0,NA
AJ25,VREF_45,NA,45,HP,0,NA
AT37,IO_L24P_T3U_N10_46,3U,46,HP,0,NA
AT38,IO_L24N_T3U_N11_46,3U,46,HP,0,NA
AR36,IO_T3U_N12_46,3U,46,HP,0,NA
AR37,IO_L23P_T3U_N8_46,3U,46,HP,0,NA
AR38,IO_L23N_T3U_N9_46,3U,46,HP,0,NA
AU36,IO_L22P_T3U_N6_DBC_AD0P_46,3U,46,HP,0,NA
AU37,IO_L22N_T3U_N7_DBC_AD0N_46,3U,46,HP,0,NA
AR39,IO_L21P_T3L_N4_AD8P_46,3L,46,HP,0,NA
AT39,IO_L21N_T3L_N5_AD8N_46,3L,46,HP,0,NA
AU34,IO_L20P_T3L_N2_AD1P_46,3L,46,HP,0,NA
AU35,IO_L20N_T3L_N3_AD1N_46,3L,46,HP,0,NA
AT34,IO_L19P_T3L_N0_DBC_AD9P_46,3L,46,HP,0,NA
AT35,IO_L19N_T3L_N1_DBC_AD9N_46,3L,46,HP,0,NA
AV37,IO_L18P_T2U_N10_AD2P_46,2U,46,HP,0,NA
AV38,IO_L18N_T2U_N11_AD2N_46,2U,46,HP,0,NA
AU39,IO_L17P_T2U_N8_AD10P_46,2U,46,HP,0,NA
AV39,IO_L17N_T2U_N9_AD10N_46,2U,46,HP,0,NA
AW34,IO_L16P_T2U_N6_QBC_AD3P_46,2U,46,HP,0,NA
AW35,IO_L16N_T2U_N7_QBC_AD3N_46,2U,46,HP,0,NA
AW38,IO_L15P_T2L_N4_AD11P_46,2L,46,HP,0,NA
AW39,IO_L15N_T2L_N5_AD11N_46,2L,46,HP,0,NA
AY35,IO_L14P_T2L_N2_GC_46,2L,46,HP,0,NA
AY36,IO_L14N_T2L_N3_GC_46,2L,46,HP,0,NA
AV34,IO_T2U_N12_46,2U,46,HP,0,NA
AV36,IO_L13P_T2L_N0_GC_QBC_46,2L,46,HP,0,NA
AW36,IO_L13N_T2L_N1_GC_QBC_46,2L,46,HP,0,NA
BA37,IO_L12P_T1U_N10_GC_46,1U,46,HP,0,NA
BB37,IO_L12N_T1U_N11_GC_46,1U,46,HP,0,NA
BA39,IO_T1U_N12_46,1U,46,HP,0,NA
AY37,IO_L11P_T1U_N8_GC_46,1U,46,HP,0,NA
AY38,IO_L11N_T1U_N9_GC_46,1U,46,HP,0,NA
BC38,IO_L10P_T1U_N6_QBC_AD4P_46,1U,46,HP,0,NA
BD38,IO_L10N_T1U_N7_QBC_AD4N_46,1U,46,HP,0,NA
BA38,IO_L9P_T1L_N4_AD12P_46,1L,46,HP,0,NA
BB39,IO_L9N_T1L_N5_AD12N_46,1L,46,HP,0,NA
BB36,IO_L8P_T1L_N2_AD5P_46,1L,46,HP,0,NA
BC37,IO_L8N_T1L_N3_AD5N_46,1L,46,HP,0,NA
BC39,IO_L7P_T1L_N0_QBC_AD13P_46,1L,46,HP,0,NA
BD39,IO_L7N_T1L_N1_QBC_AD13N_46,1L,46,HP,0,NA
BD35,IO_L6P_T0U_N10_AD6P_46,0U,46,HP,0,NA
BD36,IO_L6N_T0U_N11_AD6N_46,0U,46,HP,0,NA
BB35,IO_L5P_T0U_N8_AD14P_46,0U,46,HP,0,NA
BC36,IO_L5N_T0U_N9_AD14N_46,0U,46,HP,0,NA
BC34,IO_L4P_T0U_N6_DBC_AD7P_46,0U,46,HP,0,NA
BD34,IO_L4N_T0U_N7_DBC_AD7N_46,0U,46,HP,0,NA
BA34,IO_L3P_T0L_N4_AD15P_46,0L,46,HP,0,NA
BA35,IO_L3N_T0L_N5_AD15N_46,0L,46,HP,0,NA
BC33,IO_L2P_T0L_N2_46,0L,46,HP,0,NA
BD33,IO_L2N_T0L_N3_46,0L,46,HP,0,NA
AY33,IO_T0U_N12_VRP_46,0U,46,HP,0,NA
BA33,IO_L1P_T0L_N0_DBC_46,0L,46,HP,0,NA
BB34,IO_L1N_T0L_N1_DBC_46,0L,46,HP,0,NA
AR35,VREF_46,NA,46,HP,0,NA
AC35,IO_L24P_T3U_N10_47,3U,47,HP,0,NA
AD35,IO_L24N_T3U_N11_47,3U,47,HP,0,NA
AD34,IO_T3U_N12_47,3U,47,HP,0,NA
AE31,IO_L23P_T3U_N8_47,3U,47,HP,0,NA
AE32,IO_L23N_T3U_N9_47,3U,47,HP,0,NA
AE35,IO_L22P_T3U_N6_DBC_AD0P_47,3U,47,HP,0,NA
AF35,IO_L22N_T3U_N7_DBC_AD0N_47,3U,47,HP,0,NA
AE33,IO_L21P_T3L_N4_AD8P_47,3L,47,HP,0,NA
AF33,IO_L21N_T3L_N5_AD8N_47,3L,47,HP,0,NA
AF34,IO_L20P_T3L_N2_AD1P_47,3L,47,HP,0,NA
AG34,IO_L20N_T3L_N3_AD1N_47,3L,47,HP,0,NA
AF32,IO_L19P_T3L_N0_DBC_AD9P_47,3L,47,HP,0,NA
AG32,IO_L19N_T3L_N1_DBC_AD9N_47,3L,47,HP,0,NA
AG29,IO_L18P_T2U_N10_AD2P_47,2U,47,HP,0,NA
AH29,IO_L18N_T2U_N11_AD2N_47,2U,47,HP,0,NA
AG30,IO_L17P_T2U_N8_AD10P_47,2U,47,HP,0,NA
AG31,IO_L17N_T2U_N9_AD10N_47,2U,47,HP,0,NA
AJ29,IO_L16P_T2U_N6_QBC_AD3P_47,2U,47,HP,0,NA
AJ30,IO_L16N_T2U_N7_QBC_AD3N_47,2U,47,HP,0,NA
AJ28,IO_L15P_T2L_N4_AD11P_47,2L,47,HP,0,NA
AK28,IO_L15N_T2L_N5_AD11N_47,2L,47,HP,0,NA
AH31,IO_L14P_T2L_N2_GC_47,2L,47,HP,0,NA
AJ31,IO_L14N_T2L_N3_GC_47,2L,47,HP,0,NA
AF30,IO_T2U_N12_47,2U,47,HP,0,NA
AK30,IO_L13P_T2L_N0_GC_QBC_47,2L,47,HP,0,NA
AK31,IO_L13N_T2L_N1_GC_QBC_47,2L,47,HP,0,NA
AK32,IO_L12P_T1U_N10_GC_47,1U,47,HP,0,NA
AK33,IO_L12N_T1U_N11_GC_47,1U,47,HP,0,NA
AG35,IO_T1U_N12_47,1U,47,HP,0,NA
AH32,IO_L11P_T1U_N8_GC_47,1U,47,HP,0,NA
AJ33,IO_L11N_T1U_N9_GC_47,1U,47,HP,0,NA
AK35,IO_L10P_T1U_N6_QBC_AD4P_47,1U,47,HP,0,NA
AL35,IO_L10N_T1U_N7_QBC_AD4N_47,1U,47,HP,0,NA
AH33,IO_L9P_T1L_N4_AD12P_47,1L,47,HP,0,NA
AH34,IO_L9N_T1L_N5_AD12N_47,1L,47,HP,0,NA
AL33,IO_L8P_T1L_N2_AD5P_47,1L,47,HP,0,NA
AL34,IO_L8N_T1L_N3_AD5N_47,1L,47,HP,0,NA
AJ34,IO_L7P_T1L_N0_QBC_AD13P_47,1L,47,HP,0,NA
AJ35,IO_L7N_T1L_N1_QBC_AD13N_47,1L,47,HP,0,NA
AN36,IO_L6P_T0U_N10_AD6P_47,0U,47,HP,0,NA
AP36,IO_L6N_T0U_N11_AD6N_47,0U,47,HP,0,NA
AL32,IO_L5P_T0U_N8_AD14P_47,0U,47,HP,0,NA
AM32,IO_L5N_T0U_N9_AD14N_47,0U,47,HP,0,NA
AM37,IO_L4P_T0U_N6_DBC_AD7P_47,0U,47,HP,0,NA
AN37,IO_L4N_T0U_N7_DBC_AD7N_47,0U,47,HP,0,NA
AM34,IO_L3P_T0L_N4_AD15P_47,0L,47,HP,0,NA
AN34,IO_L3N_T0L_N5_AD15N_47,0L,47,HP,0,NA
AP34,IO_L2P_T0L_N2_47,0L,47,HP,0,NA
AP35,IO_L2N_T0L_N3_47,0L,47,HP,0,NA
AN33,IO_T0U_N12_VRP_47,0U,47,HP,0,NA
AM35,IO_L1P_T0L_N0_DBC_47,0L,47,HP,0,NA
AM36,IO_L1N_T0L_N1_DBC_47,0L,47,HP,0,NA
AH28,VREF_47,NA,47,HP,0,NA
M34,IO_L24P_T3U_N10_50,3U,50,HP,1,NA
L34,IO_L24N_T3U_N11_50,3U,50,HP,1,NA
K35,IO_T3U_N12_50,3U,50,HP,1,NA
N31,IO_L23P_T3U_N8_50,3U,50,HP,1,NA
M31,IO_L23N_T3U_N9_50,3U,50,HP,1,NA
N32,IO_L22P_T3U_N6_DBC_AD0P_50,3U,50,HP,1,NA
M32,IO_L22N_T3U_N7_DBC_AD0N_50,3U,50,HP,1,NA
L32,IO_L21P_T3L_N4_AD8P_50,3L,50,HP,1,NA
K32,IO_L21N_T3L_N5_AD8N_50,3L,50,HP,1,NA
N33,IO_L20P_T3L_N2_AD1P_50,3L,50,HP,1,NA
N34,IO_L20N_T3L_N3_AD1N_50,3L,50,HP,1,NA
L33,IO_L19P_T3L_N0_DBC_AD9P_50,3L,50,HP,1,NA
K33,IO_L19N_T3L_N1_DBC_AD9N_50,3L,50,HP,1,NA
N37,IO_L18P_T2U_N10_AD2P_50,2U,50,HP,1,NA
M37,IO_L18N_T2U_N11_AD2N_50,2U,50,HP,1,NA
M35,IO_L17P_T2U_N8_AD10P_50,2U,50,HP,1,NA
L35,IO_L17N_T2U_N9_AD10N_50,2U,50,HP,1,NA
P36,IO_L16P_T2U_N6_QBC_AD3P_50,2U,50,HP,1,NA
N36,IO_L16N_T2U_N7_QBC_AD3N_50,2U,50,HP,1,NA
M36,IO_L15P_T2L_N4_AD11P_50,2L,50,HP,1,NA
L37,IO_L15N_T2L_N5_AD11N_50,2L,50,HP,1,NA
P34,IO_L14P_T2L_N2_GC_50,2L,50,HP,1,NA
P35,IO_L14N_T2L_N3_GC_50,2L,50,HP,1,NA
R35,IO_T2U_N12_50,2U,50,HP,1,NA
R33,IO_L13P_T2L_N0_GC_QBC_50,2L,50,HP,1,NA
P33,IO_L13N_T2L_N1_GC_QBC_50,2L,50,HP,1,NA
T32,IO_L12P_T1U_N10_GC_50,1U,50,HP,1,NA
R32,IO_L12N_T1U_N11_GC_50,1U,50,HP,1,NA
V31,IO_T1U_N12_50,1U,50,HP,1,NA
R31,IO_L11P_T1U_N8_GC_50,1U,50,HP,1,NA
P31,IO_L11N_T1U_N9_GC_50,1U,50,HP,1,NA
R30,IO_L10P_T1U_N6_QBC_AD4P_50,1U,50,HP,1,NA
P30,IO_L10N_T1U_N7_QBC_AD4N_50,1U,50,HP,1,NA
U29,IO_L9P_T1L_N4_AD12P_50,1L,50,HP,1,NA
T29,IO_L9N_T1L_N5_AD12N_50,1L,50,HP,1,NA
U31,IO_L8P_T1L_N2_AD5P_50,1L,50,HP,1,NA
U32,IO_L8N_T1L_N3_AD5N_50,1L,50,HP,1,NA
U30,IO_L7P_T1L_N0_QBC_AD13P_50,1L,50,HP,1,NA
T30,IO_L7N_T1L_N1_QBC_AD13N_50,1L,50,HP,1,NA
T33,IO_L6P_T0U_N10_AD6P_50,0U,50,HP,1,NA
T34,IO_L6N_T0U_N11_AD6N_50,0U,50,HP,1,NA
V32,IO_L5P_T0U_N8_AD14P_50,0U,50,HP,1,NA
V33,IO_L5N_T0U_N9_AD14N_50,0U,50,HP,1,NA
U35,IO_L4P_T0U_N6_DBC_AD7P_50,0U,50,HP,1,NA
T35,IO_L4N_T0U_N7_DBC_AD7N_50,0U,50,HP,1,NA
W33,IO_L3P_T0L_N4_AD15P_50,0L,50,HP,1,NA
W34,IO_L3N_T0L_N5_AD15N_50,0L,50,HP,1,NA
V34,IO_L2P_T0L_N2_50,0L,50,HP,1,NA
U34,IO_L2N_T0L_N3_50,0L,50,HP,1,NA
AA35,IO_T0U_N12_VRP_50,0U,50,HP,1,NA
Y35,IO_L1P_T0L_N0_DBC_50,0L,50,HP,1,NA
W35,IO_L1N_T0L_N1_DBC_50,0L,50,HP,1,NA
W31,VREF_50,NA,50,HP,1,NA
A33,IO_L24P_T3U_N10_51,3U,51,HP,1,NA
A34,IO_L24N_T3U_N11_51,3U,51,HP,1,NA
E33,IO_T3U_N12_51,3U,51,HP,1,NA
B34,IO_L23P_T3U_N8_51,3U,51,HP,1,NA
A35,IO_L23N_T3U_N9_51,3U,51,HP,1,NA
B35,IO_L22P_T3U_N6_DBC_AD0P_51,3U,51,HP,1,NA
B36,IO_L22N_T3U_N7_DBC_AD0N_51,3U,51,HP,1,NA
D33,IO_L21P_T3L_N4_AD8P_51,3L,51,HP,1,NA
C33,IO_L21N_T3L_N5_AD8N_51,3L,51,HP,1,NA
D34,IO_L20P_T3L_N2_AD1P_51,3L,51,HP,1,NA
C34,IO_L20N_T3L_N3_AD1N_51,3L,51,HP,1,NA
E35,IO_L19P_T3L_N0_DBC_AD9P_51,3L,51,HP,1,NA
D35,IO_L19N_T3L_N1_DBC_AD9N_51,3L,51,HP,1,NA
B37,IO_L18P_T2U_N10_AD2P_51,2U,51,HP,1,NA
A37,IO_L18N_T2U_N11_AD2N_51,2U,51,HP,1,NA
D36,IO_L17P_T2U_N8_AD10P_51,2U,51,HP,1,NA
C36,IO_L17N_T2U_N9_AD10N_51,2U,51,HP,1,NA
D38,IO_L16P_T2U_N6_QBC_AD3P_51,2U,51,HP,1,NA
C38,IO_L16N_T2U_N7_QBC_AD3N_51,2U,51,HP,1,NA
D39,IO_L15P_T2L_N4_AD11P_51,2L,51,HP,1,NA
C39,IO_L15N_T2L_N5_AD11N_51,2L,51,HP,1,NA
E36,IO_L14P_T2L_N2_GC_51,2L,51,HP,1,NA
E37,IO_L14N_T2L_N3_GC_51,2L,51,HP,1,NA
C37,IO_T2U_N12_51,2U,51,HP,1,NA
F37,IO_L13P_T2L_N0_GC_QBC_51,2L,51,HP,1,NA
E38,IO_L13N_T2L_N1_GC_QBC_51,2L,51,HP,1,NA
G35,IO_L12P_T1U_N10_GC_51,1U,51,HP,1,NA
G36,IO_L12N_T1U_N11_GC_51,1U,51,HP,1,NA
F33,IO_T1U_N12_51,1U,51,HP,1,NA
F34,IO_L11P_T1U_N8_GC_51,1U,51,HP,1,NA
F35,IO_L11N_T1U_N9_GC_51,1U,51,HP,1,NA
H33,IO_L10P_T1U_N6_QBC_AD4P_51,1U,51,HP,1,NA
G34,IO_L10N_T1U_N7_QBC_AD4N_51,1U,51,HP,1,NA
J35,IO_L9P_T1L_N4_AD12P_51,1L,51,HP,1,NA
H36,IO_L9N_T1L_N5_AD12N_51,1L,51,HP,1,NA
J33,IO_L8P_T1L_N2_AD5P_51,1L,51,HP,1,NA
H34,IO_L8N_T1L_N3_AD5N_51,1L,51,HP,1,NA
K36,IO_L7P_T1L_N0_QBC_AD13P_51,1L,51,HP,1,NA
J36,IO_L7N_T1L_N1_QBC_AD13N_51,1L,51,HP,1,NA
F38,IO_L6P_T0U_N10_AD6P_51,0U,51,HP,1,NA
F39,IO_L6N_T0U_N11_AD6N_51,0U,51,HP,1,NA
H38,IO_L5P_T0U_N8_AD14P_51,0U,51,HP,1,NA
G39,IO_L5N_T0U_N9_AD14N_51,0U,51,HP,1,NA
H37,IO_L4P_T0U_N6_DBC_AD7P_51,0U,51,HP,1,NA
G37,IO_L4N_T0U_N7_DBC_AD7N_51,0U,51,HP,1,NA
J39,IO_L3P_T0L_N4_AD15P_51,0L,51,HP,1,NA
H39,IO_L3N_T0L_N5_AD15N_51,0L,51,HP,1,NA
K38,IO_L2P_T0L_N2_51,0L,51,HP,1,NA
J38,IO_L2N_T0L_N3_51,0L,51,HP,1,NA
K37,IO_T0U_N12_VRP_51,0U,51,HP,1,NA
L38,IO_L1P_T0L_N0_DBC_51,0L,51,HP,1,NA
L39,IO_L1N_T0L_N1_DBC_51,0L,51,HP,1,NA
J34,VREF_51,NA,51,HP,1,NA
D28,IO_L24P_T3U_N10_52,3U,52,HP,1,NA
C28,IO_L24N_T3U_N11_52,3U,52,HP,1,NA
A28,IO_T3U_N12_52,3U,52,HP,1,NA
C29,IO_L23P_T3U_N8_52,3U,52,HP,1,NA
B29,IO_L23N_T3U_N9_52,3U,52,HP,1,NA
A29,IO_L22P_T3U_N6_DBC_AD0P_52,3U,52,HP,1,NA
A30,IO_L22N_T3U_N7_DBC_AD0N_52,3U,52,HP,1,NA
B32,IO_L21P_T3L_N4_AD8P_52,3L,52,HP,1,NA
A32,IO_L21N_T3L_N5_AD8N_52,3L,52,HP,1,NA
B30,IO_L20P_T3L_N2_AD1P_52,3L,52,HP,1,NA
B31,IO_L20N_T3L_N3_AD1N_52,3L,52,HP,1,NA
C31,IO_L19P_T3L_N0_DBC_AD9P_52,3L,52,HP,1,NA
C32,IO_L19N_T3L_N1_DBC_AD9N_52,3L,52,HP,1,NA
F28,IO_L18P_T2U_N10_AD2P_52,2U,52,HP,1,NA
E28,IO_L18N_T2U_N11_AD2N_52,2U,52,HP,1,NA
E31,IO_L17P_T2U_N8_AD10P_52,2U,52,HP,1,NA
D31,IO_L17N_T2U_N9_AD10N_52,2U,52,HP,1,NA
E30,IO_L16P_T2U_N6_QBC_AD3P_52,2U,52,HP,1,NA
D30,IO_L16N_T2U_N7_QBC_AD3N_52,2U,52,HP,1,NA
F32,IO_L15P_T2L_N4_AD11P_52,2L,52,HP,1,NA
E32,IO_L15N_T2L_N5_AD11N_52,2L,52,HP,1,NA
G29,IO_L14P_T2L_N2_GC_52,2L,52,HP,1,NA
F29,IO_L14N_T2L_N3_GC_52,2L,52,HP,1,NA
D29,IO_T2U_N12_52,2U,52,HP,1,NA
G30,IO_L13P_T2L_N0_GC_QBC_52,2L,52,HP,1,NA
F30,IO_L13N_T2L_N1_GC_QBC_52,2L,52,HP,1,NA
H31,IO_L12P_T1U_N10_GC_52,1U,52,HP,1,NA
G31,IO_L12N_T1U_N11_GC_52,1U,52,HP,1,NA
K28,IO_T1U_N12_52,1U,52,HP,1,NA
H28,IO_L11P_T1U_N8_GC_52,1U,52,HP,1,NA
H29,IO_L11N_T1U_N9_GC_52,1U,52,HP,1,NA
H32,IO_L10P_T1U_N6_QBC_AD4P_52,1U,52,HP,1,NA
G32,IO_L10N_T1U_N7_QBC_AD4N_52,1U,52,HP,1,NA
J28,IO_L9P_T1L_N4_AD12P_52,1L,52,HP,1,NA
J29,IO_L9N_T1L_N5_AD12N_52,1L,52,HP,1,NA
K31,IO_L8P_T1L_N2_AD5P_52,1L,52,HP,1,NA
J31,IO_L8N_T1L_N3_AD5N_52,1L,52,HP,1,NA
K30,IO_L7P_T1L_N0_QBC_AD13P_52,1L,52,HP,1,NA
J30,IO_L7N_T1L_N1_QBC_AD13N_52,1L,52,HP,1,NA
L28,IO_L6P_T0U_N10_AD6P_52,0U,52,HP,1,NA
L29,IO_L6N_T0U_N11_AD6N_52,0U,52,HP,1,NA
N27,IO_L5P_T0U_N8_AD14P_52,0U,52,HP,1,NA
N28,IO_L5N_T0U_N9_AD14N_52,0U,52,HP,1,NA
N29,IO_L4P_T0U_N6_DBC_AD7P_52,0U,52,HP,1,NA
M29,IO_L4N_T0U_N7_DBC_AD7N_52,0U,52,HP,1,NA
P28,IO_L3P_T0L_N4_AD15P_52,0L,52,HP,1,NA
P29,IO_L3N_T0L_N5_AD15N_52,0L,52,HP,1,NA
M30,IO_L2P_T0L_N2_52,0L,52,HP,1,NA
L30,IO_L2N_T0L_N3_52,0L,52,HP,1,NA
T28,IO_T0U_N12_VRP_52,0U,52,HP,1,NA
R27,IO_L1P_T0L_N0_DBC_52,0L,52,HP,1,NA
R28,IO_L1N_T0L_N1_DBC_52,0L,52,HP,1,NA
T27,VREF_52,NA,52,HP,1,NA
C24,IO_L24P_T3U_N10_53,3U,53,HP,1,NA
B24,IO_L24N_T3U_N11_53,3U,53,HP,1,NA
A24,IO_T3U_N12_53,3U,53,HP,1,NA
D24,IO_L23P_T3U_N8_53,3U,53,HP,1,NA
D25,IO_L23N_T3U_N9_53,3U,53,HP,1,NA
B25,IO_L22P_T3U_N6_DBC_AD0P_53,3U,53,HP,1,NA
A25,IO_L22N_T3U_N7_DBC_AD0N_53,3U,53,HP,1,NA
C26,IO_L21P_T3L_N4_AD8P_53,3L,53,HP,1,NA
B26,IO_L21N_T3L_N5_AD8N_53,3L,53,HP,1,NA
B27,IO_L20P_T3L_N2_AD1P_53,3L,53,HP,1,NA
A27,IO_L20N_T3L_N3_AD1N_53,3L,53,HP,1,NA
D26,IO_L19P_T3L_N0_DBC_AD9P_53,3L,53,HP,1,NA
C27,IO_L19N_T3L_N1_DBC_AD9N_53,3L,53,HP,1,NA
G24,IO_L18P_T2U_N10_AD2P_53,2U,53,HP,1,NA
F24,IO_L18N_T2U_N11_AD2N_53,2U,53,HP,1,NA
E25,IO_L17P_T2U_N8_AD10P_53,2U,53,HP,1,NA
E26,IO_L17N_T2U_N9_AD10N_53,2U,53,HP,1,NA
H27,IO_L16P_T2U_N6_QBC_AD3P_53,2U,53,HP,1,NA
G27,IO_L16N_T2U_N7_QBC_AD3N_53,2U,53,HP,1,NA
F27,IO_L15P_T2L_N4_AD11P_53,2L,53,HP,1,NA
E27,IO_L15N_T2L_N5_AD11N_53,2L,53,HP,1,NA
H26,IO_L14P_T2L_N2_GC_53,2L,53,HP,1,NA
G26,IO_L14N_T2L_N3_GC_53,2L,53,HP,1,NA
H24,IO_T2U_N12_53,2U,53,HP,1,NA
G25,IO_L13P_T2L_N0_GC_QBC_53,2L,53,HP,1,NA
F25,IO_L13N_T2L_N1_GC_QBC_53,2L,53,HP,1,NA
K26,IO_L12P_T1U_N10_GC_53,1U,53,HP,1,NA
J26,IO_L12N_T1U_N11_GC_53,1U,53,HP,1,NA
J24,IO_T1U_N12_53,1U,53,HP,1,NA
K25,IO_L11P_T1U_N8_GC_53,1U,53,HP,1,NA
J25,IO_L11N_T1U_N9_GC_53,1U,53,HP,1,NA
L23,IO_L10P_T1U_N6_QBC_AD4P_53,1U,53,HP,1,NA
L24,IO_L10N_T1U_N7_QBC_AD4N_53,1U,53,HP,1,NA
L27,IO_L9P_T1L_N4_AD12P_53,1L,53,HP,1,NA
K27,IO_L9N_T1L_N5_AD12N_53,1L,53,HP,1,NA
M24,IO_L8P_T1L_N2_AD5P_53,1L,53,HP,1,NA
L25,IO_L8N_T1L_N3_AD5N_53,1L,53,HP,1,NA
M26,IO_L7P_T1L_N0_QBC_AD13P_53,1L,53,HP,1,NA
M27,IO_L7N_T1L_N1_QBC_AD13N_53,1L,53,HP,1,NA
P23,IO_L6P_T0U_N10_AD6P_53,0U,53,HP,1,NA
N23,IO_L6N_T0U_N11_AD6N_53,0U,53,HP,1,NA
P25,IO_L5P_T0U_N8_AD14P_53,0U,53,HP,1,NA
N26,IO_L5N_T0U_N9_AD14N_53,0U,53,HP,1,NA
P24,IO_L4P_T0U_N6_DBC_AD7P_53,0U,53,HP,1,NA
N24,IO_L4N_T0U_N7_DBC_AD7N_53,0U,53,HP,1,NA
R26,IO_L3P_T0L_N4_AD15P_53,0L,53,HP,1,NA
P26,IO_L3N_T0L_N5_AD15N_53,0L,53,HP,1,NA
T23,IO_L2P_T0L_N2_53,0L,53,HP,1,NA
R23,IO_L2N_T0L_N3_53,0L,53,HP,1,NA
M25,IO_T0U_N12_VRP_53,0U,53,HP,1,NA
T25,IO_L1P_T0L_N0_DBC_53,0L,53,HP,1,NA
R25,IO_L1N_T0L_N1_DBC_53,0L,53,HP,1,NA
T24,VREF_53,NA,53,HP,1,NA
AJ16,IO_L24P_T3U_N10_EMCCLK_65,3U,65,HR,0,NA
AK16,IO_L24N_T3U_N11_DOUT_CSO_B_65,3U,65,HR,0,NA
AJ18,IO_T3U_N12_PERSTN0_65,3U,65,HR,0,NA
AM17,IO_L23P_T3U_N8_I2C_SCLK_65,3U,65,HR,0,NA
AM16,IO_L23N_T3U_N9_I2C_SDA_65,3U,65,HR,0,NA
AK18,IO_L22P_T3U_N6_DBC_AD0P_D04_65,3U,65,HR,0,NA
AK17,IO_L22N_T3U_N7_DBC_AD0N_D05_65,3U,65,HR,0,NA
AL19,IO_L21P_T3L_N4_AD8P_D06_65,3L,65,HR,0,NA
AM19,IO_L21N_T3L_N5_AD8N_D07_65,3L,65,HR,0,NA
AL18,IO_L20P_T3L_N2_AD1P_D08_65,3L,65,HR,0,NA
AL17,IO_L20N_T3L_N3_AD1N_D09_65,3L,65,HR,0,NA
AN17,IO_L19P_T3L_N0_DBC_AD9P_D10_65,3L,65,HR,0,NA
AN16,IO_L19N_T3L_N1_DBC_AD9N_D11_65,3L,65,HR,0,NA
AP19,IO_L18P_T2U_N10_AD2P_D12_65,2U,65,HR,0,NA
AP18,IO_L18N_T2U_N11_AD2N_D13_65,2U,65,HR,0,NA
AP16,IO_L17P_T2U_N8_AD10P_D14_65,2U,65,HR,0,NA
AR16,IO_L17N_T2U_N9_AD10N_D15_65,2U,65,HR,0,NA
AN19,IO_L16P_T2U_N6_QBC_AD3P_A00_D16_65,2U,65,HR,0,NA
AN18,IO_L16N_T2U_N7_QBC_AD3N_A01_D17_65,2U,65,HR,0,NA
AT19,IO_L15P_T2L_N4_AD11P_A02_D18_65,2L,65,HR,0,NA
AU19,IO_L15N_T2L_N5_AD11N_A03_D19_65,2L,65,HR,0,NA
AR18,IO_L14P_T2L_N2_GC_A04_D20_65,2L,65,HR,0,NA
AR17,IO_L14N_T2L_N3_GC_A05_D21_65,2L,65,HR,0,NA
AU16,IO_T2U_N12_CSI_ADV_B_65,2U,65,HR,0,NA
AT18,IO_L13P_T2L_N0_GC_QBC_A06_D22_65,2L,65,HR,0,NA
AT17,IO_L13N_T2L_N1_GC_QBC_A07_D23_65,2L,65,HR,0,NA
AJ19,VREF_65,NA,65,HR,0,NA
AU17,IO_L12P_T1U_N10_GC_A08_D24_65,1U,65,HR,0,NA
AV17,IO_L12N_T1U_N11_GC_A09_D25_65,1U,65,HR,0,NA
AV16,IO_T1U_N12_PERSTN1_65,1U,65,HR,0,NA
AV18,IO_L11P_T1U_N8_GC_A10_D26_65,1U,65,HR,0,NA
AW18,IO_L11N_T1U_N9_GC_A11_D27_65,1U,65,HR,0,NA
AW16,IO_L10P_T1U_N6_QBC_AD4P_A12_D28_65,1U,65,HR,0,NA
AY16,IO_L10N_T1U_N7_QBC_AD4N_A13_D29_65,1U,65,HR,0,NA
AY18,IO_L9P_T1L_N4_AD12P_A14_D30_65,1L,65,HR,0,NA
BA18,IO_L9N_T1L_N5_AD12N_A15_D31_65,1L,65,HR,0,NA
AY17,IO_L8P_T1L_N2_AD5P_A16_65,1L,65,HR,0,NA
BA17,IO_L8N_T1L_N3_AD5N_A17_65,1L,65,HR,0,NA
AV19,IO_L7P_T1L_N0_QBC_AD13P_A18_65,1L,65,HR,0,NA
AW19,IO_L7N_T1L_N1_QBC_AD13N_A19_65,1L,65,HR,0,NA
BB17,IO_L6P_T0U_N10_AD6P_A20_65,0U,65,HR,0,NA
BB16,IO_L6N_T0U_N11_AD6N_A21_65,0U,65,HR,0,NA
BA19,IO_L5P_T0U_N8_AD14P_A22_65,0U,65,HR,0,NA
BB19,IO_L5N_T0U_N9_AD14N_A23_65,0U,65,HR,0,NA
BC17,IO_L4P_T0U_N6_DBC_AD7P_A24_65,0U,65,HR,0,NA
BC16,IO_L4N_T0U_N7_DBC_AD7N_A25_65,0U,65,HR,0,NA
BC18,IO_L3P_T0L_N4_AD15P_A26_65,0L,65,HR,0,NA
BD18,IO_L3N_T0L_N5_AD15N_A27_65,0L,65,HR,0,NA
BD16,IO_L2P_T0L_N2_FOE_B_65,0L,65,HR,0,NA
BD15,IO_L2N_T0L_N3_FWE_FCS2_B_65,0L,65,HR,0,NA
BD20,IO_T0U_N12_A28_65,0U,65,HR,0,NA
BC19,IO_L1P_T0L_N0_DBC_RS0_65,0L,65,HR,0,NA
BD19,IO_L1N_T0L_N1_DBC_RS1_65,0L,65,HR,0,NA
AV11,IO_L24P_T3U_N10_66,3U,66,HP,0,NA
AW11,IO_L24N_T3U_N11_66,3U,66,HP,0,NA
AT13,IO_T3U_N12_66,3U,66,HP,0,NA
AT14,IO_L23P_T3U_N8_66,3U,66,HP,0,NA
AU14,IO_L23N_T3U_N9_66,3U,66,HP,0,NA
AU15,IO_L22P_T3U_N6_DBC_AD0P_66,3U,66,HP,0,NA
AV14,IO_L22N_T3U_N7_DBC_AD0N_66,3U,66,HP,0,NA
AU12,IO_L21P_T3L_N4_AD8P_66,3L,66,HP,0,NA
AU11,IO_L21N_T3L_N5_AD8N_66,3L,66,HP,0,NA
AW14,IO_L20P_T3L_N2_AD1P_66,3L,66,HP,0,NA
AW13,IO_L20N_T3L_N3_AD1N_66,3L,66,HP,0,NA
AV13,IO_L19P_T3L_N0_DBC_AD9P_66,3L,66,HP,0,NA
AV12,IO_L19N_T3L_N1_DBC_AD9N_66,3L,66,HP,0,NA
AW9,IO_L18P_T2U_N10_AD2P_66,2U,66,HP,0,NA
AW8,IO_L18N_T2U_N11_AD2N_66,2U,66,HP,0,NA
AU10,IO_L17P_T2U_N8_AD10P_66,2U,66,HP,0,NA
AU9,IO_L17N_T2U_N9_AD10N_66,2U,66,HP,0,NA
BA9,IO_L16P_T2U_N6_QBC_AD3P_66,2U,66,HP,0,NA
BA8,IO_L16N_T2U_N7_QBC_AD3N_66,2U,66,HP,0,NA
AV9,IO_L15P_T2L_N4_AD11P_66,2L,66,HP,0,NA
AV8,IO_L15N_T2L_N5_AD11N_66,2L,66,HP,0,NA
AY12,IO_L14P_T2L_N2_GC_66,2L,66,HP,0,NA
AY11,IO_L14N_T2L_N3_GC_66,2L,66,HP,0,NA
AY8,IO_T2U_N12_66,2U,66,HP,0,NA
AW10,IO_L13P_T2L_N0_GC_QBC_66,2L,66,HP,0,NA
AY10,IO_L13N_T2L_N1_GC_QBC_66,2L,66,HP,0,NA
BB11,IO_L12P_T1U_N10_GC_66,1U,66,HP,0,NA
BB10,IO_L12N_T1U_N11_GC_66,1U,66,HP,0,NA
BD11,IO_T1U_N12_66,1U,66,HP,0,NA
BA12,IO_L11P_T1U_N8_GC_66,1U,66,HP,0,NA
BB12,IO_L11N_T1U_N9_GC_66,1U,66,HP,0,NA
BC11,IO_L10P_T1U_N6_QBC_AD4P_66,1U,66,HP,0,NA
BD10,IO_L10N_T1U_N7_QBC_AD4N_66,1U,66,HP,0,NA
BA10,IO_L9P_T1L_N4_AD12P_66,1L,66,HP,0,NA
BB9,IO_L9N_T1L_N5_AD12N_66,1L,66,HP,0,NA
BD9,IO_L8P_T1L_N2_AD5P_66,1L,66,HP,0,NA
BD8,IO_L8N_T1L_N3_AD5N_66,1L,66,HP,0,NA
BC9,IO_L7P_T1L_N0_QBC_AD13P_66,1L,66,HP,0,NA
BC8,IO_L7N_T1L_N1_QBC_AD13N_66,1L,66,HP,0,NA
AY13,IO_L6P_T0U_N10_AD6P_66,0U,66,HP,0,NA
BA13,IO_L6N_T0U_N11_AD6N_66,0U,66,HP,0,NA
BA15,IO_L5P_T0U_N8_AD14P_66,0U,66,HP,0,NA
BB15,IO_L5N_T0U_N9_AD14N_66,0U,66,HP,0,NA
BA14,IO_L4P_T0U_N6_DBC_AD7P_66,0U,66,HP,0,NA
BB14,IO_L4N_T0U_N7_DBC_AD7N_66,0U,66,HP,0,NA
BC13,IO_L3P_T0L_N4_AD15P_66,0L,66,HP,0,NA
BC12,IO_L3N_T0L_N5_AD15N_66,0L,66,HP,0,NA
AW15,IO_L2P_T0L_N2_66,0L,66,HP,0,NA
AY15,IO_L2N_T0L_N3_66,0L,66,HP,0,NA
BD14,IO_T0U_N12_VRP_66,0U,66,HP,0,NA
BC14,IO_L1P_T0L_N0_DBC_66,0L,66,HP,0,NA
BD13,IO_L1N_T0L_N1_DBC_66,0L,66,HP,0,NA
AT15,VREF_66,NA,66,HP,0,NA
AF12,IO_L24P_T3U_N10_67,3U,67,HP,0,NA
AG12,IO_L24N_T3U_N11_67,3U,67,HP,0,NA
AJ15,IO_T3U_N12_67,3U,67,HP,0,NA
AH13,IO_L23P_T3U_N8_67,3U,67,HP,0,NA
AH12,IO_L23N_T3U_N9_67,3U,67,HP,0,NA
AF10,IO_L22P_T3U_N6_DBC_AD0P_67,3U,67,HP,0,NA
AG10,IO_L22N_T3U_N7_DBC_AD0N_67,3U,67,HP,0,NA
AJ14,IO_L21P_T3L_N4_AD8P_67,3L,67,HP,0,NA
AJ13,IO_L21N_T3L_N5_AD8N_67,3L,67,HP,0,NA
AG11,IO_L20P_T3L_N2_AD1P_67,3L,67,HP,0,NA
AH11,IO_L20N_T3L_N3_AD1N_67,3L,67,HP,0,NA
AJ11,IO_L19P_T3L_N0_DBC_AD9P_67,3L,67,HP,0,NA
AJ10,IO_L19N_T3L_N1_DBC_AD9N_67,3L,67,HP,0,NA
AK15,IO_L18P_T2U_N10_AD2P_67,2U,67,HP,0,NA
AL14,IO_L18N_T2U_N11_AD2N_67,2U,67,HP,0,NA
AK12,IO_L17P_T2U_N8_AD10P_67,2U,67,HP,0,NA
AK11,IO_L17N_T2U_N9_AD10N_67,2U,67,HP,0,NA
AK13,IO_L16P_T2U_N6_QBC_AD3P_67,2U,67,HP,0,NA
AL13,IO_L16N_T2U_N7_QBC_AD3N_67,2U,67,HP,0,NA
AL10,IO_L15P_T2L_N4_AD11P_67,2L,67,HP,0,NA
AM10,IO_L15N_T2L_N5_AD11N_67,2L,67,HP,0,NA
AL12,IO_L14P_T2L_N2_GC_67,2L,67,HP,0,NA
AM11,IO_L14N_T2L_N3_GC_67,2L,67,HP,0,NA
AK10,IO_T2U_N12_67,2U,67,HP,0,NA
AM12,IO_L13P_T2L_N0_GC_QBC_67,2L,67,HP,0,NA
AN11,IO_L13N_T2L_N1_GC_QBC_67,2L,67,HP,0,NA
AN13,IO_L12P_T1U_N10_GC_67,1U,67,HP,0,NA
AN12,IO_L12N_T1U_N11_GC_67,1U,67,HP,0,NA
AT12,IO_T1U_N12_67,1U,67,HP,0,NA
AM14,IO_L11P_T1U_N8_GC_67,1U,67,HP,0,NA
AN14,IO_L11N_T1U_N9_GC_67,1U,67,HP,0,NA
AR13,IO_L10P_T1U_N6_QBC_AD4P_67,1U,67,HP,0,NA
AR12,IO_L10N_T1U_N7_QBC_AD4N_67,1U,67,HP,0,NA
AP15,IO_L9P_T1L_N4_AD12P_67,1L,67,HP,0,NA
AR15,IO_L9N_T1L_N5_AD12N_67,1L,67,HP,0,NA
AP14,IO_L8P_T1L_N2_AD5P_67,1L,67,HP,0,NA
AP13,IO_L8N_T1L_N3_AD5N_67,1L,67,HP,0,NA
AL15,IO_L7P_T1L_N0_QBC_AD13P_67,1L,67,HP,0,NA
AM15,IO_L7N_T1L_N1_QBC_AD13N_67,1L,67,HP,0,NA
AM9,IO_L6P_T0U_N10_AD6P_67,0U,67,HP,0,NA
AN9,IO_L6N_T0U_N11_AD6N_67,0U,67,HP,0,NA
AP11,IO_L5P_T0U_N8_AD14P_67,0U,67,HP,0,NA
AR11,IO_L5N_T0U_N9_AD14N_67,0U,67,HP,0,NA
AN8,IO_L4P_T0U_N6_DBC_AD7P_67,0U,67,HP,0,NA
AP8,IO_L4N_T0U_N7_DBC_AD7N_67,0U,67,HP,0,NA
AP9,IO_L3P_T0L_N4_AD15P_67,0L,67,HP,0,NA
AR8,IO_L3N_T0L_N5_AD15N_67,0L,67,HP,0,NA
AP10,IO_L2P_T0L_N2_67,0L,67,HP,0,NA
AR10,IO_L2N_T0L_N3_67,0L,67,HP,0,NA
AT10,IO_T0U_N12_VRP_67,0U,67,HP,0,NA
AT9,IO_L1P_T0L_N0_DBC_67,0L,67,HP,0,NA
AT8,IO_L1N_T0L_N1_DBC_67,0L,67,HP,0,NA
AH14,VREF_67,NA,67,HP,0,NA
L10,IO_L24P_T3U_N10_70,3U,70,HR,1,NA
K10,IO_L24N_T3U_N11_70,3U,70,HR,1,NA
R10,IO_T3U_N12_70,3U,70,HR,1,NA
M10,IO_L23P_T3U_N8_70,3U,70,HR,1,NA
L9,IO_L23N_T3U_N9_70,3U,70,HR,1,NA
N9,IO_L22P_T3U_N6_DBC_AD0P_70,3U,70,HR,1,NA
M9,IO_L22N_T3U_N7_DBC_AD0N_70,3U,70,HR,1,NA
L8,IO_L21P_T3L_N4_AD8P_70,3L,70,HR,1,NA
K8,IO_L21N_T3L_N5_AD8N_70,3L,70,HR,1,NA
P10,IO_L20P_T3L_N2_AD1P_70,3L,70,HR,1,NA
P9,IO_L20N_T3L_N3_AD1N_70,3L,70,HR,1,NA
P8,IO_L19P_T3L_N0_DBC_AD9P_70,3L,70,HR,1,NA
N8,IO_L19N_T3L_N1_DBC_AD9N_70,3L,70,HR,1,NA
K13,IO_L18P_T2U_N10_AD2P_70,2U,70,HR,1,NA
K12,IO_L18N_T2U_N11_AD2N_70,2U,70,HR,1,NA
M14,IO_L17P_T2U_N8_AD10P_70,2U,70,HR,1,NA
L14,IO_L17N_T2U_N9_AD10N_70,2U,70,HR,1,NA
L13,IO_L16P_T2U_N6_QBC_AD3P_70,2U,70,HR,1,NA
L12,IO_L16N_T2U_N7_QBC_AD3N_70,2U,70,HR,1,NA
N14,IO_L15P_T2L_N4_AD11P_70,2L,70,HR,1,NA
N13,IO_L15N_T2L_N5_AD11N_70,2L,70,HR,1,NA
M12,IO_L14P_T2L_N2_GC_70,2L,70,HR,1,NA
M11,IO_L14N_T2L_N3_GC_70,2L,70,HR,1,NA
K11,IO_T2U_N12_70,2U,70,HR,1,NA
N12,IO_L13P_T2L_N0_GC_QBC_70,2L,70,HR,1,NA
N11,IO_L13N_T2L_N1_GC_QBC_70,2L,70,HR,1,NA
U15,VREF_70,NA,70,HR,1,NA
R13,IO_L12P_T1U_N10_GC_70,1U,70,HR,1,NA
P13,IO_L12N_T1U_N11_GC_70,1U,70,HR,1,NA
P14,IO_T1U_N12_70,1U,70,HR,1,NA
R11,IO_L11P_T1U_N8_GC_70,1U,70,HR,1,NA
P11,IO_L11N_T1U_N9_GC_70,1U,70,HR,1,NA
T13,IO_L10P_T1U_N6_QBC_AD4P_70,1U,70,HR,1,NA
R12,IO_L10N_T1U_N7_QBC_AD4N_70,1U,70,HR,1,NA
T15,IO_L9P_T1L_N4_AD12P_70,1L,70,HR,1,NA
R15,IO_L9N_T1L_N5_AD12N_70,1L,70,HR,1,NA
U14,IO_L8P_T1L_N2_AD5P_70,1L,70,HR,1,NA
T14,IO_L8N_T1L_N3_AD5N_70,1L,70,HR,1,NA
V14,IO_L7P_T1L_N0_QBC_AD13P_70,1L,70,HR,1,NA
V13,IO_L7N_T1L_N1_QBC_AD13N_70,1L,70,HR,1,NA
U12,IO_L6P_T0U_N10_AD6P_70,0U,70,HR,1,NA
T12,IO_L6N_T0U_N11_AD6N_70,0U,70,HR,1,NA
W13,IO_L5P_T0U_N8_AD14P_70,0U,70,HR,1,NA
V12,IO_L5N_T0U_N9_AD14N_70,0U,70,HR,1,NA
V11,IO_L4P_T0U_N6_DBC_AD7P_70,0U,70,HR,1,NA
U11,IO_L4N_T0U_N7_DBC_AD7N_70,0U,70,HR,1,NA
U10,IO_L3P_T0L_N4_AD15P_70,0L,70,HR,1,NA
T10,IO_L3N_T0L_N5_AD15N_70,0L,70,HR,1,NA
W11,IO_L2P_T0L_N2_70,0L,70,HR,1,NA
W10,IO_L2N_T0L_N3_70,0L,70,HR,1,NA
Y10,IO_T0U_N12_70,0U,70,HR,1,NA
Y12,IO_L1P_T0L_N0_DBC_70,0L,70,HR,1,NA
Y11,IO_L1N_T0L_N1_DBC_70,0L,70,HR,1,NA
B15,IO_L24P_T3U_N10_71,3U,71,HP,1,NA
B14,IO_L24N_T3U_N11_71,3U,71,HP,1,NA
D14,IO_T3U_N12_71,3U,71,HP,1,NA
C14,IO_L23P_T3U_N8_71,3U,71,HP,1,NA
C13,IO_L23N_T3U_N9_71,3U,71,HP,1,NA
A13,IO_L22P_T3U_N6_DBC_AD0P_71,3U,71,HP,1,NA
A12,IO_L22N_T3U_N7_DBC_AD0N_71,3U,71,HP,1,NA
A15,IO_L21P_T3L_N4_AD8P_71,3L,71,HP,1,NA
A14,IO_L21N_T3L_N5_AD8N_71,3L,71,HP,1,NA
C11,IO_L20P_T3L_N2_AD1P_71,3L,71,HP,1,NA
B11,IO_L20N_T3L_N3_AD1N_71,3L,71,HP,1,NA
C12,IO_L19P_T3L_N0_DBC_AD9P_71,3L,71,HP,1,NA
B12,IO_L19N_T3L_N1_DBC_AD9N_71,3L,71,HP,1,NA
H14,IO_L18P_T2U_N10_AD2P_71,2U,71,HP,1,NA
G14,IO_L18N_T2U_N11_AD2N_71,2U,71,HP,1,NA
H13,IO_L17P_T2U_N8_AD10P_71,2U,71,HP,1,NA
H12,IO_L17N_T2U_N9_AD10N_71,2U,71,HP,1,NA
E13,IO_L16P_T2U_N6_QBC_AD3P_71,2U,71,HP,1,NA
D13,IO_L16N_T2U_N7_QBC_AD3N_71,2U,71,HP,1,NA
F14,IO_L15P_T2L_N4_AD11P_71,2L,71,HP,1,NA
F13,IO_L15N_T2L_N5_AD11N_71,2L,71,HP,1,NA
G12,IO_L14P_T2L_N2_GC_71,2L,71,HP,1,NA
F12,IO_L14N_T2L_N3_GC_71,2L,71,HP,1,NA
J13,IO_T2U_N12_71,2U,71,HP,1,NA
E12,IO_L13P_T2L_N0_GC_QBC_71,2L,71,HP,1,NA
E11,IO_L13N_T2L_N1_GC_QBC_71,2L,71,HP,1,NA
D11,IO_L12P_T1U_N10_GC_71,1U,71,HP,1,NA
D10,IO_L12N_T1U_N11_GC_71,1U,71,HP,1,NA
A10,IO_T1U_N12_71,1U,71,HP,1,NA
E10,IO_L11P_T1U_N8_GC_71,1U,71,HP,1,NA
D9,IO_L11N_T1U_N9_GC_71,1U,71,HP,1,NA
A9,IO_L10P_T1U_N6_QBC_AD4P_71,1U,71,HP,1,NA
A8,IO_L10N_T1U_N7_QBC_AD4N_71,1U,71,HP,1,NA
B10,IO_L9P_T1L_N4_AD12P_71,1L,71,HP,1,NA
B9,IO_L9N_T1L_N5_AD12N_71,1L,71,HP,1,NA
E8,IO_L8P_T1L_N2_AD5P_71,1L,71,HP,1,NA
D8,IO_L8N_T1L_N3_AD5N_71,1L,71,HP,1,NA
C9,IO_L7P_T1L_N0_QBC_AD13P_71,1L,71,HP,1,NA
C8,IO_L7N_T1L_N1_QBC_AD13N_71,1L,71,HP,1,NA
J11,IO_L6P_T0U_N10_AD6P_71,0U,71,HP,1,NA
J10,IO_L6N_T0U_N11_AD6N_71,0U,71,HP,1,NA
H11,IO_L5P_T0U_N8_AD14P_71,0U,71,HP,1,NA
G11,IO_L5N_T0U_N9_AD14N_71,0U,71,HP,1,NA
G10,IO_L4P_T0U_N6_DBC_AD7P_71,0U,71,HP,1,NA
F10,IO_L4N_T0U_N7_DBC_AD7N_71,0U,71,HP,1,NA
G9,IO_L3P_T0L_N4_AD15P_71,0L,71,HP,1,NA
F9,IO_L3N_T0L_N5_AD15N_71,0L,71,HP,1,NA
J9,IO_L2P_T0L_N2_71,0L,71,HP,1,NA
H9,IO_L2N_T0L_N3_71,0L,71,HP,1,NA
F8,IO_T0U_N12_VRP_71,0U,71,HP,1,NA
J8,IO_L1P_T0L_N0_DBC_71,0L,71,HP,1,NA
H8,IO_L1N_T0L_N1_DBC_71,0L,71,HP,1,NA
J14,VREF_71,NA,71,HP,1,NA
B20,IO_L24P_T3U_N10_72,3U,72,HP,1,NA
A20,IO_L24N_T3U_N11_72,3U,72,HP,1,NA
D20,IO_T3U_N12_72,3U,72,HP,1,NA
B22,IO_L23P_T3U_N8_72,3U,72,HP,1,NA
B21,IO_L23N_T3U_N9_72,3U,72,HP,1,NA
D21,IO_L22P_T3U_N6_DBC_AD0P_72,3U,72,HP,1,NA
C21,IO_L22N_T3U_N7_DBC_AD0N_72,3U,72,HP,1,NA
C23,IO_L21P_T3L_N4_AD8P_72,3L,72,HP,1,NA
C22,IO_L21N_T3L_N5_AD8N_72,3L,72,HP,1,NA
A23,IO_L20P_T3L_N2_AD1P_72,3L,72,HP,1,NA
A22,IO_L20N_T3L_N3_AD1N_72,3L,72,HP,1,NA
E23,IO_L19P_T3L_N0_DBC_AD9P_72,3L,72,HP,1,NA
D23,IO_L19N_T3L_N1_DBC_AD9N_72,3L,72,HP,1,NA
F23,IO_L18P_T2U_N10_AD2P_72,2U,72,HP,1,NA
F22,IO_L18N_T2U_N11_AD2N_72,2U,72,HP,1,NA
F20,IO_L17P_T2U_N8_AD10P_72,2U,72,HP,1,NA
E20,IO_L17N_T2U_N9_AD10N_72,2U,72,HP,1,NA
H23,IO_L16P_T2U_N6_QBC_AD3P_72,2U,72,HP,1,NA
G22,IO_L16N_T2U_N7_QBC_AD3N_72,2U,72,HP,1,NA
E22,IO_L15P_T2L_N4_AD11P_72,2L,72,HP,1,NA
E21,IO_L15N_T2L_N5_AD11N_72,2L,72,HP,1,NA
H22,IO_L14P_T2L_N2_GC_72,2L,72,HP,1,NA
H21,IO_L14N_T2L_N3_GC_72,2L,72,HP,1,NA
H19,IO_T2U_N12_72,2U,72,HP,1,NA
G21,IO_L13P_T2L_N0_GC_QBC_72,2L,72,HP,1,NA
G20,IO_L13N_T2L_N1_GC_QBC_72,2L,72,HP,1,NA
K21,IO_L12P_T1U_N10_GC_72,1U,72,HP,1,NA
J21,IO_L12N_T1U_N11_GC_72,1U,72,HP,1,NA
J19,IO_T1U_N12_72,1U,72,HP,1,NA
K20,IO_L11P_T1U_N8_GC_72,1U,72,HP,1,NA
J20,IO_L11N_T1U_N9_GC_72,1U,72,HP,1,NA
M19,IO_L10P_T1U_N6_QBC_AD4P_72,1U,72,HP,1,NA
L19,IO_L10N_T1U_N7_QBC_AD4N_72,1U,72,HP,1,NA
M20,IO_L9P_T1L_N4_AD12P_72,1L,72,HP,1,NA
L20,IO_L9N_T1L_N5_AD12N_72,1L,72,HP,1,NA
K23,IO_L8P_T1L_N2_AD5P_72,1L,72,HP,1,NA
J23,IO_L8N_T1L_N3_AD5N_72,1L,72,HP,1,NA
L22,IO_L7P_T1L_N0_QBC_AD13P_72,1L,72,HP,1,NA
K22,IO_L7N_T1L_N1_QBC_AD13N_72,1L,72,HP,1,NA
T22,IO_L6P_T0U_N10_AD6P_72,0U,72,HP,1,NA
R22,IO_L6N_T0U_N11_AD6N_72,0U,72,HP,1,NA
R21,IO_L5P_T0U_N8_AD14P_72,0U,72,HP,1,NA
P21,IO_L5N_T0U_N9_AD14N_72,0U,72,HP,1,NA
N21,IO_L4P_T0U_N6_DBC_AD7P_72,0U,72,HP,1,NA
M21,IO_L4N_T0U_N7_DBC_AD7N_72,0U,72,HP,1,NA
R20,IO_L3P_T0L_N4_AD15P_72,0L,72,HP,1,NA
P20,IO_L3N_T0L_N5_AD15N_72,0L,72,HP,1,NA
N22,IO_L2P_T0L_N2_72,0L,72,HP,1,NA
M22,IO_L2N_T0L_N3_72,0L,72,HP,1,NA
T20,IO_T0U_N12_VRP_72,0U,72,HP,1,NA
P19,IO_L1P_T0L_N0_DBC_72,0L,72,HP,1,NA
N19,IO_L1N_T0L_N1_DBC_72,0L,72,HP,1,NA
T19,VREF_72,NA,72,HP,1,NA
C19,IO_L24P_T3U_N10_73,3U,73,HP,1,NA
B19,IO_L24N_T3U_N11_73,3U,73,HP,1,NA
A19,IO_T3U_N12_73,3U,73,HP,1,NA
D19,IO_L23P_T3U_N8_73,3U,73,HP,1,NA
D18,IO_L23N_T3U_N9_73,3U,73,HP,1,NA
A18,IO_L22P_T3U_N6_DBC_AD0P_73,3U,73,HP,1,NA
A17,IO_L22N_T3U_N7_DBC_AD0N_73,3U,73,HP,1,NA
C18,IO_L21P_T3L_N4_AD8P_73,3L,73,HP,1,NA
C17,IO_L21N_T3L_N5_AD8N_73,3L,73,HP,1,NA
D16,IO_L20P_T3L_N2_AD1P_73,3L,73,HP,1,NA
C16,IO_L20N_T3L_N3_AD1N_73,3L,73,HP,1,NA
B17,IO_L19P_T3L_N0_DBC_AD9P_73,3L,73,HP,1,NA
B16,IO_L19N_T3L_N1_DBC_AD9N_73,3L,73,HP,1,NA
E16,IO_L18P_T2U_N10_AD2P_73,2U,73,HP,1,NA
D15,IO_L18N_T2U_N11_AD2N_73,2U,73,HP,1,NA
G19,IO_L17P_T2U_N8_AD10P_73,2U,73,HP,1,NA
F19,IO_L17N_T2U_N9_AD10N_73,2U,73,HP,1,NA
F15,IO_L16P_T2U_N6_QBC_AD3P_73,2U,73,HP,1,NA
E15,IO_L16N_T2U_N7_QBC_AD3N_73,2U,73,HP,1,NA
E18,IO_L15P_T2L_N4_AD11P_73,2L,73,HP,1,NA
E17,IO_L15N_T2L_N5_AD11N_73,2L,73,HP,1,NA
F18,IO_L14P_T2L_N2_GC_73,2L,73,HP,1,NA
F17,IO_L14N_T2L_N3_GC_73,2L,73,HP,1,NA
G15,IO_T2U_N12_73,2U,73,HP,1,NA
G17,IO_L13P_T2L_N0_GC_QBC_73,2L,73,HP,1,NA
G16,IO_L13N_T2L_N1_GC_QBC_73,2L,73,HP,1,NA
H18,IO_L12P_T1U_N10_GC_73,1U,73,HP,1,NA
H17,IO_L12N_T1U_N11_GC_73,1U,73,HP,1,NA
L18,IO_T1U_N12_73,1U,73,HP,1,NA
J16,IO_L11P_T1U_N8_GC_73,1U,73,HP,1,NA
H16,IO_L11N_T1U_N9_GC_73,1U,73,HP,1,NA
K18,IO_L10P_T1U_N6_QBC_AD4P_73,1U,73,HP,1,NA
J18,IO_L10N_T1U_N7_QBC_AD4N_73,1U,73,HP,1,NA
L17,IO_L9P_T1L_N4_AD12P_73,1L,73,HP,1,NA
K17,IO_L9N_T1L_N5_AD12N_73,1L,73,HP,1,NA
L15,IO_L8P_T1L_N2_AD5P_73,1L,73,HP,1,NA
K15,IO_L8N_T1L_N3_AD5N_73,1L,73,HP,1,NA
K16,IO_L7P_T1L_N0_QBC_AD13P_73,1L,73,HP,1,NA
J15,IO_L7N_T1L_N1_QBC_AD13N_73,1L,73,HP,1,NA
N16,IO_L6P_T0U_N10_AD6P_73,0U,73,HP,1,NA
M15,IO_L6N_T0U_N11_AD6N_73,0U,73,HP,1,NA
N18,IO_L5P_T0U_N8_AD14P_73,0U,73,HP,1,NA
N17,IO_L5N_T0U_N9_AD14N_73,0U,73,HP,1,NA
P16,IO_L4P_T0U_N6_DBC_AD7P_73,0U,73,HP,1,NA
P15,IO_L4N_T0U_N7_DBC_AD7N_73,0U,73,HP,1,NA
M17,IO_L3P_T0L_N4_AD15P_73,0L,73,HP,1,NA
M16,IO_L3N_T0L_N5_AD15N_73,0L,73,HP,1,NA
R18,IO_L2P_T0L_N2_73,0L,73,HP,1,NA
P18,IO_L2N_T0L_N3_73,0L,73,HP,1,NA
T17,IO_T0U_N12_VRP_73,0U,73,HP,1,NA
R17,IO_L1P_T0L_N0_DBC_73,0L,73,HP,1,NA
R16,IO_L1N_T0L_N1_DBC_73,0L,73,HP,1,NA
T18,VREF_73,NA,73,HP,1,NA
AJ23,IO_L24P_T3U_N10_84,3U,84,HR,0,NA
AK23,IO_L24N_T3U_N11_84,3U,84,HR,0,NA
AJ24,IO_T3U_N12_84,3U,84,HR,0,NA
AJ20,IO_L23P_T3U_N8_84,3U,84,HR,0,NA
AK20,IO_L23N_T3U_N9_84,3U,84,HR,0,NA
AK22,IO_L22P_T3U_N6_DBC_AD0P_84,3U,84,HR,0,NA
AK21,IO_L22N_T3U_N7_DBC_AD0N_84,3U,84,HR,0,NA
AL20,IO_L21P_T3L_N4_AD8P_84,3L,84,HR,0,NA
AM20,IO_L21N_T3L_N5_AD8N_84,3L,84,HR,0,NA
AL23,IO_L20P_T3L_N2_AD1P_84,3L,84,HR,0,NA
AL22,IO_L20N_T3L_N3_AD1N_84,3L,84,HR,0,NA
AM22,IO_L19P_T3L_N0_DBC_AD9P_84,3L,84,HR,0,NA
AM21,IO_L19N_T3L_N1_DBC_AD9N_84,3L,84,HR,0,NA
AN23,IO_L18P_T2U_N10_AD2P_84,2U,84,HR,0,NA
AP23,IO_L18N_T2U_N11_AD2N_84,2U,84,HR,0,NA
AN22,IO_L17P_T2U_N8_AD10P_84,2U,84,HR,0,NA
AN21,IO_L17N_T2U_N9_AD10N_84,2U,84,HR,0,NA
AR23,IO_L16P_T2U_N6_QBC_AD3P_84,2U,84,HR,0,NA
AT23,IO_L16N_T2U_N7_QBC_AD3N_84,2U,84,HR,0,NA
AR20,IO_L15P_T2L_N4_AD11P_84,2L,84,HR,0,NA
AT20,IO_L15N_T2L_N5_AD11N_84,2L,84,HR,0,NA
AR22,IO_L14P_T2L_N2_GC_84,2L,84,HR,0,NA
AT22,IO_L14N_T2L_N3_GC_84,2L,84,HR,0,NA
AP20,IO_T2U_N12_84,2U,84,HR,0,NA
AP21,IO_L13P_T2L_N0_GC_QBC_84,2L,84,HR,0,NA
AR21,IO_L13N_T2L_N1_GC_QBC_84,2L,84,HR,0,NA
AJ21,VREF_84,NA,84,HR,0,NA
AU22,IO_L12P_T1U_N10_GC_94,1U,94,HR,0,NA
AU21,IO_L12N_T1U_N11_GC_94,1U,94,HR,0,NA
AW20,IO_T1U_N12_94,1U,94,HR,0,NA
AV23,IO_L11P_T1U_N8_GC_94,1U,94,HR,0,NA
AV22,IO_L11N_T1U_N9_GC_94,1U,94,HR,0,NA
AV21,IO_L10P_T1U_N6_QBC_AD4P_94,1U,94,HR,0,NA
AW21,IO_L10N_T1U_N7_QBC_AD4N_94,1U,94,HR,0,NA
AU24,IO_L9P_T1L_N4_AD12P_94,1L,94,HR,0,NA
AV24,IO_L9N_T1L_N5_AD12N_94,1L,94,HR,0,NA
AY21,IO_L8P_T1L_N2_AD5P_94,1L,94,HR,0,NA
AY20,IO_L8N_T1L_N3_AD5N_94,1L,94,HR,0,NA
AW24,IO_L7P_T1L_N0_QBC_AD13P_94,1L,94,HR,0,NA
AW23,IO_L7N_T1L_N1_QBC_AD13N_94,1L,94,HR,0,NA
BA20,IO_L6P_T0U_N10_AD6P_94,0U,94,HR,0,NA
BB20,IO_L6N_T0U_N11_AD6N_94,0U,94,HR,0,NA
AY23,IO_L5P_T0U_N8_AD14P_94,0U,94,HR,0,NA
AY22,IO_L5N_T0U_N9_AD14N_94,0U,94,HR,0,NA
BC21,IO_L4P_T0U_N6_DBC_AD7P_94,0U,94,HR,0,NA
BD21,IO_L4N_T0U_N7_DBC_AD7N_94,0U,94,HR,0,NA
BB22,IO_L3P_T0L_N4_AD15P_94,0L,94,HR,0,NA
BC22,IO_L3N_T0L_N5_AD15N_94,0L,94,HR,0,NA
BA22,IO_L2P_T0L_N2_94,0L,94,HR,0,NA
BB21,IO_L2N_T0L_N3_94,0L,94,HR,0,NA
BA23,IO_T0U_N12_94,0U,94,HR,0,NA
BC23,IO_L1P_T0L_N0_DBC_94,0L,94,HR,0,NA
BD23,IO_L1N_T0L_N1_DBC_94,0L,94,HR,0,NA
AU20,VREF_94,NA,94,HR,0,NA
AT41,MGTHTXP3_126,NA,126,GTH,0,NA
AR43,MGTHRXP3_126,NA,126,GTH,0,NA
AR44,MGTHRXN3_126,NA,126,GTH,0,NA
AT42,MGTHTXN3_126,NA,126,GTH,0,NA
AL39,MGTREFCLK1P_126,NA,126,GTH,0,NA
AL40,MGTREFCLK1N_126,NA,126,GTH,0,NA
AV41,MGTHTXP2_126,NA,126,GTH,0,NA
AU43,MGTHRXP2_126,NA,126,GTH,0,NA
AU44,MGTHRXN2_126,NA,126,GTH,0,NA
AV42,MGTHTXN2_126,NA,126,GTH,0,NA
AY41,MGTHTXP1_126,NA,126,GTH,0,NA
AW43,MGTHRXP1_126,NA,126,GTH,0,NA
AW44,MGTHRXN1_126,NA,126,GTH,0,NA
AY42,MGTHTXN1_126,NA,126,GTH,0,NA
AN39,MGTREFCLK0P_126,NA,126,GTH,0,NA
AN40,MGTREFCLK0N_126,NA,126,GTH,0,NA
BB41,MGTHTXP0_126,NA,126,GTH,0,NA
BA43,MGTHRXP0_126,NA,126,GTH,0,NA
BA44,MGTHRXN0_126,NA,126,GTH,0,NA
BB42,MGTHTXN0_126,NA,126,GTH,0,NA
AJ39,MGTHTXP3_127,NA,127,GTH,0,NA
AH41,MGTHRXP3_127,NA,127,GTH,0,NA
AH42,MGTHRXN3_127,NA,127,GTH,0,NA
AJ40,MGTHTXN3_127,NA,127,GTH,0,NA
AH37,MGTREFCLK1P_127,NA,127,GTH,0,NA
AH38,MGTREFCLK1N_127,NA,127,GTH,0,NA
AK41,MGTHTXP2_127,NA,127,GTH,0,NA
AJ43,MGTHRXP2_127,NA,127,GTH,0,NA
AJ44,MGTHRXN2_127,NA,127,GTH,0,NA
AK42,MGTHTXN2_127,NA,127,GTH,0,NA
AM41,MGTHTXP1_127,NA,127,GTH,0,NA
AL43,MGTHRXP1_127,NA,127,GTH,0,NA
AL44,MGTHRXN1_127,NA,127,GTH,0,NA
AM42,MGTHTXN1_127,NA,127,GTH,0,NA
AK37,MGTREFCLK0P_127,NA,127,GTH,0,NA
AK38,MGTREFCLK0N_127,NA,127,GTH,0,NA
AP41,MGTHTXP0_127,NA,127,GTH,0,NA
AN43,MGTHRXP0_127,NA,127,GTH,0,NA
AN44,MGTHRXN0_127,NA,127,GTH,0,NA
AP42,MGTHTXN0_127,NA,127,GTH,0,NA
AC39,MGTHTXP3_128,NA,128,GTH,0,NA
AC43,MGTHRXP3_128,NA,128,GTH,0,NA
AC44,MGTHRXN3_128,NA,128,GTH,0,NA
AC40,MGTHTXN3_128,NA,128,GTH,0,NA
AD37,MGTREFCLK1P_128,NA,128,GTH,0,NA
AD38,MGTREFCLK1N_128,NA,128,GTH,0,NA
AD41,MGTHTXP2_128,NA,128,GTH,0,NA
AE43,MGTHRXP2_128,NA,128,GTH,0,NA
AE44,MGTHRXN2_128,NA,128,GTH,0,NA
AD42,MGTHTXN2_128,NA,128,GTH,0,NA
BD42,MGTRREF_LS,NA,NA,NA,NA,NA
BD41,MGTAVTTRCAL_LS,NA,NA,NA,NA,NA
AE39,MGTHTXP1_128,NA,128,GTH,0,NA
AF41,MGTHRXP1_128,NA,128,GTH,0,NA
AF42,MGTHRXN1_128,NA,128,GTH,0,NA
AE40,MGTHTXN1_128,NA,128,GTH,0,NA
AF37,MGTREFCLK0P_128,NA,128,GTH,0,NA
AF38,MGTREFCLK0N_128,NA,128,GTH,0,NA
AG39,MGTHTXP0_128,NA,128,GTH,0,NA
AG43,MGTHRXP0_128,NA,128,GTH,0,NA
AG44,MGTHRXN0_128,NA,128,GTH,0,NA
AG40,MGTHTXN0_128,NA,128,GTH,0,NA
U39,MGTHTXP3_131,NA,131,GTH,1,NA
V41,MGTHRXP3_131,NA,131,GTH,1,NA
V42,MGTHRXN3_131,NA,131,GTH,1,NA
U40,MGTHTXN3_131,NA,131,GTH,1,NA
Y37,MGTREFCLK1P_131,NA,131,GTH,1,NA
Y38,MGTREFCLK1N_131,NA,131,GTH,1,NA
W39,MGTHTXP2_131,NA,131,GTH,1,NA
W43,MGTHRXP2_131,NA,131,GTH,1,NA
W44,MGTHRXN2_131,NA,131,GTH,1,NA
W40,MGTHTXN2_131,NA,131,GTH,1,NA
Y41,MGTHTXP1_131,NA,131,GTH,1,NA
AA43,MGTHRXP1_131,NA,131,GTH,1,NA
AA44,MGTHRXN1_131,NA,131,GTH,1,NA
Y42,MGTHTXN1_131,NA,131,GTH,1,NA
AB37,MGTREFCLK0P_131,NA,131,GTH,1,NA
AB38,MGTREFCLK0N_131,NA,131,GTH,1,NA
AA39,MGTHTXP0_131,NA,131,GTH,1,NA
AB41,MGTHRXP0_131,NA,131,GTH,1,NA
AB42,MGTHRXN0_131,NA,131,GTH,1,NA
AA40,MGTHTXN0_131,NA,131,GTH,1,NA
K41,MGTHTXP3_132,NA,132,GTH,1,NA
L43,MGTHRXP3_132,NA,132,GTH,1,NA
L44,MGTHRXN3_132,NA,132,GTH,1,NA
K42,MGTHTXN3_132,NA,132,GTH,1,NA
T37,MGTREFCLK1P_132,NA,132,GTH,1,NA
T38,MGTREFCLK1N_132,NA,132,GTH,1,NA
M41,MGTHTXP2_132,NA,132,GTH,1,NA
N43,MGTHRXP2_132,NA,132,GTH,1,NA
N44,MGTHRXN2_132,NA,132,GTH,1,NA
M42,MGTHTXN2_132,NA,132,GTH,1,NA
P41,MGTHTXP1_132,NA,132,GTH,1,NA
R43,MGTHRXP1_132,NA,132,GTH,1,NA
R44,MGTHRXN1_132,NA,132,GTH,1,NA
P42,MGTHTXN1_132,NA,132,GTH,1,NA
V37,MGTREFCLK0P_132,NA,132,GTH,1,NA
V38,MGTREFCLK0N_132,NA,132,GTH,1,NA
T41,MGTHTXP0_132,NA,132,GTH,1,NA
U43,MGTHRXP0_132,NA,132,GTH,1,NA
U44,MGTHRXN0_132,NA,132,GTH,1,NA
T42,MGTHTXN0_132,NA,132,GTH,1,NA
B41,MGTHTXP3_133,NA,133,GTH,1,NA
C43,MGTHRXP3_133,NA,133,GTH,1,NA
C44,MGTHRXN3_133,NA,133,GTH,1,NA
B42,MGTHTXN3_133,NA,133,GTH,1,NA
N39,MGTREFCLK1P_133,NA,133,GTH,1,NA
N40,MGTREFCLK1N_133,NA,133,GTH,1,NA
D41,MGTHTXP2_133,NA,133,GTH,1,NA
E43,MGTHRXP2_133,NA,133,GTH,1,NA
E44,MGTHRXN2_133,NA,133,GTH,1,NA
D42,MGTHTXN2_133,NA,133,GTH,1,NA
A40,MGTRREF_LN,NA,NA,NA,NA,NA
A39,MGTAVTTRCAL_LN,NA,NA,NA,NA,NA
F41,MGTHTXP1_133,NA,133,GTH,1,NA
G43,MGTHRXP1_133,NA,133,GTH,1,NA
G44,MGTHRXN1_133,NA,133,GTH,1,NA
F42,MGTHTXN1_133,NA,133,GTH,1,NA
R39,MGTREFCLK0P_133,NA,133,GTH,1,NA
R40,MGTREFCLK0N_133,NA,133,GTH,1,NA
H41,MGTHTXP0_133,NA,133,GTH,1,NA
J43,MGTHRXP0_133,NA,133,GTH,1,NA
J44,MGTHRXN0_133,NA,133,GTH,1,NA
H42,MGTHTXN0_133,NA,133,GTH,1,NA
AV4,MGTHTXP3_224,NA,224,GTH,0,NA
AW2,MGTHRXP3_224,NA,224,GTH,0,NA
AW1,MGTHRXN3_224,NA,224,GTH,0,NA
AV3,MGTHTXN3_224,NA,224,GTH,0,NA
AN6,MGTREFCLK1P_224,NA,224,GTH,0,NA
AN5,MGTREFCLK1N_224,NA,224,GTH,0,NA
AW6,MGTHTXP2_224,NA,224,GTH,0,NA
AY4,MGTHRXP2_224,NA,224,GTH,0,NA
AY3,MGTHRXN2_224,NA,224,GTH,0,NA
AW5,MGTHTXN2_224,NA,224,GTH,0,NA
BA6,MGTHTXP1_224,NA,224,GTH,0,NA
BA2,MGTHRXP1_224,NA,224,GTH,0,NA
BA1,MGTHRXN1_224,NA,224,GTH,0,NA
BA5,MGTHTXN1_224,NA,224,GTH,0,NA
AR6,MGTREFCLK0P_224,NA,224,GTH,0,NA
AR5,MGTREFCLK0N_224,NA,224,GTH,0,NA
BC6,MGTHTXP0_224,NA,224,GTH,0,NA
BB4,MGTHRXP0_224,NA,224,GTH,0,NA
BB3,MGTHRXN0_224,NA,224,GTH,0,NA
BC5,MGTHTXN0_224,NA,224,GTH,0,NA
AM4,MGTHTXP3_225,NA,225,GTH,0,NA
AL2,MGTHRXP3_225,NA,225,GTH,0,NA
AL1,MGTHRXN3_225,NA,225,GTH,0,NA
AM3,MGTHTXN3_225,NA,225,GTH,0,NA
AK8,MGTREFCLK1P_225,NA,225,GTH,0,NA
AK7,MGTREFCLK1N_225,NA,225,GTH,0,NA
AP4,MGTHTXP2_225,NA,225,GTH,0,NA
AN2,MGTHRXP2_225,NA,225,GTH,0,NA
AN1,MGTHRXN2_225,NA,225,GTH,0,NA
AP3,MGTHTXN2_225,NA,225,GTH,0,NA
AT4,MGTHTXP1_225,NA,225,GTH,0,NA
AR2,MGTHRXP1_225,NA,225,GTH,0,NA
AR1,MGTHRXN1_225,NA,225,GTH,0,NA
AT3,MGTHTXN1_225,NA,225,GTH,0,NA
AL6,MGTREFCLK0P_225,NA,225,GTH,0,NA
AL5,MGTREFCLK0N_225,NA,225,GTH,0,NA
AU6,MGTHTXP0_225,NA,225,GTH,0,NA
AU2,MGTHRXP0_225,NA,225,GTH,0,NA
AU1,MGTHRXN0_225,NA,225,GTH,0,NA
AU5,MGTHTXN0_225,NA,225,GTH,0,NA
AE6,MGTHTXP3_226,NA,226,GTH,0,NA
AF4,MGTHRXP3_226,NA,226,GTH,0,NA
AF3,MGTHRXN3_226,NA,226,GTH,0,NA
AE5,MGTHTXN3_226,NA,226,GTH,0,NA
AF8,MGTREFCLK1P_226,NA,226,GTH,0,NA
AF7,MGTREFCLK1N_226,NA,226,GTH,0,NA
AG6,MGTHTXP2_226,NA,226,GTH,0,NA
AG2,MGTHRXP2_226,NA,226,GTH,0,NA
AG1,MGTHRXN2_226,NA,226,GTH,0,NA
AG5,MGTHTXN2_226,NA,226,GTH,0,NA
BD3,MGTRREF_RS,NA,NA,NA,NA,NA
BD4,MGTAVTTRCAL_RS,NA,NA,NA,NA,NA
AH4,MGTHTXP1_226,NA,226,GTH,0,NA
AJ2,MGTHRXP1_226,NA,226,GTH,0,NA
AJ1,MGTHRXN1_226,NA,226,GTH,0,NA
AH3,MGTHTXN1_226,NA,226,GTH,0,NA
AH8,MGTREFCLK0P_226,NA,226,GTH,0,NA
AH7,MGTREFCLK0N_226,NA,226,GTH,0,NA
AJ6,MGTHTXP0_226,NA,226,GTH,0,NA
AK4,MGTHRXP0_226,NA,226,GTH,0,NA
AK3,MGTHRXN0_226,NA,226,GTH,0,NA
AJ5,MGTHTXN0_226,NA,226,GTH,0,NA
Y4,MGTHTXP3_227,NA,227,GTH,0,NA
AA2,MGTHRXP3_227,NA,227,GTH,0,NA
AA1,MGTHRXN3_227,NA,227,GTH,0,NA
Y3,MGTHTXN3_227,NA,227,GTH,0,NA
AB8,MGTREFCLK1P_227,NA,227,GTH,0,NA
AB7,MGTREFCLK1N_227,NA,227,GTH,0,NA
AA6,MGTHTXP2_227,NA,227,GTH,0,NA
AB4,MGTHRXP2_227,NA,227,GTH,0,NA
AB3,MGTHRXN2_227,NA,227,GTH,0,NA
AA5,MGTHTXN2_227,NA,227,GTH,0,NA
AC6,MGTHTXP1_227,NA,227,GTH,0,NA
AC2,MGTHRXP1_227,NA,227,GTH,0,NA
AC1,MGTHRXN1_227,NA,227,GTH,0,NA
AC5,MGTHTXN1_227,NA,227,GTH,0,NA
AD8,MGTREFCLK0P_227,NA,227,GTH,0,NA
AD7,MGTREFCLK0N_227,NA,227,GTH,0,NA
AD4,MGTHTXP0_227,NA,227,GTH,0,NA
AE2,MGTHRXP0_227,NA,227,GTH,0,NA
AE1,MGTHRXN0_227,NA,227,GTH,0,NA
AD3,MGTHTXN0_227,NA,227,GTH,0,NA
P4,MGTHTXP3_231,NA,231,GTH,1,NA
R2,MGTHRXP3_231,NA,231,GTH,1,NA
R1,MGTHRXN3_231,NA,231,GTH,1,NA
P3,MGTHTXN3_231,NA,231,GTH,1,NA
V8,MGTREFCLK1P_231,NA,231,GTH,1,NA
V7,MGTREFCLK1N_231,NA,231,GTH,1,NA
T4,MGTHTXP2_231,NA,231,GTH,1,NA
U2,MGTHRXP2_231,NA,231,GTH,1,NA
U1,MGTHRXN2_231,NA,231,GTH,1,NA
T3,MGTHTXN2_231,NA,231,GTH,1,NA
A5,MGTRREF_RN,NA,NA,NA,NA,NA
A6,MGTAVTTRCAL_RN,NA,NA,NA,NA,NA
U6,MGTHTXP1_231,NA,231,GTH,1,NA
V4,MGTHRXP1_231,NA,231,GTH,1,NA
V3,MGTHRXN1_231,NA,231,GTH,1,NA
U5,MGTHTXN1_231,NA,231,GTH,1,NA
Y8,MGTREFCLK0P_231,NA,231,GTH,1,NA
Y7,MGTREFCLK0N_231,NA,231,GTH,1,NA
W6,MGTHTXP0_231,NA,231,GTH,1,NA
W2,MGTHRXP0_231,NA,231,GTH,1,NA
W1,MGTHRXN0_231,NA,231,GTH,1,NA
W5,MGTHTXN0_231,NA,231,GTH,1,NA
H4,MGTHTXP3_232,NA,232,GTH,1,NA
G2,MGTHRXP3_232,NA,232,GTH,1,NA
G1,MGTHRXN3_232,NA,232,GTH,1,NA
H3,MGTHTXN3_232,NA,232,GTH,1,NA
R6,MGTREFCLK1P_232,NA,232,GTH,1,NA
R5,MGTREFCLK1N_232,NA,232,GTH,1,NA
J6,MGTHTXP2_232,NA,232,GTH,1,NA
J2,MGTHRXP2_232,NA,232,GTH,1,NA
J1,MGTHRXN2_232,NA,232,GTH,1,NA
J5,MGTHTXN2_232,NA,232,GTH,1,NA
K4,MGTHTXP1_232,NA,232,GTH,1,NA
L2,MGTHRXP1_232,NA,232,GTH,1,NA
L1,MGTHRXN1_232,NA,232,GTH,1,NA
K3,MGTHTXN1_232,NA,232,GTH,1,NA
T8,MGTREFCLK0P_232,NA,232,GTH,1,NA
T7,MGTREFCLK0N_232,NA,232,GTH,1,NA
M4,MGTHTXP0_232,NA,232,GTH,1,NA
N2,MGTHRXP0_232,NA,232,GTH,1,NA
N1,MGTHRXN0_232,NA,232,GTH,1,NA
M3,MGTHTXN0_232,NA,232,GTH,1,NA
C6,MGTHTXP3_233,NA,233,GTH,1,NA
B4,MGTHRXP3_233,NA,233,GTH,1,NA
B3,MGTHRXN3_233,NA,233,GTH,1,NA
C5,MGTHTXN3_233,NA,233,GTH,1,NA
L6,MGTREFCLK1P_233,NA,233,GTH,1,NA
L5,MGTREFCLK1N_233,NA,233,GTH,1,NA
D4,MGTHTXP2_233,NA,233,GTH,1,NA
C2,MGTHRXP2_233,NA,233,GTH,1,NA
C1,MGTHRXN2_233,NA,233,GTH,1,NA
D3,MGTHTXN2_233,NA,233,GTH,1,NA
E6,MGTHTXP1_233,NA,233,GTH,1,NA
E2,MGTHRXP1_233,NA,233,GTH,1,NA
E1,MGTHRXN1_233,NA,233,GTH,1,NA
E5,MGTHTXN1_233,NA,233,GTH,1,NA
N6,MGTREFCLK0P_233,NA,233,GTH,1,NA
N5,MGTREFCLK0N_233,NA,233,GTH,1,NA
G6,MGTHTXP0_233,NA,233,GTH,1,NA
F4,MGTHRXP0_233,NA,233,GTH,1,NA
F3,MGTHRXN0_233,NA,233,GTH,1,NA
G5,MGTHTXN0_233,NA,233,GTH,1,NA
AA41,MGTAVCC_LN,NA,NA,NA,NA,NA
AB39,MGTAVCC_LN,NA,NA,NA,NA,NA
E41,MGTAVCC_LN,NA,NA,NA,NA,NA
J41,MGTAVCC_LN,NA,NA,NA,NA,NA
N41,MGTAVCC_LN,NA,NA,NA,NA,NA
P39,MGTAVCC_LN,NA,NA,NA,NA,NA
T39,MGTAVCC_LN,NA,NA,NA,NA,NA
U37,MGTAVCC_LN,NA,NA,NA,NA,NA
U41,MGTAVCC_LN,NA,NA,NA,NA,NA
V39,MGTAVCC_LN,NA,NA,NA,NA,NA
Y39,MGTAVCC_LN,NA,NA,NA,NA,NA
AC37,MGTAVCC_LS,NA,NA,NA,NA,NA
AC41,MGTAVCC_LS,NA,NA,NA,NA,NA
AD39,MGTAVCC_LS,NA,NA,NA,NA,NA
AF39,MGTAVCC_LS,NA,NA,NA,NA,NA
AG41,MGTAVCC_LS,NA,NA,NA,NA,NA
AH39,MGTAVCC_LS,NA,NA,NA,NA,NA
AJ37,MGTAVCC_LS,NA,NA,NA,NA,NA
AK39,MGTAVCC_LS,NA,NA,NA,NA,NA
AL41,MGTAVCC_LS,NA,NA,NA,NA,NA
AM39,MGTAVCC_LS,NA,NA,NA,NA,NA
AR41,MGTAVCC_LS,NA,NA,NA,NA,NA
AW41,MGTAVCC_LS,NA,NA,NA,NA,NA
AA8,MGTAVCC_RN,NA,NA,NA,NA,NA
B6,MGTAVCC_RN,NA,NA,NA,NA,NA
D6,MGTAVCC_RN,NA,NA,NA,NA,NA
E4,MGTAVCC_RN,NA,NA,NA,NA,NA
F6,MGTAVCC_RN,NA,NA,NA,NA,NA
H6,MGTAVCC_RN,NA,NA,NA,NA,NA
K6,MGTAVCC_RN,NA,NA,NA,NA,NA
M6,MGTAVCC_RN,NA,NA,NA,NA,NA
P6,MGTAVCC_RN,NA,NA,NA,NA,NA
T6,MGTAVCC_RN,NA,NA,NA,NA,NA
V6,MGTAVCC_RN,NA,NA,NA,NA,NA
Y6,MGTAVCC_RN,NA,NA,NA,NA,NA
AB6,MGTAVCC_RS,NA,NA,NA,NA,NA
AC7,MGTAVCC_RS,NA,NA,NA,NA,NA
AD6,MGTAVCC_RS,NA,NA,NA,NA,NA
AF6,MGTAVCC_RS,NA,NA,NA,NA,NA
AH6,MGTAVCC_RS,NA,NA,NA,NA,NA
AJ8,MGTAVCC_RS,NA,NA,NA,NA,NA
AK6,MGTAVCC_RS,NA,NA,NA,NA,NA
AM6,MGTAVCC_RS,NA,NA,NA,NA,NA
AP6,MGTAVCC_RS,NA,NA,NA,NA,NA
AT6,MGTAVCC_RS,NA,NA,NA,NA,NA
AV6,MGTAVCC_RS,NA,NA,NA,NA,NA
AY6,MGTAVCC_RS,NA,NA,NA,NA,NA
BA4,MGTAVCC_RS,NA,NA,NA,NA,NA
BB6,MGTAVCC_RS,NA,NA,NA,NA,NA
BD6,MGTAVCC_RS,NA,NA,NA,NA,NA
AB43,MGTAVTT_LN,NA,NA,NA,NA,NA
C41,MGTAVTT_LN,NA,NA,NA,NA,NA
D43,MGTAVTT_LN,NA,NA,NA,NA,NA
F43,MGTAVTT_LN,NA,NA,NA,NA,NA
G41,MGTAVTT_LN,NA,NA,NA,NA,NA
H43,MGTAVTT_LN,NA,NA,NA,NA,NA
K43,MGTAVTT_LN,NA,NA,NA,NA,NA
L41,MGTAVTT_LN,NA,NA,NA,NA,NA
M43,MGTAVTT_LN,NA,NA,NA,NA,NA
P43,MGTAVTT_LN,NA,NA,NA,NA,NA
R41,MGTAVTT_LN,NA,NA,NA,NA,NA
T43,MGTAVTT_LN,NA,NA,NA,NA,NA
V43,MGTAVTT_LN,NA,NA,NA,NA,NA
W41,MGTAVTT_LN,NA,NA,NA,NA,NA
Y43,MGTAVTT_LN,NA,NA,NA,NA,NA
AD43,MGTAVTT_LS,NA,NA,NA,NA,NA
AE41,MGTAVTT_LS,NA,NA,NA,NA,NA
AF43,MGTAVTT_LS,NA,NA,NA,NA,NA
AH43,MGTAVTT_LS,NA,NA,NA,NA,NA
AJ41,MGTAVTT_LS,NA,NA,NA,NA,NA
AK43,MGTAVTT_LS,NA,NA,NA,NA,NA
AM43,MGTAVTT_LS,NA,NA,NA,NA,NA
AN41,MGTAVTT_LS,NA,NA,NA,NA,NA
AP43,MGTAVTT_LS,NA,NA,NA,NA,NA
AT43,MGTAVTT_LS,NA,NA,NA,NA,NA
AU41,MGTAVTT_LS,NA,NA,NA,NA,NA
AV43,MGTAVTT_LS,NA,NA,NA,NA,NA
AY43,MGTAVTT_LS,NA,NA,NA,NA,NA
BA41,MGTAVTT_LS,NA,NA,NA,NA,NA
BB43,MGTAVTT_LS,NA,NA,NA,NA,NA
BC41,MGTAVTT_LS,NA,NA,NA,NA,NA
C4,MGTAVTT_RN,NA,NA,NA,NA,NA
D2,MGTAVTT_RN,NA,NA,NA,NA,NA
F2,MGTAVTT_RN,NA,NA,NA,NA,NA
G4,MGTAVTT_RN,NA,NA,NA,NA,NA
H2,MGTAVTT_RN,NA,NA,NA,NA,NA
J4,MGTAVTT_RN,NA,NA,NA,NA,NA
K2,MGTAVTT_RN,NA,NA,NA,NA,NA
L4,MGTAVTT_RN,NA,NA,NA,NA,NA
M2,MGTAVTT_RN,NA,NA,NA,NA,NA
N4,MGTAVTT_RN,NA,NA,NA,NA,NA
P2,MGTAVTT_RN,NA,NA,NA,NA,NA
R4,MGTAVTT_RN,NA,NA,NA,NA,NA
T2,MGTAVTT_RN,NA,NA,NA,NA,NA
U4,MGTAVTT_RN,NA,NA,NA,NA,NA
V2,MGTAVTT_RN,NA,NA,NA,NA,NA
W4,MGTAVTT_RN,NA,NA,NA,NA,NA
AA4,MGTAVTT_RS,NA,NA,NA,NA,NA
AB2,MGTAVTT_RS,NA,NA,NA,NA,NA
AC4,MGTAVTT_RS,NA,NA,NA,NA,NA
AD2,MGTAVTT_RS,NA,NA,NA,NA,NA
AE4,MGTAVTT_RS,NA,NA,NA,NA,NA
AF2,MGTAVTT_RS,NA,NA,NA,NA,NA
AG4,MGTAVTT_RS,NA,NA,NA,NA,NA
AH2,MGTAVTT_RS,NA,NA,NA,NA,NA
AJ4,MGTAVTT_RS,NA,NA,NA,NA,NA
AK2,MGTAVTT_RS,NA,NA,NA,NA,NA
AL4,MGTAVTT_RS,NA,NA,NA,NA,NA
AM2,MGTAVTT_RS,NA,NA,NA,NA,NA
AN4,MGTAVTT_RS,NA,NA,NA,NA,NA
AP2,MGTAVTT_RS,NA,NA,NA,NA,NA
AR4,MGTAVTT_RS,NA,NA,NA,NA,NA
AT2,MGTAVTT_RS,NA,NA,NA,NA,NA
AU4,MGTAVTT_RS,NA,NA,NA,NA,NA
AV2,MGTAVTT_RS,NA,NA,NA,NA,NA
AW4,MGTAVTT_RS,NA,NA,NA,NA,NA
AY2,MGTAVTT_RS,NA,NA,NA,NA,NA
BB2,MGTAVTT_RS,NA,NA,NA,NA,NA
BC4,MGTAVTT_RS,NA,NA,NA,NA,NA
Y2,MGTAVTT_RS,NA,NA,NA,NA,NA
AA37,MGTVCCAUX_LN,NA,NA,NA,NA,NA
W37,MGTVCCAUX_LN,NA,NA,NA,NA,NA
AE37,MGTVCCAUX_LS,NA,NA,NA,NA,NA
AG37,MGTVCCAUX_LS,NA,NA,NA,NA,NA
U8,MGTVCCAUX_RN,NA,NA,NA,NA,NA
W7,MGTVCCAUX_RN,NA,NA,NA,NA,NA
AE8,MGTVCCAUX_RS,NA,NA,NA,NA,NA
AG7,MGTVCCAUX_RS,NA,NA,NA,NA,NA
A3,GND,NA,NA,NA,NA,NA
A4,GND,NA,NA,NA,NA,NA
A7,GND,NA,NA,NA,NA,NA
A11,GND,NA,NA,NA,NA,NA
A21,GND,NA,NA,NA,NA,NA
A31,GND,NA,NA,NA,NA,NA
A38,GND,NA,NA,NA,NA,NA
A41,GND,NA,NA,NA,NA,NA
A42,GND,NA,NA,NA,NA,NA
AA3,GND,NA,NA,NA,NA,NA
AA7,GND,NA,NA,NA,NA,NA
AA9,GND,NA,NA,NA,NA,NA
AA11,GND,NA,NA,NA,NA,NA
AA13,GND,NA,NA,NA,NA,NA
AA15,GND,NA,NA,NA,NA,NA
AA17,GND,NA,NA,NA,NA,NA
AA19,GND,NA,NA,NA,NA,NA
AA21,GND,NA,NA,NA,NA,NA
AA23,GND,NA,NA,NA,NA,NA
AA25,GND,NA,NA,NA,NA,NA
AA27,GND,NA,NA,NA,NA,NA
AA29,GND,NA,NA,NA,NA,NA
AA31,GND,NA,NA,NA,NA,NA
AA33,GND,NA,NA,NA,NA,NA
AA36,GND,NA,NA,NA,NA,NA
AA38,GND,NA,NA,NA,NA,NA
AA42,GND,NA,NA,NA,NA,NA
AB1,GND,NA,NA,NA,NA,NA
AB5,GND,NA,NA,NA,NA,NA
AB14,GND,NA,NA,NA,NA,NA
AB18,GND,NA,NA,NA,NA,NA
AB20,GND,NA,NA,NA,NA,NA
AB22,GND,NA,NA,NA,NA,NA
AB24,GND,NA,NA,NA,NA,NA
AB26,GND,NA,NA,NA,NA,NA
AB28,GND,NA,NA,NA,NA,NA
AB30,GND,NA,NA,NA,NA,NA
AB32,GND,NA,NA,NA,NA,NA
AB34,GND,NA,NA,NA,NA,NA
AB36,GND,NA,NA,NA,NA,NA
AB40,GND,NA,NA,NA,NA,NA
AB44,GND,NA,NA,NA,NA,NA
AC3,GND,NA,NA,NA,NA,NA
AC8,GND,NA,NA,NA,NA,NA
AC11,GND,NA,NA,NA,NA,NA
AC13,GND,NA,NA,NA,NA,NA
AC15,GND,NA,NA,NA,NA,NA
AC19,GND,NA,NA,NA,NA,NA
AC21,GND,NA,NA,NA,NA,NA
AC23,GND,NA,NA,NA,NA,NA
AC25,GND,NA,NA,NA,NA,NA
AC27,GND,NA,NA,NA,NA,NA
AC29,GND,NA,NA,NA,NA,NA
AC31,GND,NA,NA,NA,NA,NA
AC33,GND,NA,NA,NA,NA,NA
AC36,GND,NA,NA,NA,NA,NA
AC38,GND,NA,NA,NA,NA,NA
AC42,GND,NA,NA,NA,NA,NA
AD1,GND,NA,NA,NA,NA,NA
AD5,GND,NA,NA,NA,NA,NA
AD14,GND,NA,NA,NA,NA,NA
AD18,GND,NA,NA,NA,NA,NA
AD20,GND,NA,NA,NA,NA,NA
AD22,GND,NA,NA,NA,NA,NA
AD24,GND,NA,NA,NA,NA,NA
AD26,GND,NA,NA,NA,NA,NA
AD28,GND,NA,NA,NA,NA,NA
AD30,GND,NA,NA,NA,NA,NA
AD32,GND,NA,NA,NA,NA,NA
AD36,GND,NA,NA,NA,NA,NA
AD40,GND,NA,NA,NA,NA,NA
AD44,GND,NA,NA,NA,NA,NA
AE3,GND,NA,NA,NA,NA,NA
AE7,GND,NA,NA,NA,NA,NA
AE9,GND,NA,NA,NA,NA,NA
AE11,GND,NA,NA,NA,NA,NA
AE13,GND,NA,NA,NA,NA,NA
AE15,GND,NA,NA,NA,NA,NA
AE19,GND,NA,NA,NA,NA,NA
AE21,GND,NA,NA,NA,NA,NA
AE23,GND,NA,NA,NA,NA,NA
AE25,GND,NA,NA,NA,NA,NA
AE27,GND,NA,NA,NA,NA,NA
AE29,GND,NA,NA,NA,NA,NA
AE36,GND,NA,NA,NA,NA,NA
AE38,GND,NA,NA,NA,NA,NA
AE42,GND,NA,NA,NA,NA,NA
AF1,GND,NA,NA,NA,NA,NA
AF5,GND,NA,NA,NA,NA,NA
AF14,GND,NA,NA,NA,NA,NA
AF16,GND,NA,NA,NA,NA,NA
AF18,GND,NA,NA,NA,NA,NA
AF20,GND,NA,NA,NA,NA,NA
AF22,GND,NA,NA,NA,NA,NA
AF24,GND,NA,NA,NA,NA,NA
AF26,GND,NA,NA,NA,NA,NA
AF28,GND,NA,NA,NA,NA,NA
AF36,GND,NA,NA,NA,NA,NA
AF40,GND,NA,NA,NA,NA,NA
AF44,GND,NA,NA,NA,NA,NA
AG3,GND,NA,NA,NA,NA,NA
AG8,GND,NA,NA,NA,NA,NA
AG13,GND,NA,NA,NA,NA,NA
AG15,GND,NA,NA,NA,NA,NA
AG17,GND,NA,NA,NA,NA,NA
AG19,GND,NA,NA,NA,NA,NA
AG21,GND,NA,NA,NA,NA,NA
AG23,GND,NA,NA,NA,NA,NA
AG25,GND,NA,NA,NA,NA,NA
AG27,GND,NA,NA,NA,NA,NA
AG33,GND,NA,NA,NA,NA,NA
AG36,GND,NA,NA,NA,NA,NA
AG38,GND,NA,NA,NA,NA,NA
AG42,GND,NA,NA,NA,NA,NA
AH1,GND,NA,NA,NA,NA,NA
AH5,GND,NA,NA,NA,NA,NA
AH10,GND,NA,NA,NA,NA,NA
AH16,GND,NA,NA,NA,NA,NA
AH18,GND,NA,NA,NA,NA,NA
AH20,GND,NA,NA,NA,NA,NA
AH22,GND,NA,NA,NA,NA,NA
AH24,GND,NA,NA,NA,NA,NA
AH26,GND,NA,NA,NA,NA,NA
AH30,GND,NA,NA,NA,NA,NA
AH36,GND,NA,NA,NA,NA,NA
AH40,GND,NA,NA,NA,NA,NA
AH44,GND,NA,NA,NA,NA,NA
AJ3,GND,NA,NA,NA,NA,NA
AJ7,GND,NA,NA,NA,NA,NA
AJ17,GND,NA,NA,NA,NA,NA
AJ27,GND,NA,NA,NA,NA,NA
AJ36,GND,NA,NA,NA,NA,NA
AJ38,GND,NA,NA,NA,NA,NA
AJ42,GND,NA,NA,NA,NA,NA
AK1,GND,NA,NA,NA,NA,NA
AK5,GND,NA,NA,NA,NA,NA
AK14,GND,NA,NA,NA,NA,NA
AK24,GND,NA,NA,NA,NA,NA
AK34,GND,NA,NA,NA,NA,NA
AK36,GND,NA,NA,NA,NA,NA
AK40,GND,NA,NA,NA,NA,NA
AK44,GND,NA,NA,NA,NA,NA
AL3,GND,NA,NA,NA,NA,NA
AL7,GND,NA,NA,NA,NA,NA
AL9,GND,NA,NA,NA,NA,NA
AL11,GND,NA,NA,NA,NA,NA
AL21,GND,NA,NA,NA,NA,NA
AL31,GND,NA,NA,NA,NA,NA
AL36,GND,NA,NA,NA,NA,NA
AL37,GND,NA,NA,NA,NA,NA
AL38,GND,NA,NA,NA,NA,NA
AL42,GND,NA,NA,NA,NA,NA
AM1,GND,NA,NA,NA,NA,NA
AM5,GND,NA,NA,NA,NA,NA
AM7,GND,NA,NA,NA,NA,NA
AM8,GND,NA,NA,NA,NA,NA
AM18,GND,NA,NA,NA,NA,NA
AM28,GND,NA,NA,NA,NA,NA
AM38,GND,NA,NA,NA,NA,NA
AM40,GND,NA,NA,NA,NA,NA
AM44,GND,NA,NA,NA,NA,NA
AN3,GND,NA,NA,NA,NA,NA
AN7,GND,NA,NA,NA,NA,NA
AN15,GND,NA,NA,NA,NA,NA
AN25,GND,NA,NA,NA,NA,NA
AN35,GND,NA,NA,NA,NA,NA
AN38,GND,NA,NA,NA,NA,NA
AN42,GND,NA,NA,NA,NA,NA
AP1,GND,NA,NA,NA,NA,NA
AP5,GND,NA,NA,NA,NA,NA
AP7,GND,NA,NA,NA,NA,NA
AP12,GND,NA,NA,NA,NA,NA
AP22,GND,NA,NA,NA,NA,NA
AP32,GND,NA,NA,NA,NA,NA
AP38,GND,NA,NA,NA,NA,NA
AP39,GND,NA,NA,NA,NA,NA
AP40,GND,NA,NA,NA,NA,NA
AP44,GND,NA,NA,NA,NA,NA
AR3,GND,NA,NA,NA,NA,NA
AR7,GND,NA,NA,NA,NA,NA
AR9,GND,NA,NA,NA,NA,NA
AR19,GND,NA,NA,NA,NA,NA
AR29,GND,NA,NA,NA,NA,NA
AR40,GND,NA,NA,NA,NA,NA
AR42,GND,NA,NA,NA,NA,NA
AT1,GND,NA,NA,NA,NA,NA
AT5,GND,NA,NA,NA,NA,NA
AT16,GND,NA,NA,NA,NA,NA
AT26,GND,NA,NA,NA,NA,NA
AT36,GND,NA,NA,NA,NA,NA
AT40,GND,NA,NA,NA,NA,NA
AT44,GND,NA,NA,NA,NA,NA
AU3,GND,NA,NA,NA,NA,NA
AU7,GND,NA,NA,NA,NA,NA
AU13,GND,NA,NA,NA,NA,NA
AU23,GND,NA,NA,NA,NA,NA
AU33,GND,NA,NA,NA,NA,NA
AU40,GND,NA,NA,NA,NA,NA
AU42,GND,NA,NA,NA,NA,NA
AV1,GND,NA,NA,NA,NA,NA
AV5,GND,NA,NA,NA,NA,NA
AV10,GND,NA,NA,NA,NA,NA
AV20,GND,NA,NA,NA,NA,NA
AV30,GND,NA,NA,NA,NA,NA
AV40,GND,NA,NA,NA,NA,NA
AV44,GND,NA,NA,NA,NA,NA
AW3,GND,NA,NA,NA,NA,NA
AW7,GND,NA,NA,NA,NA,NA
AW17,GND,NA,NA,NA,NA,NA
AW27,GND,NA,NA,NA,NA,NA
AW37,GND,NA,NA,NA,NA,NA
AW40,GND,NA,NA,NA,NA,NA
AW42,GND,NA,NA,NA,NA,NA
AY1,GND,NA,NA,NA,NA,NA
AY5,GND,NA,NA,NA,NA,NA
AY14,GND,NA,NA,NA,NA,NA
AY24,GND,NA,NA,NA,NA,NA
AY34,GND,NA,NA,NA,NA,NA
AY40,GND,NA,NA,NA,NA,NA
AY44,GND,NA,NA,NA,NA,NA
B2,GND,NA,NA,NA,NA,NA
B5,GND,NA,NA,NA,NA,NA
B7,GND,NA,NA,NA,NA,NA
B8,GND,NA,NA,NA,NA,NA
B18,GND,NA,NA,NA,NA,NA
B28,GND,NA,NA,NA,NA,NA
B38,GND,NA,NA,NA,NA,NA
B39,GND,NA,NA,NA,NA,NA
B40,GND,NA,NA,NA,NA,NA
B43,GND,NA,NA,NA,NA,NA
BA3,GND,NA,NA,NA,NA,NA
BA7,GND,NA,NA,NA,NA,NA
BA11,GND,NA,NA,NA,NA,NA
BA21,GND,NA,NA,NA,NA,NA
BA31,GND,NA,NA,NA,NA,NA
BA40,GND,NA,NA,NA,NA,NA
BA42,GND,NA,NA,NA,NA,NA
BB1,GND,NA,NA,NA,NA,NA
BB5,GND,NA,NA,NA,NA,NA
BB8,GND,NA,NA,NA,NA,NA
BB18,GND,NA,NA,NA,NA,NA
BB28,GND,NA,NA,NA,NA,NA
BB38,GND,NA,NA,NA,NA,NA
BB40,GND,NA,NA,NA,NA,NA
BB44,GND,NA,NA,NA,NA,NA
BC2,GND,NA,NA,NA,NA,NA
BC3,GND,NA,NA,NA,NA,NA
BC7,GND,NA,NA,NA,NA,NA
BC15,GND,NA,NA,NA,NA,NA
BC25,GND,NA,NA,NA,NA,NA
BC35,GND,NA,NA,NA,NA,NA
BC40,GND,NA,NA,NA,NA,NA
BC42,GND,NA,NA,NA,NA,NA
BC43,GND,NA,NA,NA,NA,NA
BD5,GND,NA,NA,NA,NA,NA
BD7,GND,NA,NA,NA,NA,NA
BD12,GND,NA,NA,NA,NA,NA
BD22,GND,NA,NA,NA,NA,NA
BD32,GND,NA,NA,NA,NA,NA
BD40,GND,NA,NA,NA,NA,NA
C3,GND,NA,NA,NA,NA,NA
C7,GND,NA,NA,NA,NA,NA
C15,GND,NA,NA,NA,NA,NA
C25,GND,NA,NA,NA,NA,NA
C35,GND,NA,NA,NA,NA,NA
C40,GND,NA,NA,NA,NA,NA
C42,GND,NA,NA,NA,NA,NA
D1,GND,NA,NA,NA,NA,NA
D5,GND,NA,NA,NA,NA,NA
D7,GND,NA,NA,NA,NA,NA
D12,GND,NA,NA,NA,NA,NA
D22,GND,NA,NA,NA,NA,NA
D32,GND,NA,NA,NA,NA,NA
D40,GND,NA,NA,NA,NA,NA
D44,GND,NA,NA,NA,NA,NA
E3,GND,NA,NA,NA,NA,NA
E7,GND,NA,NA,NA,NA,NA
E9,GND,NA,NA,NA,NA,NA
E19,GND,NA,NA,NA,NA,NA
E29,GND,NA,NA,NA,NA,NA
E39,GND,NA,NA,NA,NA,NA
E40,GND,NA,NA,NA,NA,NA
E42,GND,NA,NA,NA,NA,NA
F1,GND,NA,NA,NA,NA,NA
F5,GND,NA,NA,NA,NA,NA
F7,GND,NA,NA,NA,NA,NA
F16,GND,NA,NA,NA,NA,NA
F26,GND,NA,NA,NA,NA,NA
F36,GND,NA,NA,NA,NA,NA
F40,GND,NA,NA,NA,NA,NA
F44,GND,NA,NA,NA,NA,NA
G3,GND,NA,NA,NA,NA,NA
G7,GND,NA,NA,NA,NA,NA
G13,GND,NA,NA,NA,NA,NA
G23,GND,NA,NA,NA,NA,NA
G33,GND,NA,NA,NA,NA,NA
G40,GND,NA,NA,NA,NA,NA
G42,GND,NA,NA,NA,NA,NA
H1,GND,NA,NA,NA,NA,NA
H5,GND,NA,NA,NA,NA,NA
H7,GND,NA,NA,NA,NA,NA
H10,GND,NA,NA,NA,NA,NA
H20,GND,NA,NA,NA,NA,NA
H30,GND,NA,NA,NA,NA,NA
H40,GND,NA,NA,NA,NA,NA
H44,GND,NA,NA,NA,NA,NA
J3,GND,NA,NA,NA,NA,NA
J7,GND,NA,NA,NA,NA,NA
J17,GND,NA,NA,NA,NA,NA
J27,GND,NA,NA,NA,NA,NA
J37,GND,NA,NA,NA,NA,NA
J40,GND,NA,NA,NA,NA,NA
J42,GND,NA,NA,NA,NA,NA
K1,GND,NA,NA,NA,NA,NA
K5,GND,NA,NA,NA,NA,NA
K7,GND,NA,NA,NA,NA,NA
K14,GND,NA,NA,NA,NA,NA
K24,GND,NA,NA,NA,NA,NA
K34,GND,NA,NA,NA,NA,NA
K40,GND,NA,NA,NA,NA,NA
K44,GND,NA,NA,NA,NA,NA
L3,GND,NA,NA,NA,NA,NA
L7,GND,NA,NA,NA,NA,NA
L11,GND,NA,NA,NA,NA,NA
L21,GND,NA,NA,NA,NA,NA
L31,GND,NA,NA,NA,NA,NA
L40,GND,NA,NA,NA,NA,NA
L42,GND,NA,NA,NA,NA,NA
M1,GND,NA,NA,NA,NA,NA
M5,GND,NA,NA,NA,NA,NA
M7,GND,NA,NA,NA,NA,NA
M8,GND,NA,NA,NA,NA,NA
M18,GND,NA,NA,NA,NA,NA
M28,GND,NA,NA,NA,NA,NA
M38,GND,NA,NA,NA,NA,NA
M39,GND,NA,NA,NA,NA,NA
M40,GND,NA,NA,NA,NA,NA
M44,GND,NA,NA,NA,NA,NA
N3,GND,NA,NA,NA,NA,NA
N7,GND,NA,NA,NA,NA,NA
N15,GND,NA,NA,NA,NA,NA
N25,GND,NA,NA,NA,NA,NA
N35,GND,NA,NA,NA,NA,NA
N38,GND,NA,NA,NA,NA,NA
N42,GND,NA,NA,NA,NA,NA
P1,GND,NA,NA,NA,NA,NA
P5,GND,NA,NA,NA,NA,NA
P7,GND,NA,NA,NA,NA,NA
P12,GND,NA,NA,NA,NA,NA
P22,GND,NA,NA,NA,NA,NA
P32,GND,NA,NA,NA,NA,NA
P38,GND,NA,NA,NA,NA,NA
P40,GND,NA,NA,NA,NA,NA
P44,GND,NA,NA,NA,NA,NA
R3,GND,NA,NA,NA,NA,NA
R7,GND,NA,NA,NA,NA,NA
R9,GND,NA,NA,NA,NA,NA
R19,GND,NA,NA,NA,NA,NA
R29,GND,NA,NA,NA,NA,NA
R36,GND,NA,NA,NA,NA,NA
R37,GND,NA,NA,NA,NA,NA
R38,GND,NA,NA,NA,NA,NA
R42,GND,NA,NA,NA,NA,NA
T1,GND,NA,NA,NA,NA,NA
T5,GND,NA,NA,NA,NA,NA
T16,GND,NA,NA,NA,NA,NA
T26,GND,NA,NA,NA,NA,NA
T36,GND,NA,NA,NA,NA,NA
T40,GND,NA,NA,NA,NA,NA
T44,GND,NA,NA,NA,NA,NA
U3,GND,NA,NA,NA,NA,NA
U7,GND,NA,NA,NA,NA,NA
U13,GND,NA,NA,NA,NA,NA
U17,GND,NA,NA,NA,NA,NA
U19,GND,NA,NA,NA,NA,NA
U21,GND,NA,NA,NA,NA,NA
U23,GND,NA,NA,NA,NA,NA
U25,GND,NA,NA,NA,NA,NA
U27,GND,NA,NA,NA,NA,NA
U33,GND,NA,NA,NA,NA,NA
U36,GND,NA,NA,NA,NA,NA
U38,GND,NA,NA,NA,NA,NA
U42,GND,NA,NA,NA,NA,NA
V1,GND,NA,NA,NA,NA,NA
V5,GND,NA,NA,NA,NA,NA
V10,GND,NA,NA,NA,NA,NA
V16,GND,NA,NA,NA,NA,NA
V18,GND,NA,NA,NA,NA,NA
V20,GND,NA,NA,NA,NA,NA
V22,GND,NA,NA,NA,NA,NA
V24,GND,NA,NA,NA,NA,NA
V26,GND,NA,NA,NA,NA,NA
V28,GND,NA,NA,NA,NA,NA
V30,GND,NA,NA,NA,NA,NA
V36,GND,NA,NA,NA,NA,NA
V40,GND,NA,NA,NA,NA,NA
V44,GND,NA,NA,NA,NA,NA
W3,GND,NA,NA,NA,NA,NA
W8,GND,NA,NA,NA,NA,NA
W15,GND,NA,NA,NA,NA,NA
W17,GND,NA,NA,NA,NA,NA
W19,GND,NA,NA,NA,NA,NA
W21,GND,NA,NA,NA,NA,NA
W23,GND,NA,NA,NA,NA,NA
W25,GND,NA,NA,NA,NA,NA
W27,GND,NA,NA,NA,NA,NA
W29,GND,NA,NA,NA,NA,NA
W36,GND,NA,NA,NA,NA,NA
W38,GND,NA,NA,NA,NA,NA
W42,GND,NA,NA,NA,NA,NA
Y1,GND,NA,NA,NA,NA,NA
Y5,GND,NA,NA,NA,NA,NA
Y14,GND,NA,NA,NA,NA,NA
Y16,GND,NA,NA,NA,NA,NA
Y18,GND,NA,NA,NA,NA,NA
Y20,GND,NA,NA,NA,NA,NA
Y22,GND,NA,NA,NA,NA,NA
Y24,GND,NA,NA,NA,NA,NA
Y26,GND,NA,NA,NA,NA,NA
Y28,GND,NA,NA,NA,NA,NA
Y30,GND,NA,NA,NA,NA,NA
Y32,GND,NA,NA,NA,NA,NA
Y34,GND,NA,NA,NA,NA,NA
Y36,GND,NA,NA,NA,NA,NA
Y40,GND,NA,NA,NA,NA,NA
Y44,GND,NA,NA,NA,NA,NA
AT7,GND,NA,NA,NA,NA,NA
AV7,GND,NA,NA,NA,NA,NA
AY7,GND,NA,NA,NA,NA,NA
BB7,GND,NA,NA,NA,NA,NA
AB13,VCCINT,NA,NA,NA,NA,NA
AD13,VCCINT,NA,NA,NA,NA,NA
Y13,VCCINT,NA,NA,NA,NA,NA
AA14,VCCINT,NA,NA,NA,NA,NA
AA16,VCCINT,NA,NA,NA,NA,NA
AA18,VCCINT,NA,NA,NA,NA,NA
AA20,VCCINT,NA,NA,NA,NA,NA
AA22,VCCINT,NA,NA,NA,NA,NA
AA24,VCCINT,NA,NA,NA,NA,NA
AA26,VCCINT,NA,NA,NA,NA,NA
AB15,VCCINT,NA,NA,NA,NA,NA
AB19,VCCINT,NA,NA,NA,NA,NA
AB21,VCCINT,NA,NA,NA,NA,NA
AB23,VCCINT,NA,NA,NA,NA,NA
AB25,VCCINT,NA,NA,NA,NA,NA
AC14,VCCINT,NA,NA,NA,NA,NA
AC18,VCCINT,NA,NA,NA,NA,NA
AC20,VCCINT,NA,NA,NA,NA,NA
AC22,VCCINT,NA,NA,NA,NA,NA
AC24,VCCINT,NA,NA,NA,NA,NA
AC26,VCCINT,NA,NA,NA,NA,NA
AD15,VCCINT,NA,NA,NA,NA,NA
AD19,VCCINT,NA,NA,NA,NA,NA
AD21,VCCINT,NA,NA,NA,NA,NA
AD23,VCCINT,NA,NA,NA,NA,NA
AD25,VCCINT,NA,NA,NA,NA,NA
AE14,VCCINT,NA,NA,NA,NA,NA
AE18,VCCINT,NA,NA,NA,NA,NA
AE20,VCCINT,NA,NA,NA,NA,NA
AE22,VCCINT,NA,NA,NA,NA,NA
AE24,VCCINT,NA,NA,NA,NA,NA
AF13,VCCINT,NA,NA,NA,NA,NA
AF15,VCCINT,NA,NA,NA,NA,NA
AF17,VCCINT,NA,NA,NA,NA,NA
AF19,VCCINT,NA,NA,NA,NA,NA
AF21,VCCINT,NA,NA,NA,NA,NA
AF23,VCCINT,NA,NA,NA,NA,NA
AF25,VCCINT,NA,NA,NA,NA,NA
AG14,VCCINT,NA,NA,NA,NA,NA
AG16,VCCINT,NA,NA,NA,NA,NA
AG18,VCCINT,NA,NA,NA,NA,NA
AG20,VCCINT,NA,NA,NA,NA,NA
AG22,VCCINT,NA,NA,NA,NA,NA
AG24,VCCINT,NA,NA,NA,NA,NA
AH15,VCCINT,NA,NA,NA,NA,NA
AH17,VCCINT,NA,NA,NA,NA,NA
AH19,VCCINT,NA,NA,NA,NA,NA
AH21,VCCINT,NA,NA,NA,NA,NA
AH23,VCCINT,NA,NA,NA,NA,NA
AH25,VCCINT,NA,NA,NA,NA,NA
U16,VCCINT,NA,NA,NA,NA,NA
U18,VCCINT,NA,NA,NA,NA,NA
U20,VCCINT,NA,NA,NA,NA,NA
U22,VCCINT,NA,NA,NA,NA,NA
U24,VCCINT,NA,NA,NA,NA,NA
U26,VCCINT,NA,NA,NA,NA,NA
V15,VCCINT,NA,NA,NA,NA,NA
V17,VCCINT,NA,NA,NA,NA,NA
V19,VCCINT,NA,NA,NA,NA,NA
V21,VCCINT,NA,NA,NA,NA,NA
V23,VCCINT,NA,NA,NA,NA,NA
V25,VCCINT,NA,NA,NA,NA,NA
W14,VCCINT,NA,NA,NA,NA,NA
W16,VCCINT,NA,NA,NA,NA,NA
W18,VCCINT,NA,NA,NA,NA,NA
W20,VCCINT,NA,NA,NA,NA,NA
W22,VCCINT,NA,NA,NA,NA,NA
W24,VCCINT,NA,NA,NA,NA,NA
W26,VCCINT,NA,NA,NA,NA,NA
Y15,VCCINT,NA,NA,NA,NA,NA
Y17,VCCINT,NA,NA,NA,NA,NA
Y19,VCCINT,NA,NA,NA,NA,NA
Y21,VCCINT,NA,NA,NA,NA,NA
Y23,VCCINT,NA,NA,NA,NA,NA
Y25,VCCINT,NA,NA,NA,NA,NA
AB27,VCCINT_IO,NA,NA,NA,NA,NA
AD27,VCCINT_IO,NA,NA,NA,NA,NA
AE26,VCCINT_IO,NA,NA,NA,NA,NA
AF27,VCCINT_IO,NA,NA,NA,NA,NA
AG26,VCCINT_IO,NA,NA,NA,NA,NA
AH27,VCCINT_IO,NA,NA,NA,NA,NA
V27,VCCINT_IO,NA,NA,NA,NA,NA
Y27,VCCINT_IO,NA,NA,NA,NA,NA
U28,VCCINT_IO,NA,NA,NA,NA,NA
AA32,VCCAUX,NA,NA,NA,NA,NA
AA34,VCCAUX,NA,NA,NA,NA,NA
AB33,VCCAUX,NA,NA,NA,NA,NA
AB35,VCCAUX,NA,NA,NA,NA,NA
AC32,VCCAUX,NA,NA,NA,NA,NA
AC34,VCCAUX,NA,NA,NA,NA,NA
AD33,VCCAUX,NA,NA,NA,NA,NA
Y33,VCCAUX,NA,NA,NA,NA,NA
AA28,VCCAUX_IO,NA,NA,NA,NA,NA
AC28,VCCAUX_IO,NA,NA,NA,NA,NA
AE28,VCCAUX_IO,NA,NA,NA,NA,NA
AF29,VCCAUX_IO,NA,NA,NA,NA,NA
AG28,VCCAUX_IO,NA,NA,NA,NA,NA
V29,VCCAUX_IO,NA,NA,NA,NA,NA
W28,VCCAUX_IO,NA,NA,NA,NA,NA
Y29,VCCAUX_IO,NA,NA,NA,NA,NA
AA30,VCCAUX_IO,NA,NA,NA,NA,NA
AB29,VCCAUX_IO,NA,NA,NA,NA,NA
AB31,VCCAUX_IO,NA,NA,NA,NA,NA
AC30,VCCAUX_IO,NA,NA,NA,NA,NA
AD29,VCCAUX_IO,NA,NA,NA,NA,NA
AD31,VCCAUX_IO,NA,NA,NA,NA,NA
AE30,VCCAUX_IO,NA,NA,NA,NA,NA
W30,VCCAUX_IO,NA,NA,NA,NA,NA
Y31,VCCAUX_IO,NA,NA,NA,NA,NA
AA10,VCCO_0,NA,0,NA,NA,NA
AE10,VCCO_0,NA,0,NA,NA,NA
AN30,VCCO_44,NA,44,NA,NA,NA
AT31,VCCO_44,NA,44,NA,NA,NA
AU28,VCCO_44,NA,44,NA,NA,NA
AW32,VCCO_44,NA,44,NA,NA,NA
AY29,VCCO_44,NA,44,NA,NA,NA
BC30,VCCO_44,NA,44,NA,NA,NA
AL26,VCCO_45,NA,45,NA,NA,NA
AP27,VCCO_45,NA,45,NA,NA,NA
AR24,VCCO_45,NA,45,NA,NA,NA
AV25,VCCO_45,NA,45,NA,NA,NA
BA26,VCCO_45,NA,45,NA,NA,NA
BD27,VCCO_45,NA,45,NA,NA,NA
AR34,VCCO_46,NA,46,NA,NA,NA
AU38,VCCO_46,NA,46,NA,NA,NA
AV35,VCCO_46,NA,46,NA,NA,NA
AY39,VCCO_46,NA,46,NA,NA,NA
BA36,VCCO_46,NA,46,NA,NA,NA
BB33,VCCO_46,NA,46,NA,NA,NA
BD37,VCCO_46,NA,46,NA,NA,NA
AE34,VCCO_47,NA,47,NA,NA,NA
AF31,VCCO_47,NA,47,NA,NA,NA
AH35,VCCO_47,NA,47,NA,NA,NA
AJ32,VCCO_47,NA,47,NA,NA,NA
AK29,VCCO_47,NA,47,NA,NA,NA
AM33,VCCO_47,NA,47,NA,NA,NA
AP37,VCCO_47,NA,47,NA,NA,NA
L36,VCCO_50,NA,50,NA,NA,NA
M33,VCCO_50,NA,50,NA,NA,NA
P37,VCCO_50,NA,50,NA,NA,NA
R34,VCCO_50,NA,50,NA,NA,NA
T31,VCCO_50,NA,50,NA,NA,NA
V35,VCCO_50,NA,50,NA,NA,NA
W32,VCCO_50,NA,50,NA,NA,NA
A36,VCCO_51,NA,51,NA,NA,NA
B33,VCCO_51,NA,51,NA,NA,NA
D37,VCCO_51,NA,51,NA,NA,NA
E34,VCCO_51,NA,51,NA,NA,NA
G38,VCCO_51,NA,51,NA,NA,NA
H35,VCCO_51,NA,51,NA,NA,NA
K39,VCCO_51,NA,51,NA,NA,NA
C30,VCCO_52,NA,52,NA,NA,NA
F31,VCCO_52,NA,52,NA,NA,NA
G28,VCCO_52,NA,52,NA,NA,NA
J32,VCCO_52,NA,52,NA,NA,NA
K29,VCCO_52,NA,52,NA,NA,NA
N30,VCCO_52,NA,52,NA,NA,NA
P27,VCCO_52,NA,52,NA,NA,NA
A26,VCCO_53,NA,53,NA,NA,NA
D27,VCCO_53,NA,53,NA,NA,NA
E24,VCCO_53,NA,53,NA,NA,NA
H25,VCCO_53,NA,53,NA,NA,NA
L26,VCCO_53,NA,53,NA,NA,NA
M23,VCCO_53,NA,53,NA,NA,NA
R24,VCCO_53,NA,53,NA,NA,NA
AK19,VCCO_65,NA,65,NA,NA,NA
AL16,VCCO_65,NA,65,NA,NA,NA
AP17,VCCO_65,NA,65,NA,NA,NA
AU18,VCCO_65,NA,65,NA,NA,NA
BA16,VCCO_65,NA,65,NA,NA,NA
BD17,VCCO_65,NA,65,NA,NA,NA
AU8,VCCO_66,NA,66,NA,NA,NA
AV15,VCCO_66,NA,66,NA,NA,NA
AW12,VCCO_66,NA,66,NA,NA,NA
AY9,VCCO_66,NA,66,NA,NA,NA
BB13,VCCO_66,NA,66,NA,NA,NA
BC10,VCCO_66,NA,66,NA,NA,NA
AF11,VCCO_67,NA,67,NA,NA,NA
AJ12,VCCO_67,NA,67,NA,NA,NA
AM13,VCCO_67,NA,67,NA,NA,NA
AN10,VCCO_67,NA,67,NA,NA,NA
AR14,VCCO_67,NA,67,NA,NA,NA
AT11,VCCO_67,NA,67,NA,NA,NA
K9,VCCO_70,NA,70,NA,NA,NA
M13,VCCO_70,NA,70,NA,NA,NA
N10,VCCO_70,NA,70,NA,NA,NA
R14,VCCO_70,NA,70,NA,NA,NA
T11,VCCO_70,NA,70,NA,NA,NA
W12,VCCO_70,NA,70,NA,NA,NA
B13,VCCO_71,NA,71,NA,NA,NA
C10,VCCO_71,NA,71,NA,NA,NA
E14,VCCO_71,NA,71,NA,NA,NA
F11,VCCO_71,NA,71,NA,NA,NA
G8,VCCO_71,NA,71,NA,NA,NA
J12,VCCO_71,NA,71,NA,NA,NA
B23,VCCO_72,NA,72,NA,NA,NA
C20,VCCO_72,NA,72,NA,NA,NA
F21,VCCO_72,NA,72,NA,NA,NA
J22,VCCO_72,NA,72,NA,NA,NA
K19,VCCO_72,NA,72,NA,NA,NA
N20,VCCO_72,NA,72,NA,NA,NA
T21,VCCO_72,NA,72,NA,NA,NA
A16,VCCO_73,NA,73,NA,NA,NA
D17,VCCO_73,NA,73,NA,NA,NA
G18,VCCO_73,NA,73,NA,NA,NA
H15,VCCO_73,NA,73,NA,NA,NA
L16,VCCO_73,NA,73,NA,NA,NA
P17,VCCO_73,NA,73,NA,NA,NA
AJ22,VCCO_84,NA,84,NA,NA,NA
AM23,VCCO_84,NA,84,NA,NA,NA
AN20,VCCO_84,NA,84,NA,NA,NA
AT21,VCCO_84,NA,84,NA,NA,NA
AW22,VCCO_94,NA,94,NA,NA,NA
AY19,VCCO_94,NA,94,NA,NA,NA
BB23,VCCO_94,NA,94,NA,NA,NA
BC20,VCCO_94,NA,94,NA,NA,NA
AA12,VCCBRAM,NA,NA,NA,NA,NA
AB11,VCCBRAM,NA,NA,NA,NA,NA
AC12,VCCBRAM,NA,NA,NA,NA,NA
AD11,VCCBRAM,NA,NA,NA,NA,NA
AE12,VCCBRAM,NA,NA,NA,NA,NA
AB17,VCCADC,NA,NA,NA,NA,NA
AB16,GNDADC,NA,NA,NA,NA,NA
,,,,,,
Total Number of Pins, 1924,,,,,,
